telemetry_id,entity_id,asset_id,timestamp,source_type,event_count,expected_event_count,status
E002-T000001,E002,E002-AS001,2026-08-18 00:00:00,DATABASE,1013,1110,ACTIVE
E002-T000002,E002,E002-AS002,2026-08-18 00:00:00,EDR,1103,1122,ACTIVE
E002-T000003,E002,E002-AS003,2026-08-18 00:00:00,EDR,820,832,ACTIVE
E002-T000004,E002,E002-AS004,2026-08-18 00:00:00,EDR,1181,1056,ACTIVE
E002-T000005,E002,E002-AS005,2026-08-18 00:00:00,EDR,900,881,ACTIVE
E002-T000006,E002,E002-AS006,2026-08-18 00:00:00,EDR,1050,1024,ACTIVE
E002-T000007,E002,E002-AS007,2026-08-18 00:00:00,EDR,1293,1174,ACTIVE
E002-T000008,E002,E002-AS008,2026-08-18 00:00:00,EDR,836,824,ACTIVE
E002-T000009,E002,E002-AS009,2026-08-18 00:00:00,EDR,841,820,ACTIVE
E002-T000010,E002,E002-AS010,2026-08-18 00:00:00,EDR,654,643,ACTIVE
E002-T000011,E002,E002-AS011,2026-08-18 00:00:00,EDR,734,704,ACTIVE
E002-T000012,E002,E002-AS012,2026-08-18 00:00:00,EMAIL_SECURITY,803,858,ACTIVE
E002-T000013,E002,E002-AS013,2026-08-18 00:00:00,IAM,1082,1076,ACTIVE
E002-T000014,E002,E002-AS014,2026-08-18 00:00:00,IAM,762,749,ACTIVE
E002-T000015,E002,E002-AS015,2026-08-18 00:00:00,FIREWALL,790,723,ACTIVE
E002-T000016,E002,E002-AS016,2026-08-18 00:00:00,FIREWALL,819,866,ACTIVE
E002-T000017,E002,E002-AS017,2026-08-18 00:00:00,FIREWALL,606,671,ACTIVE
E002-T000018,E002,E002-AS018,2026-08-18 00:00:00,IDS,609,607,ACTIVE
E002-T000019,E002,E002-AS019,2026-08-18 00:00:00,SIEM,1192,1167,ACTIVE
E002-T000020,E002,E002-AS020,2026-08-18 00:00:00,IAM,596,612,ACTIVE
E002-T000021,E002,E002-AS021,2026-08-18 00:00:00,EDR,609,648,ACTIVE
E002-T000022,E002,E002-AS022,2026-08-18 00:00:00,EDR,525,533,ACTIVE
E002-T000023,E002,E002-AS023,2026-08-18 00:00:00,EDR,395,430,ACTIVE
E002-T000024,E002,E002-AS024,2026-08-18 00:00:00,EDR,701,680,ACTIVE
E002-T000025,E002,E002-AS025,2026-08-18 00:00:00,EDR,951,942,ACTIVE
E002-T000026,E002,E002-AS026,2026-08-18 00:00:00,EDR,795,798,ACTIVE
E002-T000027,E002,E002-AS027,2026-08-18 00:00:00,EDR,1060,1111,ACTIVE
E002-T000028,E002,E002-AS028,2026-08-18 00:00:00,EDR,720,796,ACTIVE
E002-T000029,E002,E002-AS029,2026-08-18 00:00:00,IDS,723,724,ACTIVE
E002-T000030,E002,E002-AS030,2026-08-18 00:00:00,FIREWALL,566,555,ACTIVE
E002-T000031,E002,E002-AS031,2026-08-18 00:00:00,FIREWALL,583,596,ACTIVE
E002-T000032,E002,E002-AS032,2026-08-18 00:00:00,SIEM,739,815,ACTIVE
E002-T000033,E002,E002-AS001,2026-08-18 01:00:00,DATABASE,1140,1110,ACTIVE
E002-T000034,E002,E002-AS002,2026-08-18 01:00:00,EDR,1188,1122,ACTIVE
E002-T000035,E002,E002-AS003,2026-08-18 01:00:00,EDR,854,832,ACTIVE
E002-T000036,E002,E002-AS004,2026-08-18 01:00:00,EDR,1005,1056,ACTIVE
E002-T000037,E002,E002-AS005,2026-08-18 01:00:00,EDR,858,881,ACTIVE
E002-T000038,E002,E002-AS006,2026-08-18 01:00:00,EDR,953,1024,ACTIVE
E002-T000039,E002,E002-AS007,2026-08-18 01:00:00,EDR,1124,1174,ACTIVE
E002-T000040,E002,E002-AS008,2026-08-18 01:00:00,EDR,719,824,ACTIVE
E002-T000041,E002,E002-AS009,2026-08-18 01:00:00,EDR,849,820,ACTIVE
E002-T000042,E002,E002-AS010,2026-08-18 01:00:00,EDR,659,643,ACTIVE
E002-T000043,E002,E002-AS011,2026-08-18 01:00:00,EDR,664,704,ACTIVE
E002-T000044,E002,E002-AS012,2026-08-18 01:00:00,EMAIL_SECURITY,876,858,ACTIVE
E002-T000045,E002,E002-AS013,2026-08-18 01:00:00,IAM,1066,1076,ACTIVE
E002-T000046,E002,E002-AS014,2026-08-18 01:00:00,IAM,786,749,ACTIVE
E002-T000047,E002,E002-AS015,2026-08-18 01:00:00,FIREWALL,688,723,ACTIVE
E002-T000048,E002,E002-AS016,2026-08-18 01:00:00,FIREWALL,912,866,ACTIVE
E002-T000049,E002,E002-AS017,2026-08-18 01:00:00,FIREWALL,677,671,ACTIVE
E002-T000050,E002,E002-AS018,2026-08-18 01:00:00,IDS,693,607,ACTIVE
E002-T000051,E002,E002-AS019,2026-08-18 01:00:00,SIEM,1126,1167,ACTIVE
E002-T000052,E002,E002-AS020,2026-08-18 01:00:00,IAM,637,612,ACTIVE
E002-T000053,E002,E002-AS021,2026-08-18 01:00:00,EDR,618,648,ACTIVE
E002-T000054,E002,E002-AS022,2026-08-18 01:00:00,EDR,512,533,ACTIVE
E002-T000055,E002,E002-AS023,2026-08-18 01:00:00,EDR,421,430,ACTIVE
E002-T000056,E002,E002-AS024,2026-08-18 01:00:00,EDR,716,680,ACTIVE
E002-T000057,E002,E002-AS025,2026-08-18 01:00:00,EDR,981,942,ACTIVE
E002-T000058,E002,E002-AS026,2026-08-18 01:00:00,EDR,804,798,ACTIVE
E002-T000059,E002,E002-AS027,2026-08-18 01:00:00,EDR,1107,1111,ACTIVE
E002-T000060,E002,E002-AS028,2026-08-18 01:00:00,EDR,755,796,ACTIVE
E002-T000061,E002,E002-AS029,2026-08-18 01:00:00,IDS,745,724,ACTIVE
E002-T000062,E002,E002-AS030,2026-08-18 01:00:00,FIREWALL,549,555,ACTIVE
E002-T000063,E002,E002-AS031,2026-08-18 01:00:00,FIREWALL,572,596,ACTIVE
E002-T000064,E002,E002-AS032,2026-08-18 01:00:00,SIEM,811,815,ACTIVE
E002-T000065,E002,E002-AS001,2026-08-18 02:00:00,DATABASE,1235,1110,ACTIVE
E002-T000066,E002,E002-AS002,2026-08-18 02:00:00,EDR,1202,1122,ACTIVE
E002-T000067,E002,E002-AS003,2026-08-18 02:00:00,EDR,844,832,ACTIVE
E002-T000068,E002,E002-AS004,2026-08-18 02:00:00,EDR,1106,1056,ACTIVE
E002-T000069,E002,E002-AS005,2026-08-18 02:00:00,EDR,936,881,ACTIVE
E002-T000070,E002,E002-AS006,2026-08-18 02:00:00,EDR,949,1024,ACTIVE
E002-T000071,E002,E002-AS007,2026-08-18 02:00:00,EDR,1280,1174,ACTIVE
E002-T000072,E002,E002-AS008,2026-08-18 02:00:00,EDR,854,824,ACTIVE
E002-T000073,E002,E002-AS009,2026-08-18 02:00:00,EDR,812,820,ACTIVE
E002-T000074,E002,E002-AS010,2026-08-18 02:00:00,EDR,650,643,ACTIVE
E002-T000075,E002,E002-AS011,2026-08-18 02:00:00,EDR,721,704,ACTIVE
E002-T000076,E002,E002-AS012,2026-08-18 02:00:00,EMAIL_SECURITY,856,858,ACTIVE
E002-T000077,E002,E002-AS013,2026-08-18 02:00:00,IAM,1162,1076,ACTIVE
E002-T000078,E002,E002-AS014,2026-08-18 02:00:00,IAM,779,749,ACTIVE
E002-T000079,E002,E002-AS015,2026-08-18 02:00:00,FIREWALL,711,723,ACTIVE
E002-T000080,E002,E002-AS016,2026-08-18 02:00:00,FIREWALL,753,866,ACTIVE
E002-T000081,E002,E002-AS017,2026-08-18 02:00:00,FIREWALL,728,671,ACTIVE
E002-T000082,E002,E002-AS018,2026-08-18 02:00:00,IDS,601,607,ACTIVE
E002-T000083,E002,E002-AS019,2026-08-18 02:00:00,SIEM,968,1167,ACTIVE
E002-T000084,E002,E002-AS020,2026-08-18 02:00:00,IAM,588,612,ACTIVE
E002-T000085,E002,E002-AS021,2026-08-18 02:00:00,EDR,686,648,ACTIVE
E002-T000086,E002,E002-AS022,2026-08-18 02:00:00,EDR,519,533,ACTIVE
E002-T000087,E002,E002-AS023,2026-08-18 02:00:00,EDR,416,430,ACTIVE
E002-T000088,E002,E002-AS024,2026-08-18 02:00:00,EDR,703,680,ACTIVE
E002-T000089,E002,E002-AS025,2026-08-18 02:00:00,EDR,955,942,ACTIVE
E002-T000090,E002,E002-AS026,2026-08-18 02:00:00,EDR,776,798,ACTIVE
E002-T000091,E002,E002-AS027,2026-08-18 02:00:00,EDR,1177,1111,ACTIVE
E002-T000092,E002,E002-AS028,2026-08-18 02:00:00,EDR,890,796,ACTIVE
E002-T000093,E002,E002-AS029,2026-08-18 02:00:00,IDS,724,724,ACTIVE
E002-T000094,E002,E002-AS030,2026-08-18 02:00:00,FIREWALL,605,555,ACTIVE
E002-T000095,E002,E002-AS031,2026-08-18 02:00:00,FIREWALL,642,596,ACTIVE
E002-T000096,E002,E002-AS032,2026-08-18 02:00:00,SIEM,827,815,ACTIVE
E002-T000097,E002,E002-AS001,2026-08-18 03:00:00,DATABASE,1048,1110,ACTIVE
E002-T000098,E002,E002-AS002,2026-08-18 03:00:00,EDR,1126,1122,ACTIVE
E002-T000099,E002,E002-AS003,2026-08-18 03:00:00,EDR,839,832,ACTIVE
E002-T000100,E002,E002-AS004,2026-08-18 03:00:00,EDR,1038,1056,ACTIVE
E002-T000101,E002,E002-AS005,2026-08-18 03:00:00,EDR,845,881,ACTIVE
E002-T000102,E002,E002-AS006,2026-08-18 03:00:00,EDR,962,1024,ACTIVE
E002-T000103,E002,E002-AS007,2026-08-18 03:00:00,EDR,1131,1174,ACTIVE
E002-T000104,E002,E002-AS008,2026-08-18 03:00:00,EDR,781,824,ACTIVE
E002-T000105,E002,E002-AS009,2026-08-18 03:00:00,EDR,715,820,ACTIVE
E002-T000106,E002,E002-AS010,2026-08-18 03:00:00,EDR,593,643,ACTIVE
E002-T000107,E002,E002-AS011,2026-08-18 03:00:00,EDR,728,704,ACTIVE
E002-T000108,E002,E002-AS012,2026-08-18 03:00:00,EMAIL_SECURITY,845,858,ACTIVE
E002-T000109,E002,E002-AS013,2026-08-18 03:00:00,IAM,1144,1076,ACTIVE
E002-T000110,E002,E002-AS014,2026-08-18 03:00:00,IAM,718,749,ACTIVE
E002-T000111,E002,E002-AS015,2026-08-18 03:00:00,FIREWALL,690,723,ACTIVE
E002-T000112,E002,E002-AS016,2026-08-18 03:00:00,FIREWALL,873,866,ACTIVE
E002-T000113,E002,E002-AS017,2026-08-18 03:00:00,FIREWALL,685,671,ACTIVE
E002-T000114,E002,E002-AS018,2026-08-18 03:00:00,IDS,588,607,ACTIVE
E002-T000115,E002,E002-AS019,2026-08-18 03:00:00,SIEM,1262,1167,ACTIVE
E002-T000116,E002,E002-AS020,2026-08-18 03:00:00,IAM,550,612,ACTIVE
E002-T000117,E002,E002-AS021,2026-08-18 03:00:00,EDR,626,648,ACTIVE
E002-T000118,E002,E002-AS022,2026-08-18 03:00:00,EDR,509,533,ACTIVE
E002-T000119,E002,E002-AS023,2026-08-18 03:00:00,EDR,453,430,ACTIVE
E002-T000120,E002,E002-AS024,2026-08-18 03:00:00,EDR,734,680,ACTIVE
E002-T000121,E002,E002-AS025,2026-08-18 03:00:00,EDR,991,942,ACTIVE
E002-T000122,E002,E002-AS026,2026-08-18 03:00:00,EDR,769,798,ACTIVE
E002-T000123,E002,E002-AS027,2026-08-18 03:00:00,EDR,1126,1111,ACTIVE
E002-T000124,E002,E002-AS028,2026-08-18 03:00:00,EDR,775,796,ACTIVE
E002-T000125,E002,E002-AS029,2026-08-18 03:00:00,IDS,711,724,ACTIVE
E002-T000126,E002,E002-AS030,2026-08-18 03:00:00,FIREWALL,599,555,ACTIVE
E002-T000127,E002,E002-AS031,2026-08-18 03:00:00,FIREWALL,589,596,ACTIVE
E002-T000128,E002,E002-AS032,2026-08-18 03:00:00,SIEM,853,815,ACTIVE
E002-T000129,E002,E002-AS001,2026-08-18 04:00:00,DATABASE,1136,1110,ACTIVE
E002-T000130,E002,E002-AS002,2026-08-18 04:00:00,EDR,1094,1122,ACTIVE
E002-T000131,E002,E002-AS003,2026-08-18 04:00:00,EDR,765,832,ACTIVE
E002-T000132,E002,E002-AS004,2026-08-18 04:00:00,EDR,1100,1056,ACTIVE
E002-T000133,E002,E002-AS005,2026-08-18 04:00:00,EDR,864,881,ACTIVE
E002-T000134,E002,E002-AS006,2026-08-18 04:00:00,EDR,1039,1024,ACTIVE
E002-T000135,E002,E002-AS007,2026-08-18 04:00:00,EDR,1127,1174,ACTIVE
E002-T000136,E002,E002-AS008,2026-08-18 04:00:00,EDR,875,824,ACTIVE
E002-T000137,E002,E002-AS009,2026-08-18 04:00:00,EDR,825,820,ACTIVE
E002-T000138,E002,E002-AS010,2026-08-18 04:00:00,EDR,665,643,ACTIVE
E002-T000139,E002,E002-AS011,2026-08-18 04:00:00,EDR,610,704,ACTIVE
E002-T000140,E002,E002-AS012,2026-08-18 04:00:00,EMAIL_SECURITY,888,858,ACTIVE
E002-T000141,E002,E002-AS013,2026-08-18 04:00:00,IAM,1114,1076,ACTIVE
E002-T000142,E002,E002-AS014,2026-08-18 04:00:00,IAM,698,749,ACTIVE
E002-T000143,E002,E002-AS015,2026-08-18 04:00:00,FIREWALL,682,723,ACTIVE
E002-T000144,E002,E002-AS016,2026-08-18 04:00:00,FIREWALL,935,866,ACTIVE
E002-T000145,E002,E002-AS017,2026-08-18 04:00:00,FIREWALL,704,671,ACTIVE
E002-T000146,E002,E002-AS018,2026-08-18 04:00:00,IDS,613,607,ACTIVE
E002-T000147,E002,E002-AS019,2026-08-18 04:00:00,SIEM,1235,1167,ACTIVE
E002-T000148,E002,E002-AS020,2026-08-18 04:00:00,IAM,557,612,ACTIVE
E002-T000149,E002,E002-AS021,2026-08-18 04:00:00,EDR,670,648,ACTIVE
E002-T000150,E002,E002-AS022,2026-08-18 04:00:00,EDR,482,533,ACTIVE
E002-T000151,E002,E002-AS023,2026-08-18 04:00:00,EDR,364,430,ACTIVE
E002-T000152,E002,E002-AS024,2026-08-18 04:00:00,EDR,678,680,ACTIVE
E002-T000153,E002,E002-AS025,2026-08-18 04:00:00,EDR,970,942,ACTIVE
E002-T000154,E002,E002-AS026,2026-08-18 04:00:00,EDR,793,798,ACTIVE
E002-T000155,E002,E002-AS027,2026-08-18 04:00:00,EDR,1103,1111,ACTIVE
E002-T000156,E002,E002-AS028,2026-08-18 04:00:00,EDR,758,796,ACTIVE
E002-T000157,E002,E002-AS029,2026-08-18 04:00:00,IDS,761,724,ACTIVE
E002-T000158,E002,E002-AS030,2026-08-18 04:00:00,FIREWALL,584,555,ACTIVE
E002-T000159,E002,E002-AS031,2026-08-18 04:00:00,FIREWALL,562,596,ACTIVE
E002-T000160,E002,E002-AS032,2026-08-18 04:00:00,SIEM,698,815,ACTIVE
E002-T000161,E002,E002-AS001,2026-08-18 05:00:00,DATABASE,1179,1110,ACTIVE
E002-T000162,E002,E002-AS002,2026-08-18 05:00:00,EDR,1115,1122,ACTIVE
E002-T000163,E002,E002-AS003,2026-08-18 05:00:00,EDR,832,832,ACTIVE
E002-T000164,E002,E002-AS004,2026-08-18 05:00:00,EDR,1146,1056,ACTIVE
E002-T000165,E002,E002-AS005,2026-08-18 05:00:00,EDR,934,881,ACTIVE
E002-T000166,E002,E002-AS006,2026-08-18 05:00:00,EDR,1091,1024,ACTIVE
E002-T000167,E002,E002-AS007,2026-08-18 05:00:00,EDR,1133,1174,ACTIVE
E002-T000168,E002,E002-AS008,2026-08-18 05:00:00,EDR,786,824,ACTIVE
E002-T000169,E002,E002-AS009,2026-08-18 05:00:00,EDR,792,820,ACTIVE
E002-T000170,E002,E002-AS010,2026-08-18 05:00:00,EDR,663,643,ACTIVE
E002-T000171,E002,E002-AS011,2026-08-18 05:00:00,EDR,710,704,ACTIVE
E002-T000172,E002,E002-AS012,2026-08-18 05:00:00,EMAIL_SECURITY,789,858,ACTIVE
E002-T000173,E002,E002-AS013,2026-08-18 05:00:00,IAM,1126,1076,ACTIVE
E002-T000174,E002,E002-AS014,2026-08-18 05:00:00,IAM,735,749,ACTIVE
E002-T000175,E002,E002-AS015,2026-08-18 05:00:00,FIREWALL,705,723,ACTIVE
E002-T000176,E002,E002-AS016,2026-08-18 05:00:00,FIREWALL,883,866,ACTIVE
E002-T000177,E002,E002-AS017,2026-08-18 05:00:00,FIREWALL,701,671,ACTIVE
E002-T000178,E002,E002-AS018,2026-08-18 05:00:00,IDS,632,607,ACTIVE
E002-T000179,E002,E002-AS019,2026-08-18 05:00:00,SIEM,1176,1167,ACTIVE
E002-T000180,E002,E002-AS020,2026-08-18 05:00:00,IAM,614,612,ACTIVE
E002-T000181,E002,E002-AS021,2026-08-18 05:00:00,EDR,717,648,ACTIVE
E002-T000182,E002,E002-AS022,2026-08-18 05:00:00,EDR,539,533,ACTIVE
E002-T000183,E002,E002-AS023,2026-08-18 05:00:00,EDR,390,430,ACTIVE
E002-T000184,E002,E002-AS024,2026-08-18 05:00:00,EDR,731,680,ACTIVE
E002-T000185,E002,E002-AS025,2026-08-18 05:00:00,EDR,937,942,ACTIVE
E002-T000186,E002,E002-AS026,2026-08-18 05:00:00,EDR,859,798,ACTIVE
E002-T000187,E002,E002-AS027,2026-08-18 05:00:00,EDR,1077,1111,ACTIVE
E002-T000188,E002,E002-AS028,2026-08-18 05:00:00,EDR,877,796,ACTIVE
E002-T000189,E002,E002-AS029,2026-08-18 05:00:00,IDS,731,724,ACTIVE
E002-T000190,E002,E002-AS030,2026-08-18 05:00:00,FIREWALL,604,555,ACTIVE
E002-T000191,E002,E002-AS031,2026-08-18 05:00:00,FIREWALL,594,596,ACTIVE
E002-T000192,E002,E002-AS032,2026-08-18 05:00:00,SIEM,801,815,ACTIVE
E002-T000193,E002,E002-AS001,2026-08-18 06:00:00,DATABASE,1220,1110,ACTIVE
E002-T000194,E002,E002-AS002,2026-08-18 06:00:00,EDR,1104,1122,ACTIVE
E002-T000195,E002,E002-AS003,2026-08-18 06:00:00,EDR,820,832,ACTIVE
E002-T000196,E002,E002-AS004,2026-08-18 06:00:00,EDR,1105,1056,ACTIVE
E002-T000197,E002,E002-AS005,2026-08-18 06:00:00,EDR,905,881,ACTIVE
E002-T000198,E002,E002-AS006,2026-08-18 06:00:00,EDR,1058,1024,ACTIVE
E002-T000199,E002,E002-AS007,2026-08-18 06:00:00,EDR,1099,1174,ACTIVE
E002-T000200,E002,E002-AS008,2026-08-18 06:00:00,EDR,794,824,ACTIVE
E002-T000201,E002,E002-AS009,2026-08-18 06:00:00,EDR,808,820,ACTIVE
E002-T000202,E002,E002-AS010,2026-08-18 06:00:00,EDR,703,643,ACTIVE
E002-T000203,E002,E002-AS011,2026-08-18 06:00:00,EDR,726,704,ACTIVE
E002-T000204,E002,E002-AS012,2026-08-18 06:00:00,EMAIL_SECURITY,904,858,ACTIVE
E002-T000205,E002,E002-AS013,2026-08-18 06:00:00,IAM,1080,1076,ACTIVE
E002-T000206,E002,E002-AS014,2026-08-18 06:00:00,IAM,796,749,ACTIVE
E002-T000207,E002,E002-AS015,2026-08-18 06:00:00,FIREWALL,720,723,ACTIVE
E002-T000208,E002,E002-AS016,2026-08-18 06:00:00,FIREWALL,995,866,ACTIVE
E002-T000209,E002,E002-AS017,2026-08-18 06:00:00,FIREWALL,684,671,ACTIVE
E002-T000210,E002,E002-AS018,2026-08-18 06:00:00,IDS,524,607,ACTIVE
E002-T000211,E002,E002-AS019,2026-08-18 06:00:00,SIEM,1233,1167,ACTIVE
E002-T000212,E002,E002-AS020,2026-08-18 06:00:00,IAM,636,612,ACTIVE
E002-T000213,E002,E002-AS021,2026-08-18 06:00:00,EDR,705,648,ACTIVE
E002-T000214,E002,E002-AS022,2026-08-18 06:00:00,EDR,484,533,ACTIVE
E002-T000215,E002,E002-AS023,2026-08-18 06:00:00,EDR,472,430,ACTIVE
E002-T000216,E002,E002-AS024,2026-08-18 06:00:00,EDR,776,680,ACTIVE
E002-T000217,E002,E002-AS025,2026-08-18 06:00:00,EDR,960,942,ACTIVE
E002-T000218,E002,E002-AS026,2026-08-18 06:00:00,EDR,776,798,ACTIVE
E002-T000219,E002,E002-AS027,2026-08-18 06:00:00,EDR,1136,1111,ACTIVE
E002-T000220,E002,E002-AS028,2026-08-18 06:00:00,EDR,841,796,ACTIVE
E002-T000221,E002,E002-AS029,2026-08-18 06:00:00,IDS,675,724,ACTIVE
E002-T000222,E002,E002-AS030,2026-08-18 06:00:00,FIREWALL,460,555,ACTIVE
E002-T000223,E002,E002-AS031,2026-08-18 06:00:00,FIREWALL,608,596,ACTIVE
E002-T000224,E002,E002-AS032,2026-08-18 06:00:00,SIEM,792,815,ACTIVE
E002-T000225,E002,E002-AS001,2026-08-18 07:00:00,DATABASE,1163,1110,ACTIVE
E002-T000226,E002,E002-AS002,2026-08-18 07:00:00,EDR,1119,1122,ACTIVE
E002-T000227,E002,E002-AS003,2026-08-18 07:00:00,EDR,943,832,ACTIVE
E002-T000228,E002,E002-AS004,2026-08-18 07:00:00,EDR,938,1056,ACTIVE
E002-T000229,E002,E002-AS005,2026-08-18 07:00:00,EDR,891,881,ACTIVE
E002-T000230,E002,E002-AS006,2026-08-18 07:00:00,EDR,1050,1024,ACTIVE
E002-T000231,E002,E002-AS007,2026-08-18 07:00:00,EDR,1187,1174,ACTIVE
E002-T000232,E002,E002-AS008,2026-08-18 07:00:00,EDR,834,824,ACTIVE
E002-T000233,E002,E002-AS009,2026-08-18 07:00:00,EDR,718,820,ACTIVE
E002-T000234,E002,E002-AS010,2026-08-18 07:00:00,EDR,707,643,ACTIVE
E002-T000235,E002,E002-AS011,2026-08-18 07:00:00,EDR,650,704,ACTIVE
E002-T000236,E002,E002-AS012,2026-08-18 07:00:00,EMAIL_SECURITY,923,858,ACTIVE
E002-T000237,E002,E002-AS013,2026-08-18 07:00:00,IAM,1033,1076,ACTIVE
E002-T000238,E002,E002-AS014,2026-08-18 07:00:00,IAM,778,749,ACTIVE
E002-T000239,E002,E002-AS015,2026-08-18 07:00:00,FIREWALL,730,723,ACTIVE
E002-T000240,E002,E002-AS016,2026-08-18 07:00:00,FIREWALL,933,866,ACTIVE
E002-T000241,E002,E002-AS017,2026-08-18 07:00:00,FIREWALL,652,671,ACTIVE
E002-T000242,E002,E002-AS018,2026-08-18 07:00:00,IDS,621,607,ACTIVE
E002-T000243,E002,E002-AS019,2026-08-18 07:00:00,SIEM,1158,1167,ACTIVE
E002-T000244,E002,E002-AS020,2026-08-18 07:00:00,IAM,655,612,ACTIVE
E002-T000245,E002,E002-AS021,2026-08-18 07:00:00,EDR,635,648,ACTIVE
E002-T000246,E002,E002-AS022,2026-08-18 07:00:00,EDR,490,533,ACTIVE
E002-T000247,E002,E002-AS023,2026-08-18 07:00:00,EDR,430,430,ACTIVE
E002-T000248,E002,E002-AS024,2026-08-18 07:00:00,EDR,666,680,ACTIVE
E002-T000249,E002,E002-AS025,2026-08-18 07:00:00,EDR,972,942,ACTIVE
E002-T000250,E002,E002-AS026,2026-08-18 07:00:00,EDR,783,798,ACTIVE
E002-T000251,E002,E002-AS027,2026-08-18 07:00:00,EDR,1191,1111,ACTIVE
E002-T000252,E002,E002-AS028,2026-08-18 07:00:00,EDR,846,796,ACTIVE
E002-T000253,E002,E002-AS029,2026-08-18 07:00:00,IDS,766,724,ACTIVE
E002-T000254,E002,E002-AS030,2026-08-18 07:00:00,FIREWALL,576,555,ACTIVE
E002-T000255,E002,E002-AS031,2026-08-18 07:00:00,FIREWALL,636,596,ACTIVE
E002-T000256,E002,E002-AS032,2026-08-18 07:00:00,SIEM,786,815,ACTIVE
E002-T000257,E002,E002-AS001,2026-08-18 08:00:00,DATABASE,1131,1110,ACTIVE
E002-T000258,E002,E002-AS002,2026-08-18 08:00:00,EDR,1105,1122,ACTIVE
E002-T000259,E002,E002-AS003,2026-08-18 08:00:00,EDR,924,832,ACTIVE
E002-T000260,E002,E002-AS004,2026-08-18 08:00:00,EDR,1092,1056,ACTIVE
E002-T000261,E002,E002-AS005,2026-08-18 08:00:00,EDR,935,881,ACTIVE
E002-T000262,E002,E002-AS006,2026-08-18 08:00:00,EDR,1028,1024,ACTIVE
E002-T000263,E002,E002-AS007,2026-08-18 08:00:00,EDR,1280,1174,ACTIVE
E002-T000264,E002,E002-AS008,2026-08-18 08:00:00,EDR,874,824,ACTIVE
E002-T000265,E002,E002-AS009,2026-08-18 08:00:00,EDR,884,820,ACTIVE
E002-T000266,E002,E002-AS010,2026-08-18 08:00:00,EDR,602,643,ACTIVE
E002-T000267,E002,E002-AS011,2026-08-18 08:00:00,EDR,720,704,ACTIVE
E002-T000268,E002,E002-AS012,2026-08-18 08:00:00,EMAIL_SECURITY,803,858,ACTIVE
E002-T000269,E002,E002-AS013,2026-08-18 08:00:00,IAM,1069,1076,ACTIVE
E002-T000270,E002,E002-AS014,2026-08-18 08:00:00,IAM,752,749,ACTIVE
E002-T000271,E002,E002-AS015,2026-08-18 08:00:00,FIREWALL,688,723,ACTIVE
E002-T000272,E002,E002-AS016,2026-08-18 08:00:00,FIREWALL,912,866,ACTIVE
E002-T000273,E002,E002-AS017,2026-08-18 08:00:00,FIREWALL,767,671,ACTIVE
E002-T000274,E002,E002-AS018,2026-08-18 08:00:00,IDS,644,607,ACTIVE
E002-T000275,E002,E002-AS019,2026-08-18 08:00:00,SIEM,1128,1167,ACTIVE
E002-T000276,E002,E002-AS020,2026-08-18 08:00:00,IAM,621,612,ACTIVE
E002-T000277,E002,E002-AS021,2026-08-18 08:00:00,EDR,598,648,ACTIVE
E002-T000278,E002,E002-AS022,2026-08-18 08:00:00,EDR,522,533,ACTIVE
E002-T000279,E002,E002-AS023,2026-08-18 08:00:00,EDR,431,430,ACTIVE
E002-T000280,E002,E002-AS024,2026-08-18 08:00:00,EDR,674,680,ACTIVE
E002-T000281,E002,E002-AS025,2026-08-18 08:00:00,EDR,1008,942,ACTIVE
E002-T000282,E002,E002-AS026,2026-08-18 08:00:00,EDR,758,798,ACTIVE
E002-T000283,E002,E002-AS027,2026-08-18 08:00:00,EDR,1079,1111,ACTIVE
E002-T000284,E002,E002-AS028,2026-08-18 08:00:00,EDR,802,796,ACTIVE
E002-T000285,E002,E002-AS029,2026-08-18 08:00:00,IDS,686,724,ACTIVE
E002-T000286,E002,E002-AS030,2026-08-18 08:00:00,FIREWALL,499,555,ACTIVE
E002-T000287,E002,E002-AS031,2026-08-18 08:00:00,FIREWALL,606,596,ACTIVE
E002-T000288,E002,E002-AS032,2026-08-18 08:00:00,SIEM,776,815,ACTIVE
E002-T000289,E002,E002-AS001,2026-08-18 09:00:00,DATABASE,1116,1110,ACTIVE
E002-T000290,E002,E002-AS002,2026-08-18 09:00:00,EDR,1032,1122,ACTIVE
E002-T000291,E002,E002-AS003,2026-08-18 09:00:00,EDR,934,832,ACTIVE
E002-T000292,E002,E002-AS004,2026-08-18 09:00:00,EDR,1130,1056,ACTIVE
E002-T000293,E002,E002-AS005,2026-08-18 09:00:00,EDR,873,881,ACTIVE
E002-T000294,E002,E002-AS006,2026-08-18 09:00:00,EDR,1028,1024,ACTIVE
E002-T000295,E002,E002-AS007,2026-08-18 09:00:00,EDR,1139,1174,ACTIVE
E002-T000296,E002,E002-AS008,2026-08-18 09:00:00,EDR,820,824,ACTIVE
E002-T000297,E002,E002-AS009,2026-08-18 09:00:00,EDR,894,820,ACTIVE
E002-T000298,E002,E002-AS010,2026-08-18 09:00:00,EDR,659,643,ACTIVE
E002-T000299,E002,E002-AS011,2026-08-18 09:00:00,EDR,633,704,ACTIVE
E002-T000300,E002,E002-AS012,2026-08-18 09:00:00,EMAIL_SECURITY,835,858,ACTIVE
E002-T000301,E002,E002-AS013,2026-08-18 09:00:00,IAM,1069,1076,ACTIVE
E002-T000302,E002,E002-AS014,2026-08-18 09:00:00,IAM,704,749,ACTIVE
E002-T000303,E002,E002-AS015,2026-08-18 09:00:00,FIREWALL,737,723,ACTIVE
E002-T000304,E002,E002-AS016,2026-08-18 09:00:00,FIREWALL,804,866,ACTIVE
E002-T000305,E002,E002-AS017,2026-08-18 09:00:00,FIREWALL,734,671,ACTIVE
E002-T000306,E002,E002-AS018,2026-08-18 09:00:00,IDS,563,607,ACTIVE
E002-T000307,E002,E002-AS019,2026-08-18 09:00:00,SIEM,1134,1167,ACTIVE
E002-T000308,E002,E002-AS020,2026-08-18 09:00:00,IAM,612,612,ACTIVE
E002-T000309,E002,E002-AS021,2026-08-18 09:00:00,EDR,624,648,ACTIVE
E002-T000310,E002,E002-AS022,2026-08-18 09:00:00,EDR,506,533,ACTIVE
E002-T000311,E002,E002-AS023,2026-08-18 09:00:00,EDR,435,430,ACTIVE
E002-T000312,E002,E002-AS024,2026-08-18 09:00:00,EDR,709,680,ACTIVE
E002-T000313,E002,E002-AS025,2026-08-18 09:00:00,EDR,938,942,ACTIVE
E002-T000314,E002,E002-AS026,2026-08-18 09:00:00,EDR,755,798,ACTIVE
E002-T000315,E002,E002-AS027,2026-08-18 09:00:00,EDR,1124,1111,ACTIVE
E002-T000316,E002,E002-AS028,2026-08-18 09:00:00,EDR,761,796,ACTIVE
E002-T000317,E002,E002-AS029,2026-08-18 09:00:00,IDS,685,724,ACTIVE
E002-T000318,E002,E002-AS030,2026-08-18 09:00:00,FIREWALL,520,555,ACTIVE
E002-T000319,E002,E002-AS031,2026-08-18 09:00:00,FIREWALL,651,596,ACTIVE
E002-T000320,E002,E002-AS032,2026-08-18 09:00:00,SIEM,802,815,ACTIVE
E002-T000321,E002,E002-AS001,2026-08-18 10:00:00,DATABASE,1106,1110,ACTIVE
E002-T000322,E002,E002-AS002,2026-08-18 10:00:00,EDR,1192,1122,ACTIVE
E002-T000323,E002,E002-AS003,2026-08-18 10:00:00,EDR,788,832,ACTIVE
E002-T000324,E002,E002-AS004,2026-08-18 10:00:00,EDR,1055,1056,ACTIVE
E002-T000325,E002,E002-AS005,2026-08-18 10:00:00,EDR,954,881,ACTIVE
E002-T000326,E002,E002-AS006,2026-08-18 10:00:00,EDR,1066,1024,ACTIVE
E002-T000327,E002,E002-AS007,2026-08-18 10:00:00,EDR,1163,1174,ACTIVE
E002-T000328,E002,E002-AS008,2026-08-18 10:00:00,EDR,811,824,ACTIVE
E002-T000329,E002,E002-AS009,2026-08-18 10:00:00,EDR,832,820,ACTIVE
E002-T000330,E002,E002-AS010,2026-08-18 10:00:00,EDR,667,643,ACTIVE
E002-T000331,E002,E002-AS011,2026-08-18 10:00:00,EDR,739,704,ACTIVE
E002-T000332,E002,E002-AS012,2026-08-18 10:00:00,EMAIL_SECURITY,929,858,ACTIVE
E002-T000333,E002,E002-AS013,2026-08-18 10:00:00,IAM,1035,1076,ACTIVE
E002-T000334,E002,E002-AS014,2026-08-18 10:00:00,IAM,657,749,ACTIVE
E002-T000335,E002,E002-AS015,2026-08-18 10:00:00,FIREWALL,765,723,ACTIVE
E002-T000336,E002,E002-AS016,2026-08-18 10:00:00,FIREWALL,865,866,ACTIVE
E002-T000337,E002,E002-AS017,2026-08-18 10:00:00,FIREWALL,683,671,ACTIVE
E002-T000338,E002,E002-AS018,2026-08-18 10:00:00,IDS,582,607,ACTIVE
E002-T000339,E002,E002-AS019,2026-08-18 10:00:00,SIEM,1170,1167,ACTIVE
E002-T000340,E002,E002-AS020,2026-08-18 10:00:00,IAM,612,612,ACTIVE
E002-T000341,E002,E002-AS021,2026-08-18 10:00:00,EDR,725,648,ACTIVE
E002-T000342,E002,E002-AS022,2026-08-18 10:00:00,EDR,578,533,ACTIVE
E002-T000343,E002,E002-AS023,2026-08-18 10:00:00,EDR,463,430,ACTIVE
E002-T000344,E002,E002-AS024,2026-08-18 10:00:00,EDR,697,680,ACTIVE
E002-T000345,E002,E002-AS025,2026-08-18 10:00:00,EDR,949,942,ACTIVE
E002-T000346,E002,E002-AS026,2026-08-18 10:00:00,EDR,804,798,ACTIVE
E002-T000347,E002,E002-AS027,2026-08-18 10:00:00,EDR,1222,1111,ACTIVE
E002-T000348,E002,E002-AS028,2026-08-18 10:00:00,EDR,857,796,ACTIVE
E002-T000349,E002,E002-AS029,2026-08-18 10:00:00,IDS,732,724,ACTIVE
E002-T000350,E002,E002-AS030,2026-08-18 10:00:00,FIREWALL,510,555,ACTIVE
E002-T000351,E002,E002-AS031,2026-08-18 10:00:00,FIREWALL,670,596,ACTIVE
E002-T000352,E002,E002-AS032,2026-08-18 10:00:00,SIEM,828,815,ACTIVE
E002-T000353,E002,E002-AS001,2026-08-18 11:00:00,DATABASE,1119,1110,ACTIVE
E002-T000354,E002,E002-AS002,2026-08-18 11:00:00,EDR,961,1122,ACTIVE
E002-T000355,E002,E002-AS003,2026-08-18 11:00:00,EDR,851,832,ACTIVE
E002-T000356,E002,E002-AS004,2026-08-18 11:00:00,EDR,993,1056,ACTIVE
E002-T000357,E002,E002-AS005,2026-08-18 11:00:00,EDR,814,881,ACTIVE
E002-T000358,E002,E002-AS006,2026-08-18 11:00:00,EDR,1060,1024,ACTIVE
E002-T000359,E002,E002-AS007,2026-08-18 11:00:00,EDR,1179,1174,ACTIVE
E002-T000360,E002,E002-AS008,2026-08-18 11:00:00,EDR,766,824,ACTIVE
E002-T000361,E002,E002-AS009,2026-08-18 11:00:00,EDR,784,820,ACTIVE
E002-T000362,E002,E002-AS010,2026-08-18 11:00:00,EDR,685,643,ACTIVE
E002-T000363,E002,E002-AS011,2026-08-18 11:00:00,EDR,675,704,ACTIVE
E002-T000364,E002,E002-AS012,2026-08-18 11:00:00,EMAIL_SECURITY,867,858,ACTIVE
E002-T000365,E002,E002-AS013,2026-08-18 11:00:00,IAM,1067,1076,ACTIVE
E002-T000366,E002,E002-AS014,2026-08-18 11:00:00,IAM,780,749,ACTIVE
E002-T000367,E002,E002-AS015,2026-08-18 11:00:00,FIREWALL,723,723,ACTIVE
E002-T000368,E002,E002-AS016,2026-08-18 11:00:00,FIREWALL,817,866,ACTIVE
E002-T000369,E002,E002-AS017,2026-08-18 11:00:00,FIREWALL,643,671,ACTIVE
E002-T000370,E002,E002-AS018,2026-08-18 11:00:00,IDS,628,607,ACTIVE
E002-T000371,E002,E002-AS019,2026-08-18 11:00:00,SIEM,1156,1167,ACTIVE
E002-T000372,E002,E002-AS020,2026-08-18 11:00:00,IAM,576,612,ACTIVE
E002-T000373,E002,E002-AS021,2026-08-18 11:00:00,EDR,626,648,ACTIVE
E002-T000374,E002,E002-AS022,2026-08-18 11:00:00,EDR,528,533,ACTIVE
E002-T000375,E002,E002-AS023,2026-08-18 11:00:00,EDR,425,430,ACTIVE
E002-T000376,E002,E002-AS024,2026-08-18 11:00:00,EDR,653,680,ACTIVE
E002-T000377,E002,E002-AS025,2026-08-18 11:00:00,EDR,976,942,ACTIVE
E002-T000378,E002,E002-AS026,2026-08-18 11:00:00,EDR,849,798,ACTIVE
E002-T000379,E002,E002-AS027,2026-08-18 11:00:00,EDR,1094,1111,ACTIVE
E002-T000380,E002,E002-AS028,2026-08-18 11:00:00,EDR,779,796,ACTIVE
E002-T000381,E002,E002-AS029,2026-08-18 11:00:00,IDS,717,724,ACTIVE
E002-T000382,E002,E002-AS030,2026-08-18 11:00:00,FIREWALL,549,555,ACTIVE
E002-T000383,E002,E002-AS031,2026-08-18 11:00:00,FIREWALL,621,596,ACTIVE
E002-T000384,E002,E002-AS032,2026-08-18 11:00:00,SIEM,860,815,ACTIVE
E002-T000385,E002,E002-AS001,2026-08-18 12:00:00,DATABASE,1013,1110,ACTIVE
E002-T000386,E002,E002-AS002,2026-08-18 12:00:00,EDR,1064,1122,ACTIVE
E002-T000387,E002,E002-AS003,2026-08-18 12:00:00,EDR,856,832,ACTIVE
E002-T000388,E002,E002-AS004,2026-08-18 12:00:00,EDR,1009,1056,ACTIVE
E002-T000389,E002,E002-AS005,2026-08-18 12:00:00,EDR,815,881,ACTIVE
E002-T000390,E002,E002-AS006,2026-08-18 12:00:00,EDR,969,1024,ACTIVE
E002-T000391,E002,E002-AS007,2026-08-18 12:00:00,EDR,1139,1174,ACTIVE
E002-T000392,E002,E002-AS008,2026-08-18 12:00:00,EDR,762,824,ACTIVE
E002-T000393,E002,E002-AS009,2026-08-18 12:00:00,EDR,775,820,ACTIVE
E002-T000394,E002,E002-AS010,2026-08-18 12:00:00,EDR,641,643,ACTIVE
E002-T000395,E002,E002-AS011,2026-08-18 12:00:00,EDR,682,704,ACTIVE
E002-T000396,E002,E002-AS012,2026-08-18 12:00:00,EMAIL_SECURITY,894,858,ACTIVE
E002-T000397,E002,E002-AS013,2026-08-18 12:00:00,IAM,1149,1076,ACTIVE
E002-T000398,E002,E002-AS014,2026-08-18 12:00:00,IAM,752,749,ACTIVE
E002-T000399,E002,E002-AS015,2026-08-18 12:00:00,FIREWALL,718,723,ACTIVE
E002-T000400,E002,E002-AS016,2026-08-18 12:00:00,FIREWALL,904,866,ACTIVE
E002-T000401,E002,E002-AS017,2026-08-18 12:00:00,FIREWALL,625,671,ACTIVE
E002-T000402,E002,E002-AS018,2026-08-18 12:00:00,IDS,565,607,ACTIVE
E002-T000403,E002,E002-AS019,2026-08-18 12:00:00,SIEM,1168,1167,ACTIVE
E002-T000404,E002,E002-AS020,2026-08-18 12:00:00,IAM,566,612,ACTIVE
E002-T000405,E002,E002-AS021,2026-08-18 12:00:00,EDR,688,648,ACTIVE
E002-T000406,E002,E002-AS022,2026-08-18 12:00:00,EDR,523,533,ACTIVE
E002-T000407,E002,E002-AS023,2026-08-18 12:00:00,EDR,464,430,ACTIVE
E002-T000408,E002,E002-AS024,2026-08-18 12:00:00,EDR,675,680,ACTIVE
E002-T000409,E002,E002-AS025,2026-08-18 12:00:00,EDR,1064,942,ACTIVE
E002-T000410,E002,E002-AS026,2026-08-18 12:00:00,EDR,742,798,ACTIVE
E002-T000411,E002,E002-AS027,2026-08-18 12:00:00,EDR,1039,1111,ACTIVE
E002-T000412,E002,E002-AS028,2026-08-18 12:00:00,EDR,816,796,ACTIVE
E002-T000413,E002,E002-AS029,2026-08-18 12:00:00,IDS,727,724,ACTIVE
E002-T000414,E002,E002-AS030,2026-08-18 12:00:00,FIREWALL,548,555,ACTIVE
E002-T000415,E002,E002-AS031,2026-08-18 12:00:00,FIREWALL,535,596,ACTIVE
E002-T000416,E002,E002-AS032,2026-08-18 12:00:00,SIEM,751,815,ACTIVE
E002-T000417,E002,E002-AS001,2026-08-18 13:00:00,DATABASE,1068,1110,ACTIVE
E002-T000418,E002,E002-AS002,2026-08-18 13:00:00,EDR,1204,1122,ACTIVE
E002-T000419,E002,E002-AS003,2026-08-18 13:00:00,EDR,819,832,ACTIVE
E002-T000420,E002,E002-AS004,2026-08-18 13:00:00,EDR,1081,1056,ACTIVE
E002-T000421,E002,E002-AS005,2026-08-18 13:00:00,EDR,883,881,ACTIVE
E002-T000422,E002,E002-AS006,2026-08-18 13:00:00,EDR,951,1024,ACTIVE
E002-T000423,E002,E002-AS007,2026-08-18 13:00:00,EDR,1167,1174,ACTIVE
E002-T000424,E002,E002-AS008,2026-08-18 13:00:00,EDR,861,824,ACTIVE
E002-T000425,E002,E002-AS009,2026-08-18 13:00:00,EDR,837,820,ACTIVE
E002-T000426,E002,E002-AS010,2026-08-18 13:00:00,EDR,654,643,ACTIVE
E002-T000427,E002,E002-AS011,2026-08-18 13:00:00,EDR,705,704,ACTIVE
E002-T000428,E002,E002-AS012,2026-08-18 13:00:00,EMAIL_SECURITY,836,858,ACTIVE
E002-T000429,E002,E002-AS013,2026-08-18 13:00:00,IAM,1016,1076,ACTIVE
E002-T000430,E002,E002-AS014,2026-08-18 13:00:00,IAM,745,749,ACTIVE
E002-T000431,E002,E002-AS015,2026-08-18 13:00:00,FIREWALL,700,723,ACTIVE
E002-T000432,E002,E002-AS016,2026-08-18 13:00:00,FIREWALL,837,866,ACTIVE
E002-T000433,E002,E002-AS017,2026-08-18 13:00:00,FIREWALL,645,671,ACTIVE
E002-T000434,E002,E002-AS018,2026-08-18 13:00:00,IDS,610,607,ACTIVE
E002-T000435,E002,E002-AS019,2026-08-18 13:00:00,SIEM,1118,1167,ACTIVE
E002-T000436,E002,E002-AS020,2026-08-18 13:00:00,IAM,564,612,ACTIVE
E002-T000437,E002,E002-AS021,2026-08-18 13:00:00,EDR,627,648,ACTIVE
E002-T000438,E002,E002-AS022,2026-08-18 13:00:00,EDR,533,533,ACTIVE
E002-T000439,E002,E002-AS023,2026-08-18 13:00:00,EDR,413,430,ACTIVE
E002-T000440,E002,E002-AS024,2026-08-18 13:00:00,EDR,675,680,ACTIVE
E002-T000441,E002,E002-AS025,2026-08-18 13:00:00,EDR,949,942,ACTIVE
E002-T000442,E002,E002-AS026,2026-08-18 13:00:00,EDR,799,798,ACTIVE
E002-T000443,E002,E002-AS027,2026-08-18 13:00:00,EDR,1109,1111,ACTIVE
E002-T000444,E002,E002-AS028,2026-08-18 13:00:00,EDR,851,796,ACTIVE
E002-T000445,E002,E002-AS029,2026-08-18 13:00:00,IDS,734,724,ACTIVE
E002-T000446,E002,E002-AS030,2026-08-18 13:00:00,FIREWALL,530,555,ACTIVE
E002-T000447,E002,E002-AS031,2026-08-18 13:00:00,FIREWALL,619,596,ACTIVE
E002-T000448,E002,E002-AS032,2026-08-18 13:00:00,SIEM,863,815,ACTIVE
E002-T000449,E002,E002-AS001,2026-08-18 14:00:00,DATABASE,1157,1110,ACTIVE
E002-T000450,E002,E002-AS002,2026-08-18 14:00:00,EDR,1043,1122,ACTIVE
E002-T000451,E002,E002-AS003,2026-08-18 14:00:00,EDR,795,832,ACTIVE
E002-T000452,E002,E002-AS004,2026-08-18 14:00:00,EDR,1035,1056,ACTIVE
E002-T000453,E002,E002-AS005,2026-08-18 14:00:00,EDR,908,881,ACTIVE
E002-T000454,E002,E002-AS006,2026-08-18 14:00:00,EDR,951,1024,ACTIVE
E002-T000455,E002,E002-AS007,2026-08-18 14:00:00,EDR,1055,1174,ACTIVE
E002-T000456,E002,E002-AS008,2026-08-18 14:00:00,EDR,854,824,ACTIVE
E002-T000457,E002,E002-AS009,2026-08-18 14:00:00,EDR,816,820,ACTIVE
E002-T000458,E002,E002-AS010,2026-08-18 14:00:00,EDR,692,643,ACTIVE
E002-T000459,E002,E002-AS011,2026-08-18 14:00:00,EDR,686,704,ACTIVE
E002-T000460,E002,E002-AS012,2026-08-18 14:00:00,EMAIL_SECURITY,880,858,ACTIVE
E002-T000461,E002,E002-AS013,2026-08-18 14:00:00,IAM,1087,1076,ACTIVE
E002-T000462,E002,E002-AS014,2026-08-18 14:00:00,IAM,786,749,ACTIVE
E002-T000463,E002,E002-AS015,2026-08-18 14:00:00,FIREWALL,705,723,ACTIVE
E002-T000464,E002,E002-AS016,2026-08-18 14:00:00,FIREWALL,969,866,ACTIVE
E002-T000465,E002,E002-AS017,2026-08-18 14:00:00,FIREWALL,685,671,ACTIVE
E002-T000466,E002,E002-AS018,2026-08-18 14:00:00,IDS,643,607,ACTIVE
E002-T000467,E002,E002-AS019,2026-08-18 14:00:00,SIEM,1055,1167,ACTIVE
E002-T000468,E002,E002-AS020,2026-08-18 14:00:00,IAM,523,612,ACTIVE
E002-T000469,E002,E002-AS021,2026-08-18 14:00:00,EDR,625,648,ACTIVE
E002-T000470,E002,E002-AS022,2026-08-18 14:00:00,EDR,540,533,ACTIVE
E002-T000471,E002,E002-AS023,2026-08-18 14:00:00,EDR,419,430,ACTIVE
E002-T000472,E002,E002-AS024,2026-08-18 14:00:00,EDR,638,680,ACTIVE
E002-T000473,E002,E002-AS025,2026-08-18 14:00:00,EDR,887,942,ACTIVE
E002-T000474,E002,E002-AS026,2026-08-18 14:00:00,EDR,756,798,ACTIVE
E002-T000475,E002,E002-AS027,2026-08-18 14:00:00,EDR,1198,1111,ACTIVE
E002-T000476,E002,E002-AS028,2026-08-18 14:00:00,EDR,848,796,ACTIVE
E002-T000477,E002,E002-AS029,2026-08-18 14:00:00,IDS,704,724,ACTIVE
E002-T000478,E002,E002-AS030,2026-08-18 14:00:00,FIREWALL,593,555,ACTIVE
E002-T000479,E002,E002-AS031,2026-08-18 14:00:00,FIREWALL,602,596,ACTIVE
E002-T000480,E002,E002-AS032,2026-08-18 14:00:00,SIEM,775,815,ACTIVE
E002-T000481,E002,E002-AS001,2026-08-18 15:00:00,DATABASE,1074,1110,ACTIVE
E002-T000482,E002,E002-AS002,2026-08-18 15:00:00,EDR,1175,1122,ACTIVE
E002-T000483,E002,E002-AS003,2026-08-18 15:00:00,EDR,843,832,ACTIVE
E002-T000484,E002,E002-AS004,2026-08-18 15:00:00,EDR,1022,1056,ACTIVE
E002-T000485,E002,E002-AS005,2026-08-18 15:00:00,EDR,844,881,ACTIVE
E002-T000486,E002,E002-AS006,2026-08-18 15:00:00,EDR,1050,1024,ACTIVE
E002-T000487,E002,E002-AS007,2026-08-18 15:00:00,EDR,1146,1174,ACTIVE
E002-T000488,E002,E002-AS008,2026-08-18 15:00:00,EDR,875,824,ACTIVE
E002-T000489,E002,E002-AS009,2026-08-18 15:00:00,EDR,782,820,ACTIVE
E002-T000490,E002,E002-AS010,2026-08-18 15:00:00,EDR,638,643,ACTIVE
E002-T000491,E002,E002-AS011,2026-08-18 15:00:00,EDR,711,704,ACTIVE
E002-T000492,E002,E002-AS012,2026-08-18 15:00:00,EMAIL_SECURITY,895,858,ACTIVE
E002-T000493,E002,E002-AS013,2026-08-18 15:00:00,IAM,1043,1076,ACTIVE
E002-T000494,E002,E002-AS014,2026-08-18 15:00:00,IAM,674,749,ACTIVE
E002-T000495,E002,E002-AS015,2026-08-18 15:00:00,FIREWALL,704,723,ACTIVE
E002-T000496,E002,E002-AS016,2026-08-18 15:00:00,FIREWALL,826,866,ACTIVE
E002-T000497,E002,E002-AS017,2026-08-18 15:00:00,FIREWALL,645,671,ACTIVE
E002-T000498,E002,E002-AS018,2026-08-18 15:00:00,IDS,655,607,ACTIVE
E002-T000499,E002,E002-AS019,2026-08-18 15:00:00,SIEM,1190,1167,ACTIVE
E002-T000500,E002,E002-AS020,2026-08-18 15:00:00,IAM,602,612,ACTIVE
E002-T000501,E002,E002-AS021,2026-08-18 15:00:00,EDR,642,648,ACTIVE
E002-T000502,E002,E002-AS022,2026-08-18 15:00:00,EDR,538,533,ACTIVE
E002-T000503,E002,E002-AS023,2026-08-18 15:00:00,EDR,419,430,ACTIVE
E002-T000504,E002,E002-AS024,2026-08-18 15:00:00,EDR,677,680,ACTIVE
E002-T000505,E002,E002-AS025,2026-08-18 15:00:00,EDR,945,942,ACTIVE
E002-T000506,E002,E002-AS026,2026-08-18 15:00:00,EDR,757,798,ACTIVE
E002-T000507,E002,E002-AS027,2026-08-18 15:00:00,EDR,1161,1111,ACTIVE
E002-T000508,E002,E002-AS028,2026-08-18 15:00:00,EDR,855,796,ACTIVE
E002-T000509,E002,E002-AS029,2026-08-18 15:00:00,IDS,693,724,ACTIVE
E002-T000510,E002,E002-AS030,2026-08-18 15:00:00,FIREWALL,592,555,ACTIVE
E002-T000511,E002,E002-AS031,2026-08-18 15:00:00,FIREWALL,550,596,ACTIVE
E002-T000512,E002,E002-AS032,2026-08-18 15:00:00,SIEM,785,815,ACTIVE
E002-T000513,E002,E002-AS001,2026-08-18 16:00:00,DATABASE,1066,1110,ACTIVE
E002-T000514,E002,E002-AS002,2026-08-18 16:00:00,EDR,1186,1122,ACTIVE
E002-T000515,E002,E002-AS003,2026-08-18 16:00:00,EDR,919,832,ACTIVE
E002-T000516,E002,E002-AS004,2026-08-18 16:00:00,EDR,979,1056,ACTIVE
E002-T000517,E002,E002-AS005,2026-08-18 16:00:00,EDR,921,881,ACTIVE
E002-T000518,E002,E002-AS006,2026-08-18 16:00:00,EDR,1128,1024,ACTIVE
E002-T000519,E002,E002-AS007,2026-08-18 16:00:00,EDR,1086,1174,ACTIVE
E002-T000520,E002,E002-AS008,2026-08-18 16:00:00,EDR,811,824,ACTIVE
E002-T000521,E002,E002-AS009,2026-08-18 16:00:00,EDR,812,820,ACTIVE
E002-T000522,E002,E002-AS010,2026-08-18 16:00:00,EDR,638,643,ACTIVE
E002-T000523,E002,E002-AS011,2026-08-18 16:00:00,EDR,743,704,ACTIVE
E002-T000524,E002,E002-AS012,2026-08-18 16:00:00,EMAIL_SECURITY,759,858,ACTIVE
E002-T000525,E002,E002-AS013,2026-08-18 16:00:00,IAM,1159,1076,ACTIVE
E002-T000526,E002,E002-AS014,2026-08-18 16:00:00,IAM,760,749,ACTIVE
E002-T000527,E002,E002-AS015,2026-08-18 16:00:00,FIREWALL,738,723,ACTIVE
E002-T000528,E002,E002-AS016,2026-08-18 16:00:00,FIREWALL,820,866,ACTIVE
E002-T000529,E002,E002-AS017,2026-08-18 16:00:00,FIREWALL,632,671,ACTIVE
E002-T000530,E002,E002-AS018,2026-08-18 16:00:00,IDS,624,607,ACTIVE
E002-T000531,E002,E002-AS019,2026-08-18 16:00:00,SIEM,1083,1167,ACTIVE
E002-T000532,E002,E002-AS020,2026-08-18 16:00:00,IAM,654,612,ACTIVE
E002-T000533,E002,E002-AS021,2026-08-18 16:00:00,EDR,699,648,ACTIVE
E002-T000534,E002,E002-AS022,2026-08-18 16:00:00,EDR,545,533,ACTIVE
E002-T000535,E002,E002-AS023,2026-08-18 16:00:00,EDR,459,430,ACTIVE
E002-T000536,E002,E002-AS024,2026-08-18 16:00:00,EDR,681,680,ACTIVE
E002-T000537,E002,E002-AS025,2026-08-18 16:00:00,EDR,920,942,ACTIVE
E002-T000538,E002,E002-AS026,2026-08-18 16:00:00,EDR,826,798,ACTIVE
E002-T000539,E002,E002-AS027,2026-08-18 16:00:00,EDR,1082,1111,ACTIVE
E002-T000540,E002,E002-AS028,2026-08-18 16:00:00,EDR,869,796,ACTIVE
E002-T000541,E002,E002-AS029,2026-08-18 16:00:00,IDS,697,724,ACTIVE
E002-T000542,E002,E002-AS030,2026-08-18 16:00:00,FIREWALL,486,555,ACTIVE
E002-T000543,E002,E002-AS031,2026-08-18 16:00:00,FIREWALL,620,596,ACTIVE
E002-T000544,E002,E002-AS032,2026-08-18 16:00:00,SIEM,787,815,ACTIVE
E002-T000545,E002,E002-AS001,2026-08-18 17:00:00,DATABASE,1032,1110,ACTIVE
E002-T000546,E002,E002-AS002,2026-08-18 17:00:00,EDR,1144,1122,ACTIVE
E002-T000547,E002,E002-AS003,2026-08-18 17:00:00,EDR,818,832,ACTIVE
E002-T000548,E002,E002-AS004,2026-08-18 17:00:00,EDR,1116,1056,ACTIVE
E002-T000549,E002,E002-AS005,2026-08-18 17:00:00,EDR,882,881,ACTIVE
E002-T000550,E002,E002-AS006,2026-08-18 17:00:00,EDR,1079,1024,ACTIVE
E002-T000551,E002,E002-AS007,2026-08-18 17:00:00,EDR,1167,1174,ACTIVE
E002-T000552,E002,E002-AS008,2026-08-18 17:00:00,EDR,769,824,ACTIVE
E002-T000553,E002,E002-AS009,2026-08-18 17:00:00,EDR,858,820,ACTIVE
E002-T000554,E002,E002-AS010,2026-08-18 17:00:00,EDR,644,643,ACTIVE
E002-T000555,E002,E002-AS011,2026-08-18 17:00:00,EDR,668,704,ACTIVE
E002-T000556,E002,E002-AS012,2026-08-18 17:00:00,EMAIL_SECURITY,841,858,ACTIVE
E002-T000557,E002,E002-AS013,2026-08-18 17:00:00,IAM,1172,1076,ACTIVE
E002-T000558,E002,E002-AS014,2026-08-18 17:00:00,IAM,776,749,ACTIVE
E002-T000559,E002,E002-AS015,2026-08-18 17:00:00,FIREWALL,652,723,ACTIVE
E002-T000560,E002,E002-AS016,2026-08-18 17:00:00,FIREWALL,943,866,ACTIVE
E002-T000561,E002,E002-AS017,2026-08-18 17:00:00,FIREWALL,668,671,ACTIVE
E002-T000562,E002,E002-AS018,2026-08-18 17:00:00,IDS,618,607,ACTIVE
E002-T000563,E002,E002-AS019,2026-08-18 17:00:00,SIEM,1032,1167,ACTIVE
E002-T000564,E002,E002-AS020,2026-08-18 17:00:00,IAM,652,612,ACTIVE
E002-T000565,E002,E002-AS021,2026-08-18 17:00:00,EDR,674,648,ACTIVE
E002-T000566,E002,E002-AS022,2026-08-18 17:00:00,EDR,481,533,ACTIVE
E002-T000567,E002,E002-AS023,2026-08-18 17:00:00,EDR,439,430,ACTIVE
E002-T000568,E002,E002-AS024,2026-08-18 17:00:00,EDR,633,680,ACTIVE
E002-T000569,E002,E002-AS025,2026-08-18 17:00:00,EDR,964,942,ACTIVE
E002-T000570,E002,E002-AS026,2026-08-18 17:00:00,EDR,850,798,ACTIVE
E002-T000571,E002,E002-AS027,2026-08-18 17:00:00,EDR,1052,1111,ACTIVE
E002-T000572,E002,E002-AS028,2026-08-18 17:00:00,EDR,792,796,ACTIVE
E002-T000573,E002,E002-AS029,2026-08-18 17:00:00,IDS,699,724,ACTIVE
E002-T000574,E002,E002-AS030,2026-08-18 17:00:00,FIREWALL,540,555,ACTIVE
E002-T000575,E002,E002-AS031,2026-08-18 17:00:00,FIREWALL,602,596,ACTIVE
E002-T000576,E002,E002-AS032,2026-08-18 17:00:00,SIEM,761,815,ACTIVE
E002-T000577,E002,E002-AS001,2026-08-18 18:00:00,DATABASE,1110,1110,ACTIVE
E002-T000578,E002,E002-AS002,2026-08-18 18:00:00,EDR,1095,1122,ACTIVE
E002-T000579,E002,E002-AS003,2026-08-18 18:00:00,EDR,800,832,ACTIVE
E002-T000580,E002,E002-AS004,2026-08-18 18:00:00,EDR,975,1056,ACTIVE
E002-T000581,E002,E002-AS005,2026-08-18 18:00:00,EDR,871,881,ACTIVE
E002-T000582,E002,E002-AS006,2026-08-18 18:00:00,EDR,1092,1024,ACTIVE
E002-T000583,E002,E002-AS007,2026-08-18 18:00:00,EDR,1284,1174,ACTIVE
E002-T000584,E002,E002-AS008,2026-08-18 18:00:00,EDR,778,824,ACTIVE
E002-T000585,E002,E002-AS009,2026-08-18 18:00:00,EDR,750,820,ACTIVE
E002-T000586,E002,E002-AS010,2026-08-18 18:00:00,EDR,675,643,ACTIVE
E002-T000587,E002,E002-AS011,2026-08-18 18:00:00,EDR,727,704,ACTIVE
E002-T000588,E002,E002-AS012,2026-08-18 18:00:00,EMAIL_SECURITY,884,858,ACTIVE
E002-T000589,E002,E002-AS013,2026-08-18 18:00:00,IAM,1032,1076,ACTIVE
E002-T000590,E002,E002-AS014,2026-08-18 18:00:00,IAM,732,749,ACTIVE
E002-T000591,E002,E002-AS015,2026-08-18 18:00:00,FIREWALL,775,723,ACTIVE
E002-T000592,E002,E002-AS016,2026-08-18 18:00:00,FIREWALL,912,866,ACTIVE
E002-T000593,E002,E002-AS017,2026-08-18 18:00:00,FIREWALL,705,671,ACTIVE
E002-T000594,E002,E002-AS018,2026-08-18 18:00:00,IDS,589,607,ACTIVE
E002-T000595,E002,E002-AS019,2026-08-18 18:00:00,SIEM,1018,1167,ACTIVE
E002-T000596,E002,E002-AS020,2026-08-18 18:00:00,IAM,619,612,ACTIVE
E002-T000597,E002,E002-AS021,2026-08-18 18:00:00,EDR,666,648,ACTIVE
E002-T000598,E002,E002-AS022,2026-08-18 18:00:00,EDR,539,533,ACTIVE
E002-T000599,E002,E002-AS023,2026-08-18 18:00:00,EDR,442,430,ACTIVE
E002-T000600,E002,E002-AS024,2026-08-18 18:00:00,EDR,645,680,ACTIVE
E002-T000601,E002,E002-AS025,2026-08-18 18:00:00,EDR,920,942,ACTIVE
E002-T000602,E002,E002-AS026,2026-08-18 18:00:00,EDR,798,798,ACTIVE
E002-T000603,E002,E002-AS027,2026-08-18 18:00:00,EDR,1153,1111,ACTIVE
E002-T000604,E002,E002-AS028,2026-08-18 18:00:00,EDR,754,796,ACTIVE
E002-T000605,E002,E002-AS029,2026-08-18 18:00:00,IDS,736,724,ACTIVE
E002-T000606,E002,E002-AS030,2026-08-18 18:00:00,FIREWALL,539,555,ACTIVE
E002-T000607,E002,E002-AS031,2026-08-18 18:00:00,FIREWALL,624,596,ACTIVE
E002-T000608,E002,E002-AS032,2026-08-18 18:00:00,SIEM,821,815,ACTIVE
E002-T000609,E002,E002-AS001,2026-08-18 19:00:00,DATABASE,1086,1110,ACTIVE
E002-T000610,E002,E002-AS002,2026-08-18 19:00:00,EDR,1037,1122,ACTIVE
E002-T000611,E002,E002-AS003,2026-08-18 19:00:00,EDR,859,832,ACTIVE
E002-T000612,E002,E002-AS004,2026-08-18 19:00:00,EDR,1110,1056,ACTIVE
E002-T000613,E002,E002-AS005,2026-08-18 19:00:00,EDR,813,881,ACTIVE
E002-T000614,E002,E002-AS006,2026-08-18 19:00:00,EDR,894,1024,ACTIVE
E002-T000615,E002,E002-AS007,2026-08-18 19:00:00,EDR,1200,1174,ACTIVE
E002-T000616,E002,E002-AS008,2026-08-18 19:00:00,EDR,739,824,ACTIVE
E002-T000617,E002,E002-AS009,2026-08-18 19:00:00,EDR,865,820,ACTIVE
E002-T000618,E002,E002-AS010,2026-08-18 19:00:00,EDR,674,643,ACTIVE
E002-T000619,E002,E002-AS011,2026-08-18 19:00:00,EDR,631,704,ACTIVE
E002-T000620,E002,E002-AS012,2026-08-18 19:00:00,EMAIL_SECURITY,874,858,ACTIVE
E002-T000621,E002,E002-AS013,2026-08-18 19:00:00,IAM,1099,1076,ACTIVE
E002-T000622,E002,E002-AS014,2026-08-18 19:00:00,IAM,765,749,ACTIVE
E002-T000623,E002,E002-AS015,2026-08-18 19:00:00,FIREWALL,760,723,ACTIVE
E002-T000624,E002,E002-AS016,2026-08-18 19:00:00,FIREWALL,735,866,ACTIVE
E002-T000625,E002,E002-AS017,2026-08-18 19:00:00,FIREWALL,694,671,ACTIVE
E002-T000626,E002,E002-AS018,2026-08-18 19:00:00,IDS,614,607,ACTIVE
E002-T000627,E002,E002-AS019,2026-08-18 19:00:00,SIEM,1186,1167,ACTIVE
E002-T000628,E002,E002-AS020,2026-08-18 19:00:00,IAM,659,612,ACTIVE
E002-T000629,E002,E002-AS021,2026-08-18 19:00:00,EDR,666,648,ACTIVE
E002-T000630,E002,E002-AS022,2026-08-18 19:00:00,EDR,541,533,ACTIVE
E002-T000631,E002,E002-AS023,2026-08-18 19:00:00,EDR,419,430,ACTIVE
E002-T000632,E002,E002-AS024,2026-08-18 19:00:00,EDR,703,680,ACTIVE
E002-T000633,E002,E002-AS025,2026-08-18 19:00:00,EDR,956,942,ACTIVE
E002-T000634,E002,E002-AS026,2026-08-18 19:00:00,EDR,769,798,ACTIVE
E002-T000635,E002,E002-AS027,2026-08-18 19:00:00,EDR,1133,1111,ACTIVE
E002-T000636,E002,E002-AS028,2026-08-18 19:00:00,EDR,818,796,ACTIVE
E002-T000637,E002,E002-AS029,2026-08-18 19:00:00,IDS,818,724,ACTIVE
E002-T000638,E002,E002-AS030,2026-08-18 19:00:00,FIREWALL,489,555,ACTIVE
E002-T000639,E002,E002-AS031,2026-08-18 19:00:00,FIREWALL,619,596,ACTIVE
E002-T000640,E002,E002-AS032,2026-08-18 19:00:00,SIEM,942,815,ACTIVE
E002-T000641,E002,E002-AS001,2026-08-18 20:00:00,DATABASE,1074,1110,ACTIVE
E002-T000642,E002,E002-AS002,2026-08-18 20:00:00,EDR,1149,1122,ACTIVE
E002-T000643,E002,E002-AS003,2026-08-18 20:00:00,EDR,946,832,ACTIVE
E002-T000644,E002,E002-AS004,2026-08-18 20:00:00,EDR,1063,1056,ACTIVE
E002-T000645,E002,E002-AS005,2026-08-18 20:00:00,EDR,860,881,ACTIVE
E002-T000646,E002,E002-AS006,2026-08-18 20:00:00,EDR,997,1024,ACTIVE
E002-T000647,E002,E002-AS007,2026-08-18 20:00:00,EDR,1181,1174,ACTIVE
E002-T000648,E002,E002-AS008,2026-08-18 20:00:00,EDR,865,824,ACTIVE
E002-T000649,E002,E002-AS009,2026-08-18 20:00:00,EDR,831,820,ACTIVE
E002-T000650,E002,E002-AS010,2026-08-18 20:00:00,EDR,594,643,ACTIVE
E002-T000651,E002,E002-AS011,2026-08-18 20:00:00,EDR,653,704,ACTIVE
E002-T000652,E002,E002-AS012,2026-08-18 20:00:00,EMAIL_SECURITY,740,858,ACTIVE
E002-T000653,E002,E002-AS013,2026-08-18 20:00:00,IAM,1118,1076,ACTIVE
E002-T000654,E002,E002-AS014,2026-08-18 20:00:00,IAM,768,749,ACTIVE
E002-T000655,E002,E002-AS015,2026-08-18 20:00:00,FIREWALL,740,723,ACTIVE
E002-T000656,E002,E002-AS016,2026-08-18 20:00:00,FIREWALL,902,866,ACTIVE
E002-T000657,E002,E002-AS017,2026-08-18 20:00:00,FIREWALL,671,671,ACTIVE
E002-T000658,E002,E002-AS018,2026-08-18 20:00:00,IDS,562,607,ACTIVE
E002-T000659,E002,E002-AS019,2026-08-18 20:00:00,SIEM,1130,1167,ACTIVE
E002-T000660,E002,E002-AS020,2026-08-18 20:00:00,IAM,611,612,ACTIVE
E002-T000661,E002,E002-AS021,2026-08-18 20:00:00,EDR,660,648,ACTIVE
E002-T000662,E002,E002-AS022,2026-08-18 20:00:00,EDR,536,533,ACTIVE
E002-T000663,E002,E002-AS023,2026-08-18 20:00:00,EDR,408,430,ACTIVE
E002-T000664,E002,E002-AS024,2026-08-18 20:00:00,EDR,745,680,ACTIVE
E002-T000665,E002,E002-AS025,2026-08-18 20:00:00,EDR,879,942,ACTIVE
E002-T000666,E002,E002-AS026,2026-08-18 20:00:00,EDR,721,798,ACTIVE
E002-T000667,E002,E002-AS027,2026-08-18 20:00:00,EDR,1126,1111,ACTIVE
E002-T000668,E002,E002-AS028,2026-08-18 20:00:00,EDR,806,796,ACTIVE
E002-T000669,E002,E002-AS029,2026-08-18 20:00:00,IDS,699,724,ACTIVE
E002-T000670,E002,E002-AS030,2026-08-18 20:00:00,FIREWALL,546,555,ACTIVE
E002-T000671,E002,E002-AS031,2026-08-18 20:00:00,FIREWALL,568,596,ACTIVE
E002-T000672,E002,E002-AS032,2026-08-18 20:00:00,SIEM,754,815,ACTIVE
E002-T000673,E002,E002-AS001,2026-08-18 21:00:00,DATABASE,1047,1110,ACTIVE
E002-T000674,E002,E002-AS002,2026-08-18 21:00:00,EDR,1219,1122,ACTIVE
E002-T000675,E002,E002-AS003,2026-08-18 21:00:00,EDR,856,832,ACTIVE
E002-T000676,E002,E002-AS004,2026-08-18 21:00:00,EDR,944,1056,ACTIVE
E002-T000677,E002,E002-AS005,2026-08-18 21:00:00,EDR,800,881,ACTIVE
E002-T000678,E002,E002-AS006,2026-08-18 21:00:00,EDR,890,1024,ACTIVE
E002-T000679,E002,E002-AS007,2026-08-18 21:00:00,EDR,1117,1174,ACTIVE
E002-T000680,E002,E002-AS008,2026-08-18 21:00:00,EDR,756,824,ACTIVE
E002-T000681,E002,E002-AS009,2026-08-18 21:00:00,EDR,852,820,ACTIVE
E002-T000682,E002,E002-AS010,2026-08-18 21:00:00,EDR,614,643,ACTIVE
E002-T000683,E002,E002-AS011,2026-08-18 21:00:00,EDR,684,704,ACTIVE
E002-T000684,E002,E002-AS012,2026-08-18 21:00:00,EMAIL_SECURITY,836,858,ACTIVE
E002-T000685,E002,E002-AS013,2026-08-18 21:00:00,IAM,1097,1076,ACTIVE
E002-T000686,E002,E002-AS014,2026-08-18 21:00:00,IAM,748,749,ACTIVE
E002-T000687,E002,E002-AS015,2026-08-18 21:00:00,FIREWALL,709,723,ACTIVE
E002-T000688,E002,E002-AS016,2026-08-18 21:00:00,FIREWALL,844,866,ACTIVE
E002-T000689,E002,E002-AS017,2026-08-18 21:00:00,FIREWALL,723,671,ACTIVE
E002-T000690,E002,E002-AS018,2026-08-18 21:00:00,IDS,564,607,ACTIVE
E002-T000691,E002,E002-AS019,2026-08-18 21:00:00,SIEM,1122,1167,ACTIVE
E002-T000692,E002,E002-AS020,2026-08-18 21:00:00,IAM,632,612,ACTIVE
E002-T000693,E002,E002-AS021,2026-08-18 21:00:00,EDR,659,648,ACTIVE
E002-T000694,E002,E002-AS022,2026-08-18 21:00:00,EDR,576,533,ACTIVE
E002-T000695,E002,E002-AS023,2026-08-18 21:00:00,EDR,414,430,ACTIVE
E002-T000696,E002,E002-AS024,2026-08-18 21:00:00,EDR,663,680,ACTIVE
E002-T000697,E002,E002-AS025,2026-08-18 21:00:00,EDR,857,942,ACTIVE
E002-T000698,E002,E002-AS026,2026-08-18 21:00:00,EDR,760,798,ACTIVE
E002-T000699,E002,E002-AS027,2026-08-18 21:00:00,EDR,1138,1111,ACTIVE
E002-T000700,E002,E002-AS028,2026-08-18 21:00:00,EDR,839,796,ACTIVE
E002-T000701,E002,E002-AS029,2026-08-18 21:00:00,IDS,698,724,ACTIVE
E002-T000702,E002,E002-AS030,2026-08-18 21:00:00,FIREWALL,558,555,ACTIVE
E002-T000703,E002,E002-AS031,2026-08-18 21:00:00,FIREWALL,544,596,ACTIVE
E002-T000704,E002,E002-AS032,2026-08-18 21:00:00,SIEM,806,815,ACTIVE
E002-T000705,E002,E002-AS001,2026-08-18 22:00:00,DATABASE,1151,1110,ACTIVE
E002-T000706,E002,E002-AS002,2026-08-18 22:00:00,EDR,1144,1122,ACTIVE
E002-T000707,E002,E002-AS003,2026-08-18 22:00:00,EDR,909,832,ACTIVE
E002-T000708,E002,E002-AS004,2026-08-18 22:00:00,EDR,1050,1056,ACTIVE
E002-T000709,E002,E002-AS005,2026-08-18 22:00:00,EDR,853,881,ACTIVE
E002-T000710,E002,E002-AS006,2026-08-18 22:00:00,EDR,1056,1024,ACTIVE
E002-T000711,E002,E002-AS007,2026-08-18 22:00:00,EDR,1211,1174,ACTIVE
E002-T000712,E002,E002-AS008,2026-08-18 22:00:00,EDR,895,824,ACTIVE
E002-T000713,E002,E002-AS009,2026-08-18 22:00:00,EDR,884,820,ACTIVE
E002-T000714,E002,E002-AS010,2026-08-18 22:00:00,EDR,629,643,ACTIVE
E002-T000715,E002,E002-AS011,2026-08-18 22:00:00,EDR,721,704,ACTIVE
E002-T000716,E002,E002-AS012,2026-08-18 22:00:00,EMAIL_SECURITY,817,858,ACTIVE
E002-T000717,E002,E002-AS013,2026-08-18 22:00:00,IAM,1039,1076,ACTIVE
E002-T000718,E002,E002-AS014,2026-08-18 22:00:00,IAM,712,749,ACTIVE
E002-T000719,E002,E002-AS015,2026-08-18 22:00:00,FIREWALL,679,723,ACTIVE
E002-T000720,E002,E002-AS016,2026-08-18 22:00:00,FIREWALL,865,866,ACTIVE
E002-T000721,E002,E002-AS017,2026-08-18 22:00:00,FIREWALL,769,671,ACTIVE
E002-T000722,E002,E002-AS018,2026-08-18 22:00:00,IDS,568,607,ACTIVE
E002-T000723,E002,E002-AS019,2026-08-18 22:00:00,SIEM,1110,1167,ACTIVE
E002-T000724,E002,E002-AS020,2026-08-18 22:00:00,IAM,586,612,ACTIVE
E002-T000725,E002,E002-AS021,2026-08-18 22:00:00,EDR,641,648,ACTIVE
E002-T000726,E002,E002-AS022,2026-08-18 22:00:00,EDR,494,533,ACTIVE
E002-T000727,E002,E002-AS023,2026-08-18 22:00:00,EDR,435,430,ACTIVE
E002-T000728,E002,E002-AS024,2026-08-18 22:00:00,EDR,724,680,ACTIVE
E002-T000729,E002,E002-AS025,2026-08-18 22:00:00,EDR,973,942,ACTIVE
E002-T000730,E002,E002-AS026,2026-08-18 22:00:00,EDR,863,798,ACTIVE
E002-T000731,E002,E002-AS027,2026-08-18 22:00:00,EDR,1110,1111,ACTIVE
E002-T000732,E002,E002-AS028,2026-08-18 22:00:00,EDR,875,796,ACTIVE
E002-T000733,E002,E002-AS029,2026-08-18 22:00:00,IDS,697,724,ACTIVE
E002-T000734,E002,E002-AS030,2026-08-18 22:00:00,FIREWALL,536,555,ACTIVE
E002-T000735,E002,E002-AS031,2026-08-18 22:00:00,FIREWALL,644,596,ACTIVE
E002-T000736,E002,E002-AS032,2026-08-18 22:00:00,SIEM,763,815,ACTIVE
E002-T000737,E002,E002-AS001,2026-08-18 23:00:00,DATABASE,1161,1110,ACTIVE
E002-T000738,E002,E002-AS002,2026-08-18 23:00:00,EDR,1193,1122,ACTIVE
E002-T000739,E002,E002-AS003,2026-08-18 23:00:00,EDR,804,832,ACTIVE
E002-T000740,E002,E002-AS004,2026-08-18 23:00:00,EDR,909,1056,ACTIVE
E002-T000741,E002,E002-AS005,2026-08-18 23:00:00,EDR,780,881,ACTIVE
E002-T000742,E002,E002-AS006,2026-08-18 23:00:00,EDR,1008,1024,ACTIVE
E002-T000743,E002,E002-AS007,2026-08-18 23:00:00,EDR,1229,1174,ACTIVE
E002-T000744,E002,E002-AS008,2026-08-18 23:00:00,EDR,901,824,ACTIVE
E002-T000745,E002,E002-AS009,2026-08-18 23:00:00,EDR,840,820,ACTIVE
E002-T000746,E002,E002-AS010,2026-08-18 23:00:00,EDR,647,643,ACTIVE
E002-T000747,E002,E002-AS011,2026-08-18 23:00:00,EDR,736,704,ACTIVE
E002-T000748,E002,E002-AS012,2026-08-18 23:00:00,EMAIL_SECURITY,895,858,ACTIVE
E002-T000749,E002,E002-AS013,2026-08-18 23:00:00,IAM,1045,1076,ACTIVE
E002-T000750,E002,E002-AS014,2026-08-18 23:00:00,IAM,719,749,ACTIVE
E002-T000751,E002,E002-AS015,2026-08-18 23:00:00,FIREWALL,812,723,ACTIVE
E002-T000752,E002,E002-AS016,2026-08-18 23:00:00,FIREWALL,850,866,ACTIVE
E002-T000753,E002,E002-AS017,2026-08-18 23:00:00,FIREWALL,611,671,ACTIVE
E002-T000754,E002,E002-AS018,2026-08-18 23:00:00,IDS,627,607,ACTIVE
E002-T000755,E002,E002-AS019,2026-08-18 23:00:00,SIEM,1082,1167,ACTIVE
E002-T000756,E002,E002-AS020,2026-08-18 23:00:00,IAM,599,612,ACTIVE
E002-T000757,E002,E002-AS021,2026-08-18 23:00:00,EDR,645,648,ACTIVE
E002-T000758,E002,E002-AS022,2026-08-18 23:00:00,EDR,614,533,ACTIVE
E002-T000759,E002,E002-AS023,2026-08-18 23:00:00,EDR,438,430,ACTIVE
E002-T000760,E002,E002-AS024,2026-08-18 23:00:00,EDR,704,680,ACTIVE
E002-T000761,E002,E002-AS025,2026-08-18 23:00:00,EDR,858,942,ACTIVE
E002-T000762,E002,E002-AS026,2026-08-18 23:00:00,EDR,815,798,ACTIVE
E002-T000763,E002,E002-AS027,2026-08-18 23:00:00,EDR,1133,1111,ACTIVE
E002-T000764,E002,E002-AS028,2026-08-18 23:00:00,EDR,767,796,ACTIVE
E002-T000765,E002,E002-AS029,2026-08-18 23:00:00,IDS,720,724,ACTIVE
E002-T000766,E002,E002-AS030,2026-08-18 23:00:00,FIREWALL,551,555,ACTIVE
E002-T000767,E002,E002-AS031,2026-08-18 23:00:00,FIREWALL,622,596,ACTIVE
E002-T000768,E002,E002-AS032,2026-08-18 23:00:00,SIEM,745,815,ACTIVE
E002-T000769,E002,E002-AS001,2026-08-19 00:00:00,DATABASE,1089,1110,ACTIVE
E002-T000770,E002,E002-AS002,2026-08-19 00:00:00,EDR,1216,1122,ACTIVE
E002-T000771,E002,E002-AS003,2026-08-19 00:00:00,EDR,846,832,ACTIVE
E002-T000772,E002,E002-AS004,2026-08-19 00:00:00,EDR,954,1056,ACTIVE
E002-T000773,E002,E002-AS005,2026-08-19 00:00:00,EDR,864,881,ACTIVE
E002-T000774,E002,E002-AS006,2026-08-19 00:00:00,EDR,1032,1024,ACTIVE
E002-T000775,E002,E002-AS007,2026-08-19 00:00:00,EDR,1172,1174,ACTIVE
E002-T000776,E002,E002-AS008,2026-08-19 00:00:00,EDR,754,824,ACTIVE
E002-T000777,E002,E002-AS009,2026-08-19 00:00:00,EDR,822,820,ACTIVE
E002-T000778,E002,E002-AS010,2026-08-19 00:00:00,EDR,668,643,ACTIVE
E002-T000779,E002,E002-AS011,2026-08-19 00:00:00,EDR,676,704,ACTIVE
E002-T000780,E002,E002-AS012,2026-08-19 00:00:00,EMAIL_SECURITY,823,858,ACTIVE
E002-T000781,E002,E002-AS013,2026-08-19 00:00:00,IAM,951,1076,ACTIVE
E002-T000782,E002,E002-AS014,2026-08-19 00:00:00,IAM,788,749,ACTIVE
E002-T000783,E002,E002-AS015,2026-08-19 00:00:00,FIREWALL,697,723,ACTIVE
E002-T000784,E002,E002-AS016,2026-08-19 00:00:00,FIREWALL,851,866,ACTIVE
E002-T000785,E002,E002-AS017,2026-08-19 00:00:00,FIREWALL,716,671,ACTIVE
E002-T000786,E002,E002-AS018,2026-08-19 00:00:00,IDS,616,607,ACTIVE
E002-T000787,E002,E002-AS019,2026-08-19 00:00:00,SIEM,1118,1167,ACTIVE
E002-T000788,E002,E002-AS020,2026-08-19 00:00:00,IAM,526,612,ACTIVE
E002-T000789,E002,E002-AS021,2026-08-19 00:00:00,EDR,646,648,ACTIVE
E002-T000790,E002,E002-AS022,2026-08-19 00:00:00,EDR,546,533,ACTIVE
E002-T000791,E002,E002-AS023,2026-08-19 00:00:00,EDR,450,430,ACTIVE
E002-T000792,E002,E002-AS024,2026-08-19 00:00:00,EDR,751,680,ACTIVE
E002-T000793,E002,E002-AS025,2026-08-19 00:00:00,EDR,911,942,ACTIVE
E002-T000794,E002,E002-AS026,2026-08-19 00:00:00,EDR,808,798,ACTIVE
E002-T000795,E002,E002-AS027,2026-08-19 00:00:00,EDR,1131,1111,ACTIVE
E002-T000796,E002,E002-AS028,2026-08-19 00:00:00,EDR,867,796,ACTIVE
E002-T000797,E002,E002-AS029,2026-08-19 00:00:00,IDS,725,724,ACTIVE
E002-T000798,E002,E002-AS030,2026-08-19 00:00:00,FIREWALL,547,555,ACTIVE
E002-T000799,E002,E002-AS031,2026-08-19 00:00:00,FIREWALL,605,596,ACTIVE
E002-T000800,E002,E002-AS032,2026-08-19 00:00:00,SIEM,866,815,ACTIVE
E002-T000801,E002,E002-AS001,2026-08-19 01:00:00,DATABASE,1145,1110,ACTIVE
E002-T000802,E002,E002-AS002,2026-08-19 01:00:00,EDR,1215,1122,ACTIVE
E002-T000803,E002,E002-AS003,2026-08-19 01:00:00,EDR,947,832,ACTIVE
E002-T000804,E002,E002-AS004,2026-08-19 01:00:00,EDR,1088,1056,ACTIVE
E002-T000805,E002,E002-AS005,2026-08-19 01:00:00,EDR,875,881,ACTIVE
E002-T000806,E002,E002-AS006,2026-08-19 01:00:00,EDR,1080,1024,ACTIVE
E002-T000807,E002,E002-AS007,2026-08-19 01:00:00,EDR,1192,1174,ACTIVE
E002-T000808,E002,E002-AS008,2026-08-19 01:00:00,EDR,851,824,ACTIVE
E002-T000809,E002,E002-AS009,2026-08-19 01:00:00,EDR,795,820,ACTIVE
E002-T000810,E002,E002-AS010,2026-08-19 01:00:00,EDR,623,643,ACTIVE
E002-T000811,E002,E002-AS011,2026-08-19 01:00:00,EDR,715,704,ACTIVE
E002-T000812,E002,E002-AS012,2026-08-19 01:00:00,EMAIL_SECURITY,798,858,ACTIVE
E002-T000813,E002,E002-AS013,2026-08-19 01:00:00,IAM,1111,1076,ACTIVE
E002-T000814,E002,E002-AS014,2026-08-19 01:00:00,IAM,788,749,ACTIVE
E002-T000815,E002,E002-AS015,2026-08-19 01:00:00,FIREWALL,725,723,ACTIVE
E002-T000816,E002,E002-AS016,2026-08-19 01:00:00,FIREWALL,817,866,ACTIVE
E002-T000817,E002,E002-AS017,2026-08-19 01:00:00,FIREWALL,682,671,ACTIVE
E002-T000818,E002,E002-AS018,2026-08-19 01:00:00,IDS,601,607,ACTIVE
E002-T000819,E002,E002-AS019,2026-08-19 01:00:00,SIEM,1126,1167,ACTIVE
E002-T000820,E002,E002-AS020,2026-08-19 01:00:00,IAM,603,612,ACTIVE
E002-T000821,E002,E002-AS021,2026-08-19 01:00:00,EDR,613,648,ACTIVE
E002-T000822,E002,E002-AS022,2026-08-19 01:00:00,EDR,544,533,ACTIVE
E002-T000823,E002,E002-AS023,2026-08-19 01:00:00,EDR,461,430,ACTIVE
E002-T000824,E002,E002-AS024,2026-08-19 01:00:00,EDR,713,680,ACTIVE
E002-T000825,E002,E002-AS025,2026-08-19 01:00:00,EDR,986,942,ACTIVE
E002-T000826,E002,E002-AS026,2026-08-19 01:00:00,EDR,847,798,ACTIVE
E002-T000827,E002,E002-AS027,2026-08-19 01:00:00,EDR,1175,1111,ACTIVE
E002-T000828,E002,E002-AS028,2026-08-19 01:00:00,EDR,766,796,ACTIVE
E002-T000829,E002,E002-AS029,2026-08-19 01:00:00,IDS,752,724,ACTIVE
E002-T000830,E002,E002-AS030,2026-08-19 01:00:00,FIREWALL,525,555,ACTIVE
E002-T000831,E002,E002-AS031,2026-08-19 01:00:00,FIREWALL,618,596,ACTIVE
E002-T000832,E002,E002-AS032,2026-08-19 01:00:00,SIEM,844,815,ACTIVE
E002-T000833,E002,E002-AS001,2026-08-19 02:00:00,DATABASE,1073,1110,ACTIVE
E002-T000834,E002,E002-AS002,2026-08-19 02:00:00,EDR,1126,1122,ACTIVE
E002-T000835,E002,E002-AS003,2026-08-19 02:00:00,EDR,804,832,ACTIVE
E002-T000836,E002,E002-AS004,2026-08-19 02:00:00,EDR,1088,1056,ACTIVE
E002-T000837,E002,E002-AS005,2026-08-19 02:00:00,EDR,851,881,ACTIVE
E002-T000838,E002,E002-AS006,2026-08-19 02:00:00,EDR,1018,1024,ACTIVE
E002-T000839,E002,E002-AS007,2026-08-19 02:00:00,EDR,1071,1174,ACTIVE
E002-T000840,E002,E002-AS008,2026-08-19 02:00:00,EDR,785,824,ACTIVE
E002-T000841,E002,E002-AS009,2026-08-19 02:00:00,EDR,794,820,ACTIVE
E002-T000842,E002,E002-AS010,2026-08-19 02:00:00,EDR,600,643,ACTIVE
E002-T000843,E002,E002-AS011,2026-08-19 02:00:00,EDR,696,704,ACTIVE
E002-T000844,E002,E002-AS012,2026-08-19 02:00:00,EMAIL_SECURITY,965,858,ACTIVE
E002-T000845,E002,E002-AS013,2026-08-19 02:00:00,IAM,1162,1076,ACTIVE
E002-T000846,E002,E002-AS014,2026-08-19 02:00:00,IAM,794,749,ACTIVE
E002-T000847,E002,E002-AS015,2026-08-19 02:00:00,FIREWALL,708,723,ACTIVE
E002-T000848,E002,E002-AS016,2026-08-19 02:00:00,FIREWALL,890,866,ACTIVE
E002-T000849,E002,E002-AS017,2026-08-19 02:00:00,FIREWALL,707,671,ACTIVE
E002-T000850,E002,E002-AS018,2026-08-19 02:00:00,IDS,572,607,ACTIVE
E002-T000851,E002,E002-AS019,2026-08-19 02:00:00,SIEM,1250,1167,ACTIVE
E002-T000852,E002,E002-AS020,2026-08-19 02:00:00,IAM,646,612,ACTIVE
E002-T000853,E002,E002-AS021,2026-08-19 02:00:00,EDR,661,648,ACTIVE
E002-T000854,E002,E002-AS022,2026-08-19 02:00:00,EDR,589,533,ACTIVE
E002-T000855,E002,E002-AS023,2026-08-19 02:00:00,EDR,407,430,ACTIVE
E002-T000856,E002,E002-AS024,2026-08-19 02:00:00,EDR,706,680,ACTIVE
E002-T000857,E002,E002-AS025,2026-08-19 02:00:00,EDR,1092,942,ACTIVE
E002-T000858,E002,E002-AS026,2026-08-19 02:00:00,EDR,818,798,ACTIVE
E002-T000859,E002,E002-AS027,2026-08-19 02:00:00,EDR,1079,1111,ACTIVE
E002-T000860,E002,E002-AS028,2026-08-19 02:00:00,EDR,781,796,ACTIVE
E002-T000861,E002,E002-AS029,2026-08-19 02:00:00,IDS,742,724,ACTIVE
E002-T000862,E002,E002-AS030,2026-08-19 02:00:00,FIREWALL,548,555,ACTIVE
E002-T000863,E002,E002-AS031,2026-08-19 02:00:00,FIREWALL,632,596,ACTIVE
E002-T000864,E002,E002-AS032,2026-08-19 02:00:00,SIEM,809,815,ACTIVE
E002-T000865,E002,E002-AS001,2026-08-19 03:00:00,DATABASE,990,1110,ACTIVE
E002-T000866,E002,E002-AS002,2026-08-19 03:00:00,EDR,1139,1122,ACTIVE
E002-T000867,E002,E002-AS003,2026-08-19 03:00:00,EDR,827,832,ACTIVE
E002-T000868,E002,E002-AS004,2026-08-19 03:00:00,EDR,964,1056,ACTIVE
E002-T000869,E002,E002-AS005,2026-08-19 03:00:00,EDR,866,881,ACTIVE
E002-T000870,E002,E002-AS006,2026-08-19 03:00:00,EDR,1052,1024,ACTIVE
E002-T000871,E002,E002-AS007,2026-08-19 03:00:00,EDR,1114,1174,ACTIVE
E002-T000872,E002,E002-AS008,2026-08-19 03:00:00,EDR,884,824,ACTIVE
E002-T000873,E002,E002-AS009,2026-08-19 03:00:00,EDR,834,820,ACTIVE
E002-T000874,E002,E002-AS010,2026-08-19 03:00:00,EDR,620,643,ACTIVE
E002-T000875,E002,E002-AS011,2026-08-19 03:00:00,EDR,616,704,ACTIVE
E002-T000876,E002,E002-AS012,2026-08-19 03:00:00,EMAIL_SECURITY,832,858,ACTIVE
E002-T000877,E002,E002-AS013,2026-08-19 03:00:00,IAM,1050,1076,ACTIVE
E002-T000878,E002,E002-AS014,2026-08-19 03:00:00,IAM,843,749,ACTIVE
E002-T000879,E002,E002-AS015,2026-08-19 03:00:00,FIREWALL,679,723,ACTIVE
E002-T000880,E002,E002-AS016,2026-08-19 03:00:00,FIREWALL,881,866,ACTIVE
E002-T000881,E002,E002-AS017,2026-08-19 03:00:00,FIREWALL,717,671,ACTIVE
E002-T000882,E002,E002-AS018,2026-08-19 03:00:00,IDS,639,607,ACTIVE
E002-T000883,E002,E002-AS019,2026-08-19 03:00:00,SIEM,1110,1167,ACTIVE
E002-T000884,E002,E002-AS020,2026-08-19 03:00:00,IAM,629,612,ACTIVE
E002-T000885,E002,E002-AS021,2026-08-19 03:00:00,EDR,714,648,ACTIVE
E002-T000886,E002,E002-AS022,2026-08-19 03:00:00,EDR,520,533,ACTIVE
E002-T000887,E002,E002-AS023,2026-08-19 03:00:00,EDR,450,430,ACTIVE
E002-T000888,E002,E002-AS024,2026-08-19 03:00:00,EDR,701,680,ACTIVE
E002-T000889,E002,E002-AS025,2026-08-19 03:00:00,EDR,916,942,ACTIVE
E002-T000890,E002,E002-AS026,2026-08-19 03:00:00,EDR,812,798,ACTIVE
E002-T000891,E002,E002-AS027,2026-08-19 03:00:00,EDR,1217,1111,ACTIVE
E002-T000892,E002,E002-AS028,2026-08-19 03:00:00,EDR,839,796,ACTIVE
E002-T000893,E002,E002-AS029,2026-08-19 03:00:00,IDS,774,724,ACTIVE
E002-T000894,E002,E002-AS030,2026-08-19 03:00:00,FIREWALL,552,555,ACTIVE
E002-T000895,E002,E002-AS031,2026-08-19 03:00:00,FIREWALL,615,596,ACTIVE
E002-T000896,E002,E002-AS032,2026-08-19 03:00:00,SIEM,823,815,ACTIVE
E002-T000897,E002,E002-AS001,2026-08-19 04:00:00,DATABASE,1083,1110,ACTIVE
E002-T000898,E002,E002-AS002,2026-08-19 04:00:00,EDR,1095,1122,ACTIVE
E002-T000899,E002,E002-AS003,2026-08-19 04:00:00,EDR,886,832,ACTIVE
E002-T000900,E002,E002-AS004,2026-08-19 04:00:00,EDR,1112,1056,ACTIVE
E002-T000901,E002,E002-AS005,2026-08-19 04:00:00,EDR,839,881,ACTIVE
E002-T000902,E002,E002-AS006,2026-08-19 04:00:00,EDR,1018,1024,ACTIVE
E002-T000903,E002,E002-AS007,2026-08-19 04:00:00,EDR,1115,1174,ACTIVE
E002-T000904,E002,E002-AS008,2026-08-19 04:00:00,EDR,815,824,ACTIVE
E002-T000905,E002,E002-AS009,2026-08-19 04:00:00,EDR,850,820,ACTIVE
E002-T000906,E002,E002-AS010,2026-08-19 04:00:00,EDR,603,643,ACTIVE
E002-T000907,E002,E002-AS011,2026-08-19 04:00:00,EDR,698,704,ACTIVE
E002-T000908,E002,E002-AS012,2026-08-19 04:00:00,EMAIL_SECURITY,848,858,ACTIVE
E002-T000909,E002,E002-AS013,2026-08-19 04:00:00,IAM,1166,1076,ACTIVE
E002-T000910,E002,E002-AS014,2026-08-19 04:00:00,IAM,730,749,ACTIVE
E002-T000911,E002,E002-AS015,2026-08-19 04:00:00,FIREWALL,726,723,ACTIVE
E002-T000912,E002,E002-AS016,2026-08-19 04:00:00,FIREWALL,880,866,ACTIVE
E002-T000913,E002,E002-AS017,2026-08-19 04:00:00,FIREWALL,578,671,ACTIVE
E002-T000914,E002,E002-AS018,2026-08-19 04:00:00,IDS,597,607,ACTIVE
E002-T000915,E002,E002-AS019,2026-08-19 04:00:00,SIEM,1029,1167,ACTIVE
E002-T000916,E002,E002-AS020,2026-08-19 04:00:00,IAM,572,612,ACTIVE
E002-T000917,E002,E002-AS021,2026-08-19 04:00:00,EDR,625,648,ACTIVE
E002-T000918,E002,E002-AS022,2026-08-19 04:00:00,EDR,586,533,ACTIVE
E002-T000919,E002,E002-AS023,2026-08-19 04:00:00,EDR,470,430,ACTIVE
E002-T000920,E002,E002-AS024,2026-08-19 04:00:00,EDR,773,680,ACTIVE
E002-T000921,E002,E002-AS025,2026-08-19 04:00:00,EDR,876,942,ACTIVE
E002-T000922,E002,E002-AS026,2026-08-19 04:00:00,EDR,732,798,ACTIVE
E002-T000923,E002,E002-AS027,2026-08-19 04:00:00,EDR,1096,1111,ACTIVE
E002-T000924,E002,E002-AS028,2026-08-19 04:00:00,EDR,840,796,ACTIVE
E002-T000925,E002,E002-AS029,2026-08-19 04:00:00,IDS,727,724,ACTIVE
E002-T000926,E002,E002-AS030,2026-08-19 04:00:00,FIREWALL,598,555,ACTIVE
E002-T000927,E002,E002-AS031,2026-08-19 04:00:00,FIREWALL,588,596,ACTIVE
E002-T000928,E002,E002-AS032,2026-08-19 04:00:00,SIEM,712,815,ACTIVE
E002-T000929,E002,E002-AS001,2026-08-19 05:00:00,DATABASE,1155,1110,ACTIVE
E002-T000930,E002,E002-AS002,2026-08-19 05:00:00,EDR,1039,1122,ACTIVE
E002-T000931,E002,E002-AS003,2026-08-19 05:00:00,EDR,841,832,ACTIVE
E002-T000932,E002,E002-AS004,2026-08-19 05:00:00,EDR,1088,1056,ACTIVE
E002-T000933,E002,E002-AS005,2026-08-19 05:00:00,EDR,898,881,ACTIVE
E002-T000934,E002,E002-AS006,2026-08-19 05:00:00,EDR,951,1024,ACTIVE
E002-T000935,E002,E002-AS007,2026-08-19 05:00:00,EDR,1362,1174,ACTIVE
E002-T000936,E002,E002-AS008,2026-08-19 05:00:00,EDR,749,824,ACTIVE
E002-T000937,E002,E002-AS009,2026-08-19 05:00:00,EDR,784,820,ACTIVE
E002-T000938,E002,E002-AS010,2026-08-19 05:00:00,EDR,666,643,ACTIVE
E002-T000939,E002,E002-AS011,2026-08-19 05:00:00,EDR,711,704,ACTIVE
E002-T000940,E002,E002-AS012,2026-08-19 05:00:00,EMAIL_SECURITY,871,858,ACTIVE
E002-T000941,E002,E002-AS013,2026-08-19 05:00:00,IAM,1019,1076,ACTIVE
E002-T000942,E002,E002-AS014,2026-08-19 05:00:00,IAM,751,749,ACTIVE
E002-T000943,E002,E002-AS015,2026-08-19 05:00:00,FIREWALL,736,723,ACTIVE
E002-T000944,E002,E002-AS016,2026-08-19 05:00:00,FIREWALL,773,866,ACTIVE
E002-T000945,E002,E002-AS017,2026-08-19 05:00:00,FIREWALL,657,671,ACTIVE
E002-T000946,E002,E002-AS018,2026-08-19 05:00:00,IDS,593,607,ACTIVE
E002-T000947,E002,E002-AS019,2026-08-19 05:00:00,SIEM,1217,1167,ACTIVE
E002-T000948,E002,E002-AS020,2026-08-19 05:00:00,IAM,649,612,ACTIVE
E002-T000949,E002,E002-AS021,2026-08-19 05:00:00,EDR,664,648,ACTIVE
E002-T000950,E002,E002-AS022,2026-08-19 05:00:00,EDR,511,533,ACTIVE
E002-T000951,E002,E002-AS023,2026-08-19 05:00:00,EDR,420,430,ACTIVE
E002-T000952,E002,E002-AS024,2026-08-19 05:00:00,EDR,668,680,ACTIVE
E002-T000953,E002,E002-AS025,2026-08-19 05:00:00,EDR,948,942,ACTIVE
E002-T000954,E002,E002-AS026,2026-08-19 05:00:00,EDR,763,798,ACTIVE
E002-T000955,E002,E002-AS027,2026-08-19 05:00:00,EDR,1085,1111,ACTIVE
E002-T000956,E002,E002-AS028,2026-08-19 05:00:00,EDR,783,796,ACTIVE
E002-T000957,E002,E002-AS029,2026-08-19 05:00:00,IDS,739,724,ACTIVE
E002-T000958,E002,E002-AS030,2026-08-19 05:00:00,FIREWALL,621,555,ACTIVE
E002-T000959,E002,E002-AS031,2026-08-19 05:00:00,FIREWALL,660,596,ACTIVE
E002-T000960,E002,E002-AS032,2026-08-19 05:00:00,SIEM,820,815,ACTIVE
E002-T000961,E002,E002-AS001,2026-08-19 06:00:00,DATABASE,1136,1110,ACTIVE
E002-T000962,E002,E002-AS002,2026-08-19 06:00:00,EDR,1116,1122,ACTIVE
E002-T000963,E002,E002-AS003,2026-08-19 06:00:00,EDR,787,832,ACTIVE
E002-T000964,E002,E002-AS004,2026-08-19 06:00:00,EDR,974,1056,ACTIVE
E002-T000965,E002,E002-AS005,2026-08-19 06:00:00,EDR,824,881,ACTIVE
E002-T000966,E002,E002-AS006,2026-08-19 06:00:00,EDR,971,1024,ACTIVE
E002-T000967,E002,E002-AS007,2026-08-19 06:00:00,EDR,1242,1174,ACTIVE
E002-T000968,E002,E002-AS008,2026-08-19 06:00:00,EDR,842,824,ACTIVE
E002-T000969,E002,E002-AS009,2026-08-19 06:00:00,EDR,869,820,ACTIVE
E002-T000970,E002,E002-AS010,2026-08-19 06:00:00,EDR,568,643,ACTIVE
E002-T000971,E002,E002-AS011,2026-08-19 06:00:00,EDR,684,704,ACTIVE
E002-T000972,E002,E002-AS012,2026-08-19 06:00:00,EMAIL_SECURITY,888,858,ACTIVE
E002-T000973,E002,E002-AS013,2026-08-19 06:00:00,IAM,1072,1076,ACTIVE
E002-T000974,E002,E002-AS014,2026-08-19 06:00:00,IAM,735,749,ACTIVE
E002-T000975,E002,E002-AS015,2026-08-19 06:00:00,FIREWALL,758,723,ACTIVE
E002-T000976,E002,E002-AS016,2026-08-19 06:00:00,FIREWALL,879,866,ACTIVE
E002-T000977,E002,E002-AS017,2026-08-19 06:00:00,FIREWALL,686,671,ACTIVE
E002-T000978,E002,E002-AS018,2026-08-19 06:00:00,IDS,575,607,ACTIVE
E002-T000979,E002,E002-AS019,2026-08-19 06:00:00,SIEM,1090,1167,ACTIVE
E002-T000980,E002,E002-AS020,2026-08-19 06:00:00,IAM,621,612,ACTIVE
E002-T000981,E002,E002-AS021,2026-08-19 06:00:00,EDR,646,648,ACTIVE
E002-T000982,E002,E002-AS022,2026-08-19 06:00:00,EDR,561,533,ACTIVE
E002-T000983,E002,E002-AS023,2026-08-19 06:00:00,EDR,412,430,ACTIVE
E002-T000984,E002,E002-AS024,2026-08-19 06:00:00,EDR,721,680,ACTIVE
E002-T000985,E002,E002-AS025,2026-08-19 06:00:00,EDR,915,942,ACTIVE
E002-T000986,E002,E002-AS026,2026-08-19 06:00:00,EDR,804,798,ACTIVE
E002-T000987,E002,E002-AS027,2026-08-19 06:00:00,EDR,1182,1111,ACTIVE
E002-T000988,E002,E002-AS028,2026-08-19 06:00:00,EDR,802,796,ACTIVE
E002-T000989,E002,E002-AS029,2026-08-19 06:00:00,IDS,728,724,ACTIVE
E002-T000990,E002,E002-AS030,2026-08-19 06:00:00,FIREWALL,574,555,ACTIVE
E002-T000991,E002,E002-AS031,2026-08-19 06:00:00,FIREWALL,639,596,ACTIVE
E002-T000992,E002,E002-AS032,2026-08-19 06:00:00,SIEM,823,815,ACTIVE
E002-T000993,E002,E002-AS001,2026-08-19 07:00:00,DATABASE,1050,1110,ACTIVE
E002-T000994,E002,E002-AS002,2026-08-19 07:00:00,EDR,1182,1122,ACTIVE
E002-T000995,E002,E002-AS003,2026-08-19 07:00:00,EDR,898,832,ACTIVE
E002-T000996,E002,E002-AS004,2026-08-19 07:00:00,EDR,1078,1056,ACTIVE
E002-T000997,E002,E002-AS005,2026-08-19 07:00:00,EDR,842,881,ACTIVE
E002-T000998,E002,E002-AS006,2026-08-19 07:00:00,EDR,1035,1024,ACTIVE
E002-T000999,E002,E002-AS007,2026-08-19 07:00:00,EDR,1049,1174,ACTIVE
E002-T001000,E002,E002-AS008,2026-08-19 07:00:00,EDR,795,824,ACTIVE
E002-T001001,E002,E002-AS009,2026-08-19 07:00:00,EDR,742,820,ACTIVE
E002-T001002,E002,E002-AS010,2026-08-19 07:00:00,EDR,609,643,ACTIVE
E002-T001003,E002,E002-AS011,2026-08-19 07:00:00,EDR,719,704,ACTIVE
E002-T001004,E002,E002-AS012,2026-08-19 07:00:00,EMAIL_SECURITY,849,858,ACTIVE
E002-T001005,E002,E002-AS013,2026-08-19 07:00:00,IAM,1048,1076,ACTIVE
E002-T001006,E002,E002-AS014,2026-08-19 07:00:00,IAM,743,749,ACTIVE
E002-T001007,E002,E002-AS015,2026-08-19 07:00:00,FIREWALL,739,723,ACTIVE
E002-T001008,E002,E002-AS016,2026-08-19 07:00:00,FIREWALL,917,866,ACTIVE
E002-T001009,E002,E002-AS017,2026-08-19 07:00:00,FIREWALL,698,671,ACTIVE
E002-T001010,E002,E002-AS018,2026-08-19 07:00:00,IDS,599,607,ACTIVE
E002-T001011,E002,E002-AS019,2026-08-19 07:00:00,SIEM,1175,1167,ACTIVE
E002-T001012,E002,E002-AS020,2026-08-19 07:00:00,IAM,531,612,ACTIVE
E002-T001013,E002,E002-AS021,2026-08-19 07:00:00,EDR,653,648,ACTIVE
E002-T001014,E002,E002-AS022,2026-08-19 07:00:00,EDR,543,533,ACTIVE
E002-T001015,E002,E002-AS023,2026-08-19 07:00:00,EDR,401,430,ACTIVE
E002-T001016,E002,E002-AS024,2026-08-19 07:00:00,EDR,681,680,ACTIVE
E002-T001017,E002,E002-AS025,2026-08-19 07:00:00,EDR,975,942,ACTIVE
E002-T001018,E002,E002-AS026,2026-08-19 07:00:00,EDR,865,798,ACTIVE
E002-T001019,E002,E002-AS027,2026-08-19 07:00:00,EDR,1087,1111,ACTIVE
E002-T001020,E002,E002-AS028,2026-08-19 07:00:00,EDR,747,796,ACTIVE
E002-T001021,E002,E002-AS029,2026-08-19 07:00:00,IDS,705,724,ACTIVE
E002-T001022,E002,E002-AS030,2026-08-19 07:00:00,FIREWALL,571,555,ACTIVE
E002-T001023,E002,E002-AS031,2026-08-19 07:00:00,FIREWALL,669,596,ACTIVE
E002-T001024,E002,E002-AS032,2026-08-19 07:00:00,SIEM,774,815,ACTIVE
E002-T001025,E002,E002-AS001,2026-08-19 08:00:00,DATABASE,1126,1110,ACTIVE
E002-T001026,E002,E002-AS002,2026-08-19 08:00:00,EDR,1182,1122,ACTIVE
E002-T001027,E002,E002-AS003,2026-08-19 08:00:00,EDR,839,832,ACTIVE
E002-T001028,E002,E002-AS004,2026-08-19 08:00:00,EDR,1064,1056,ACTIVE
E002-T001029,E002,E002-AS005,2026-08-19 08:00:00,EDR,883,881,ACTIVE
E002-T001030,E002,E002-AS006,2026-08-19 08:00:00,EDR,1064,1024,ACTIVE
E002-T001031,E002,E002-AS007,2026-08-19 08:00:00,EDR,1182,1174,ACTIVE
E002-T001032,E002,E002-AS008,2026-08-19 08:00:00,EDR,820,824,ACTIVE
E002-T001033,E002,E002-AS009,2026-08-19 08:00:00,EDR,786,820,ACTIVE
E002-T001034,E002,E002-AS010,2026-08-19 08:00:00,EDR,657,643,ACTIVE
E002-T001035,E002,E002-AS011,2026-08-19 08:00:00,EDR,684,704,ACTIVE
E002-T001036,E002,E002-AS012,2026-08-19 08:00:00,EMAIL_SECURITY,953,858,ACTIVE
E002-T001037,E002,E002-AS013,2026-08-19 08:00:00,IAM,1079,1076,ACTIVE
E002-T001038,E002,E002-AS014,2026-08-19 08:00:00,IAM,733,749,ACTIVE
E002-T001039,E002,E002-AS015,2026-08-19 08:00:00,FIREWALL,759,723,ACTIVE
E002-T001040,E002,E002-AS016,2026-08-19 08:00:00,FIREWALL,953,866,ACTIVE
E002-T001041,E002,E002-AS017,2026-08-19 08:00:00,FIREWALL,731,671,ACTIVE
E002-T001042,E002,E002-AS018,2026-08-19 08:00:00,IDS,625,607,ACTIVE
E002-T001043,E002,E002-AS019,2026-08-19 08:00:00,SIEM,1067,1167,ACTIVE
E002-T001044,E002,E002-AS020,2026-08-19 08:00:00,IAM,574,612,ACTIVE
E002-T001045,E002,E002-AS021,2026-08-19 08:00:00,EDR,657,648,ACTIVE
E002-T001046,E002,E002-AS022,2026-08-19 08:00:00,EDR,530,533,ACTIVE
E002-T001047,E002,E002-AS023,2026-08-19 08:00:00,EDR,398,430,ACTIVE
E002-T001048,E002,E002-AS024,2026-08-19 08:00:00,EDR,610,680,ACTIVE
E002-T001049,E002,E002-AS025,2026-08-19 08:00:00,EDR,900,942,ACTIVE
E002-T001050,E002,E002-AS026,2026-08-19 08:00:00,EDR,854,798,ACTIVE
E002-T001051,E002,E002-AS027,2026-08-19 08:00:00,EDR,1123,1111,ACTIVE
E002-T001052,E002,E002-AS028,2026-08-19 08:00:00,EDR,747,796,ACTIVE
E002-T001053,E002,E002-AS029,2026-08-19 08:00:00,IDS,669,724,ACTIVE
E002-T001054,E002,E002-AS030,2026-08-19 08:00:00,FIREWALL,533,555,ACTIVE
E002-T001055,E002,E002-AS031,2026-08-19 08:00:00,FIREWALL,606,596,ACTIVE
E002-T001056,E002,E002-AS032,2026-08-19 08:00:00,SIEM,794,815,ACTIVE
E002-T001057,E002,E002-AS001,2026-08-19 09:00:00,DATABASE,1105,1110,ACTIVE
E002-T001058,E002,E002-AS002,2026-08-19 09:00:00,EDR,1108,1122,ACTIVE
E002-T001059,E002,E002-AS003,2026-08-19 09:00:00,EDR,838,832,ACTIVE
E002-T001060,E002,E002-AS004,2026-08-19 09:00:00,EDR,1018,1056,ACTIVE
E002-T001061,E002,E002-AS005,2026-08-19 09:00:00,EDR,839,881,ACTIVE
E002-T001062,E002,E002-AS006,2026-08-19 09:00:00,EDR,1000,1024,ACTIVE
E002-T001063,E002,E002-AS007,2026-08-19 09:00:00,EDR,1048,1174,ACTIVE
E002-T001064,E002,E002-AS008,2026-08-19 09:00:00,EDR,761,824,ACTIVE
E002-T001065,E002,E002-AS009,2026-08-19 09:00:00,EDR,756,820,ACTIVE
E002-T001066,E002,E002-AS010,2026-08-19 09:00:00,EDR,613,643,ACTIVE
E002-T001067,E002,E002-AS011,2026-08-19 09:00:00,EDR,688,704,ACTIVE
E002-T001068,E002,E002-AS012,2026-08-19 09:00:00,EMAIL_SECURITY,822,858,ACTIVE
E002-T001069,E002,E002-AS013,2026-08-19 09:00:00,IAM,1100,1076,ACTIVE
E002-T001070,E002,E002-AS014,2026-08-19 09:00:00,IAM,755,749,ACTIVE
E002-T001071,E002,E002-AS015,2026-08-19 09:00:00,FIREWALL,703,723,ACTIVE
E002-T001072,E002,E002-AS016,2026-08-19 09:00:00,FIREWALL,851,866,ACTIVE
E002-T001073,E002,E002-AS017,2026-08-19 09:00:00,FIREWALL,654,671,ACTIVE
E002-T001074,E002,E002-AS018,2026-08-19 09:00:00,IDS,604,607,ACTIVE
E002-T001075,E002,E002-AS019,2026-08-19 09:00:00,SIEM,1209,1167,ACTIVE
E002-T001076,E002,E002-AS020,2026-08-19 09:00:00,IAM,658,612,ACTIVE
E002-T001077,E002,E002-AS021,2026-08-19 09:00:00,EDR,581,648,ACTIVE
E002-T001078,E002,E002-AS022,2026-08-19 09:00:00,EDR,543,533,ACTIVE
E002-T001079,E002,E002-AS023,2026-08-19 09:00:00,EDR,400,430,ACTIVE
E002-T001080,E002,E002-AS024,2026-08-19 09:00:00,EDR,675,680,ACTIVE
E002-T001081,E002,E002-AS025,2026-08-19 09:00:00,EDR,975,942,ACTIVE
E002-T001082,E002,E002-AS026,2026-08-19 09:00:00,EDR,808,798,ACTIVE
E002-T001083,E002,E002-AS027,2026-08-19 09:00:00,EDR,1110,1111,ACTIVE
E002-T001084,E002,E002-AS028,2026-08-19 09:00:00,EDR,797,796,ACTIVE
E002-T001085,E002,E002-AS029,2026-08-19 09:00:00,IDS,722,724,ACTIVE
E002-T001086,E002,E002-AS030,2026-08-19 09:00:00,FIREWALL,524,555,ACTIVE
E002-T001087,E002,E002-AS031,2026-08-19 09:00:00,FIREWALL,556,596,ACTIVE
E002-T001088,E002,E002-AS032,2026-08-19 09:00:00,SIEM,869,815,ACTIVE
E002-T001089,E002,E002-AS001,2026-08-19 10:00:00,DATABASE,1081,1110,ACTIVE
E002-T001090,E002,E002-AS002,2026-08-19 10:00:00,EDR,1214,1122,ACTIVE
E002-T001091,E002,E002-AS003,2026-08-19 10:00:00,EDR,808,832,ACTIVE
E002-T001092,E002,E002-AS004,2026-08-19 10:00:00,EDR,1085,1056,ACTIVE
E002-T001093,E002,E002-AS005,2026-08-19 10:00:00,EDR,963,881,ACTIVE
E002-T001094,E002,E002-AS006,2026-08-19 10:00:00,EDR,1012,1024,ACTIVE
E002-T001095,E002,E002-AS007,2026-08-19 10:00:00,EDR,1164,1174,ACTIVE
E002-T001096,E002,E002-AS008,2026-08-19 10:00:00,EDR,821,824,ACTIVE
E002-T001097,E002,E002-AS009,2026-08-19 10:00:00,EDR,838,820,ACTIVE
E002-T001098,E002,E002-AS010,2026-08-19 10:00:00,EDR,666,643,ACTIVE
E002-T001099,E002,E002-AS011,2026-08-19 10:00:00,EDR,678,704,ACTIVE
E002-T001100,E002,E002-AS012,2026-08-19 10:00:00,EMAIL_SECURITY,804,858,ACTIVE
E002-T001101,E002,E002-AS013,2026-08-19 10:00:00,IAM,1064,1076,ACTIVE
E002-T001102,E002,E002-AS014,2026-08-19 10:00:00,IAM,817,749,ACTIVE
E002-T001103,E002,E002-AS015,2026-08-19 10:00:00,FIREWALL,835,723,ACTIVE
E002-T001104,E002,E002-AS016,2026-08-19 10:00:00,FIREWALL,831,866,ACTIVE
E002-T001105,E002,E002-AS017,2026-08-19 10:00:00,FIREWALL,714,671,ACTIVE
E002-T001106,E002,E002-AS018,2026-08-19 10:00:00,IDS,586,607,ACTIVE
E002-T001107,E002,E002-AS019,2026-08-19 10:00:00,SIEM,1155,1167,ACTIVE
E002-T001108,E002,E002-AS020,2026-08-19 10:00:00,IAM,636,612,ACTIVE
E002-T001109,E002,E002-AS021,2026-08-19 10:00:00,EDR,659,648,ACTIVE
E002-T001110,E002,E002-AS022,2026-08-19 10:00:00,EDR,543,533,ACTIVE
E002-T001111,E002,E002-AS023,2026-08-19 10:00:00,EDR,445,430,ACTIVE
E002-T001112,E002,E002-AS024,2026-08-19 10:00:00,EDR,557,680,ACTIVE
E002-T001113,E002,E002-AS025,2026-08-19 10:00:00,EDR,989,942,ACTIVE
E002-T001114,E002,E002-AS026,2026-08-19 10:00:00,EDR,780,798,ACTIVE
E002-T001115,E002,E002-AS027,2026-08-19 10:00:00,EDR,1194,1111,ACTIVE
E002-T001116,E002,E002-AS028,2026-08-19 10:00:00,EDR,782,796,ACTIVE
E002-T001117,E002,E002-AS029,2026-08-19 10:00:00,IDS,740,724,ACTIVE
E002-T001118,E002,E002-AS030,2026-08-19 10:00:00,FIREWALL,512,555,ACTIVE
E002-T001119,E002,E002-AS031,2026-08-19 10:00:00,FIREWALL,555,596,ACTIVE
E002-T001120,E002,E002-AS032,2026-08-19 10:00:00,SIEM,839,815,ACTIVE
E002-T001121,E002,E002-AS001,2026-08-19 11:00:00,DATABASE,1063,1110,ACTIVE
E002-T001122,E002,E002-AS002,2026-08-19 11:00:00,EDR,1187,1122,ACTIVE
E002-T001123,E002,E002-AS003,2026-08-19 11:00:00,EDR,920,832,ACTIVE
E002-T001124,E002,E002-AS004,2026-08-19 11:00:00,EDR,1019,1056,ACTIVE
E002-T001125,E002,E002-AS005,2026-08-19 11:00:00,EDR,905,881,ACTIVE
E002-T001126,E002,E002-AS006,2026-08-19 11:00:00,EDR,931,1024,ACTIVE
E002-T001127,E002,E002-AS007,2026-08-19 11:00:00,EDR,1271,1174,ACTIVE
E002-T001128,E002,E002-AS008,2026-08-19 11:00:00,EDR,825,824,ACTIVE
E002-T001129,E002,E002-AS009,2026-08-19 11:00:00,EDR,802,820,ACTIVE
E002-T001130,E002,E002-AS010,2026-08-19 11:00:00,EDR,636,643,ACTIVE
E002-T001131,E002,E002-AS011,2026-08-19 11:00:00,EDR,713,704,ACTIVE
E002-T001132,E002,E002-AS012,2026-08-19 11:00:00,EMAIL_SECURITY,798,858,ACTIVE
E002-T001133,E002,E002-AS013,2026-08-19 11:00:00,IAM,1105,1076,ACTIVE
E002-T001134,E002,E002-AS014,2026-08-19 11:00:00,IAM,706,749,ACTIVE
E002-T001135,E002,E002-AS015,2026-08-19 11:00:00,FIREWALL,713,723,ACTIVE
E002-T001136,E002,E002-AS016,2026-08-19 11:00:00,FIREWALL,885,866,ACTIVE
E002-T001137,E002,E002-AS017,2026-08-19 11:00:00,FIREWALL,650,671,ACTIVE
E002-T001138,E002,E002-AS018,2026-08-19 11:00:00,IDS,571,607,ACTIVE
E002-T001139,E002,E002-AS019,2026-08-19 11:00:00,SIEM,1226,1167,ACTIVE
E002-T001140,E002,E002-AS020,2026-08-19 11:00:00,IAM,642,612,ACTIVE
E002-T001141,E002,E002-AS021,2026-08-19 11:00:00,EDR,616,648,ACTIVE
E002-T001142,E002,E002-AS022,2026-08-19 11:00:00,EDR,554,533,ACTIVE
E002-T001143,E002,E002-AS023,2026-08-19 11:00:00,EDR,446,430,ACTIVE
E002-T001144,E002,E002-AS024,2026-08-19 11:00:00,EDR,642,680,ACTIVE
E002-T001145,E002,E002-AS025,2026-08-19 11:00:00,EDR,922,942,ACTIVE
E002-T001146,E002,E002-AS026,2026-08-19 11:00:00,EDR,833,798,ACTIVE
E002-T001147,E002,E002-AS027,2026-08-19 11:00:00,EDR,1143,1111,ACTIVE
E002-T001148,E002,E002-AS028,2026-08-19 11:00:00,EDR,885,796,ACTIVE
E002-T001149,E002,E002-AS029,2026-08-19 11:00:00,IDS,728,724,ACTIVE
E002-T001150,E002,E002-AS030,2026-08-19 11:00:00,FIREWALL,498,555,ACTIVE
E002-T001151,E002,E002-AS031,2026-08-19 11:00:00,FIREWALL,622,596,ACTIVE
E002-T001152,E002,E002-AS032,2026-08-19 11:00:00,SIEM,837,815,ACTIVE
E002-T001153,E002,E002-AS001,2026-08-19 12:00:00,DATABASE,1124,1110,ACTIVE
E002-T001154,E002,E002-AS002,2026-08-19 12:00:00,EDR,1054,1122,ACTIVE
E002-T001155,E002,E002-AS003,2026-08-19 12:00:00,EDR,900,832,ACTIVE
E002-T001156,E002,E002-AS004,2026-08-19 12:00:00,EDR,8,1056,DEGRADED
E002-T001157,E002,E002-AS005,2026-08-19 12:00:00,EDR,759,881,ACTIVE
E002-T001158,E002,E002-AS006,2026-08-19 12:00:00,EDR,1014,1024,ACTIVE
E002-T001159,E002,E002-AS007,2026-08-19 12:00:00,EDR,1190,1174,ACTIVE
E002-T001160,E002,E002-AS008,2026-08-19 12:00:00,EDR,835,824,ACTIVE
E002-T001161,E002,E002-AS009,2026-08-19 12:00:00,EDR,867,820,ACTIVE
E002-T001162,E002,E002-AS010,2026-08-19 12:00:00,EDR,632,643,ACTIVE
E002-T001163,E002,E002-AS011,2026-08-19 12:00:00,EDR,710,704,ACTIVE
E002-T001164,E002,E002-AS012,2026-08-19 12:00:00,EMAIL_SECURITY,799,858,ACTIVE
E002-T001165,E002,E002-AS013,2026-08-19 12:00:00,IAM,999,1076,ACTIVE
E002-T001166,E002,E002-AS014,2026-08-19 12:00:00,IAM,715,749,ACTIVE
E002-T001167,E002,E002-AS015,2026-08-19 12:00:00,FIREWALL,697,723,ACTIVE
E002-T001168,E002,E002-AS016,2026-08-19 12:00:00,FIREWALL,848,866,ACTIVE
E002-T001169,E002,E002-AS017,2026-08-19 12:00:00,FIREWALL,686,671,ACTIVE
E002-T001170,E002,E002-AS018,2026-08-19 12:00:00,IDS,648,607,ACTIVE
E002-T001171,E002,E002-AS019,2026-08-19 12:00:00,SIEM,9,1167,DEGRADED
E002-T001172,E002,E002-AS020,2026-08-19 12:00:00,IAM,618,612,ACTIVE
E002-T001173,E002,E002-AS021,2026-08-19 12:00:00,EDR,649,648,ACTIVE
E002-T001174,E002,E002-AS022,2026-08-19 12:00:00,EDR,474,533,ACTIVE
E002-T001175,E002,E002-AS023,2026-08-19 12:00:00,EDR,434,430,ACTIVE
E002-T001176,E002,E002-AS024,2026-08-19 12:00:00,EDR,642,680,ACTIVE
E002-T001177,E002,E002-AS025,2026-08-19 12:00:00,EDR,993,942,ACTIVE
E002-T001178,E002,E002-AS026,2026-08-19 12:00:00,EDR,831,798,ACTIVE
E002-T001179,E002,E002-AS027,2026-08-19 12:00:00,EDR,1096,1111,ACTIVE
E002-T001180,E002,E002-AS028,2026-08-19 12:00:00,EDR,796,796,ACTIVE
E002-T001181,E002,E002-AS029,2026-08-19 12:00:00,IDS,728,724,ACTIVE
E002-T001182,E002,E002-AS030,2026-08-19 12:00:00,FIREWALL,596,555,ACTIVE
E002-T001183,E002,E002-AS031,2026-08-19 12:00:00,FIREWALL,641,596,ACTIVE
E002-T001184,E002,E002-AS032,2026-08-19 12:00:00,SIEM,811,815,ACTIVE
E002-T001185,E002,E002-AS001,2026-08-19 13:00:00,DATABASE,1167,1110,ACTIVE
E002-T001186,E002,E002-AS002,2026-08-19 13:00:00,EDR,1095,1122,ACTIVE
E002-T001187,E002,E002-AS003,2026-08-19 13:00:00,EDR,850,832,ACTIVE
E002-T001188,E002,E002-AS004,2026-08-19 13:00:00,EDR,0,1056,DEGRADED
E002-T001189,E002,E002-AS005,2026-08-19 13:00:00,EDR,817,881,ACTIVE
E002-T001190,E002,E002-AS006,2026-08-19 13:00:00,EDR,1119,1024,ACTIVE
E002-T001191,E002,E002-AS007,2026-08-19 13:00:00,EDR,1106,1174,ACTIVE
E002-T001192,E002,E002-AS008,2026-08-19 13:00:00,EDR,744,824,ACTIVE
E002-T001193,E002,E002-AS009,2026-08-19 13:00:00,EDR,811,820,ACTIVE
E002-T001194,E002,E002-AS010,2026-08-19 13:00:00,EDR,645,643,ACTIVE
E002-T001195,E002,E002-AS011,2026-08-19 13:00:00,EDR,671,704,ACTIVE
E002-T001196,E002,E002-AS012,2026-08-19 13:00:00,EMAIL_SECURITY,811,858,ACTIVE
E002-T001197,E002,E002-AS013,2026-08-19 13:00:00,IAM,1042,1076,ACTIVE
E002-T001198,E002,E002-AS014,2026-08-19 13:00:00,IAM,756,749,ACTIVE
E002-T001199,E002,E002-AS015,2026-08-19 13:00:00,FIREWALL,740,723,ACTIVE
E002-T001200,E002,E002-AS016,2026-08-19 13:00:00,FIREWALL,954,866,ACTIVE
E002-T001201,E002,E002-AS017,2026-08-19 13:00:00,FIREWALL,728,671,ACTIVE
E002-T001202,E002,E002-AS018,2026-08-19 13:00:00,IDS,617,607,ACTIVE
E002-T001203,E002,E002-AS019,2026-08-19 13:00:00,SIEM,0,1167,DEGRADED
E002-T001204,E002,E002-AS020,2026-08-19 13:00:00,IAM,639,612,ACTIVE
E002-T001205,E002,E002-AS021,2026-08-19 13:00:00,EDR,662,648,ACTIVE
E002-T001206,E002,E002-AS022,2026-08-19 13:00:00,EDR,572,533,ACTIVE
E002-T001207,E002,E002-AS023,2026-08-19 13:00:00,EDR,445,430,ACTIVE
E002-T001208,E002,E002-AS024,2026-08-19 13:00:00,EDR,631,680,ACTIVE
E002-T001209,E002,E002-AS025,2026-08-19 13:00:00,EDR,931,942,ACTIVE
E002-T001210,E002,E002-AS026,2026-08-19 13:00:00,EDR,852,798,ACTIVE
E002-T001211,E002,E002-AS027,2026-08-19 13:00:00,EDR,1137,1111,ACTIVE
E002-T001212,E002,E002-AS028,2026-08-19 13:00:00,EDR,849,796,ACTIVE
E002-T001213,E002,E002-AS029,2026-08-19 13:00:00,IDS,770,724,ACTIVE
E002-T001214,E002,E002-AS030,2026-08-19 13:00:00,FIREWALL,513,555,ACTIVE
E002-T001215,E002,E002-AS031,2026-08-19 13:00:00,FIREWALL,555,596,ACTIVE
E002-T001216,E002,E002-AS032,2026-08-19 13:00:00,SIEM,859,815,ACTIVE
E002-T001217,E002,E002-AS001,2026-08-19 14:00:00,DATABASE,1140,1110,ACTIVE
E002-T001218,E002,E002-AS002,2026-08-19 14:00:00,EDR,1131,1122,ACTIVE
E002-T001219,E002,E002-AS003,2026-08-19 14:00:00,EDR,843,832,ACTIVE
E002-T001220,E002,E002-AS004,2026-08-19 14:00:00,EDR,12,1056,DEGRADED
E002-T001221,E002,E002-AS005,2026-08-19 14:00:00,EDR,766,881,ACTIVE
E002-T001222,E002,E002-AS006,2026-08-19 14:00:00,EDR,1006,1024,ACTIVE
E002-T001223,E002,E002-AS007,2026-08-19 14:00:00,EDR,1122,1174,ACTIVE
E002-T001224,E002,E002-AS008,2026-08-19 14:00:00,EDR,768,824,ACTIVE
E002-T001225,E002,E002-AS009,2026-08-19 14:00:00,EDR,771,820,ACTIVE
E002-T001226,E002,E002-AS010,2026-08-19 14:00:00,EDR,674,643,ACTIVE
E002-T001227,E002,E002-AS011,2026-08-19 14:00:00,EDR,797,704,ACTIVE
E002-T001228,E002,E002-AS012,2026-08-19 14:00:00,EMAIL_SECURITY,889,858,ACTIVE
E002-T001229,E002,E002-AS013,2026-08-19 14:00:00,IAM,1051,1076,ACTIVE
E002-T001230,E002,E002-AS014,2026-08-19 14:00:00,IAM,787,749,ACTIVE
E002-T001231,E002,E002-AS015,2026-08-19 14:00:00,FIREWALL,743,723,ACTIVE
E002-T001232,E002,E002-AS016,2026-08-19 14:00:00,FIREWALL,938,866,ACTIVE
E002-T001233,E002,E002-AS017,2026-08-19 14:00:00,FIREWALL,672,671,ACTIVE
E002-T001234,E002,E002-AS018,2026-08-19 14:00:00,IDS,614,607,ACTIVE
E002-T001235,E002,E002-AS019,2026-08-19 14:00:00,SIEM,14,1167,DEGRADED
E002-T001236,E002,E002-AS020,2026-08-19 14:00:00,IAM,606,612,ACTIVE
E002-T001237,E002,E002-AS021,2026-08-19 14:00:00,EDR,691,648,ACTIVE
E002-T001238,E002,E002-AS022,2026-08-19 14:00:00,EDR,525,533,ACTIVE
E002-T001239,E002,E002-AS023,2026-08-19 14:00:00,EDR,460,430,ACTIVE
E002-T001240,E002,E002-AS024,2026-08-19 14:00:00,EDR,667,680,ACTIVE
E002-T001241,E002,E002-AS025,2026-08-19 14:00:00,EDR,967,942,ACTIVE
E002-T001242,E002,E002-AS026,2026-08-19 14:00:00,EDR,766,798,ACTIVE
E002-T001243,E002,E002-AS027,2026-08-19 14:00:00,EDR,1248,1111,ACTIVE
E002-T001244,E002,E002-AS028,2026-08-19 14:00:00,EDR,847,796,ACTIVE
E002-T001245,E002,E002-AS029,2026-08-19 14:00:00,IDS,759,724,ACTIVE
E002-T001246,E002,E002-AS030,2026-08-19 14:00:00,FIREWALL,573,555,ACTIVE
E002-T001247,E002,E002-AS031,2026-08-19 14:00:00,FIREWALL,571,596,ACTIVE
E002-T001248,E002,E002-AS032,2026-08-19 14:00:00,SIEM,799,815,ACTIVE
E002-T001249,E002,E002-AS001,2026-08-19 15:00:00,DATABASE,1090,1110,ACTIVE
E002-T001250,E002,E002-AS002,2026-08-19 15:00:00,EDR,1078,1122,ACTIVE
E002-T001251,E002,E002-AS003,2026-08-19 15:00:00,EDR,870,832,ACTIVE
E002-T001252,E002,E002-AS004,2026-08-19 15:00:00,EDR,1021,1056,ACTIVE
E002-T001253,E002,E002-AS005,2026-08-19 15:00:00,EDR,814,881,ACTIVE
E002-T001254,E002,E002-AS006,2026-08-19 15:00:00,EDR,950,1024,ACTIVE
E002-T001255,E002,E002-AS007,2026-08-19 15:00:00,EDR,1160,1174,ACTIVE
E002-T001256,E002,E002-AS008,2026-08-19 15:00:00,EDR,875,824,ACTIVE
E002-T001257,E002,E002-AS009,2026-08-19 15:00:00,EDR,823,820,ACTIVE
E002-T001258,E002,E002-AS010,2026-08-19 15:00:00,EDR,653,643,ACTIVE
E002-T001259,E002,E002-AS011,2026-08-19 15:00:00,EDR,735,704,ACTIVE
E002-T001260,E002,E002-AS012,2026-08-19 15:00:00,EMAIL_SECURITY,822,858,ACTIVE
E002-T001261,E002,E002-AS013,2026-08-19 15:00:00,IAM,911,1076,ACTIVE
E002-T001262,E002,E002-AS014,2026-08-19 15:00:00,IAM,737,749,ACTIVE
E002-T001263,E002,E002-AS015,2026-08-19 15:00:00,FIREWALL,683,723,ACTIVE
E002-T001264,E002,E002-AS016,2026-08-19 15:00:00,FIREWALL,868,866,ACTIVE
E002-T001265,E002,E002-AS017,2026-08-19 15:00:00,FIREWALL,648,671,ACTIVE
E002-T001266,E002,E002-AS018,2026-08-19 15:00:00,IDS,677,607,ACTIVE
E002-T001267,E002,E002-AS019,2026-08-19 15:00:00,SIEM,1233,1167,ACTIVE
E002-T001268,E002,E002-AS020,2026-08-19 15:00:00,IAM,683,612,ACTIVE
E002-T001269,E002,E002-AS021,2026-08-19 15:00:00,EDR,653,648,ACTIVE
E002-T001270,E002,E002-AS022,2026-08-19 15:00:00,EDR,545,533,ACTIVE
E002-T001271,E002,E002-AS023,2026-08-19 15:00:00,EDR,419,430,ACTIVE
E002-T001272,E002,E002-AS024,2026-08-19 15:00:00,EDR,706,680,ACTIVE
E002-T001273,E002,E002-AS025,2026-08-19 15:00:00,EDR,904,942,ACTIVE
E002-T001274,E002,E002-AS026,2026-08-19 15:00:00,EDR,782,798,ACTIVE
E002-T001275,E002,E002-AS027,2026-08-19 15:00:00,EDR,1150,1111,ACTIVE
E002-T001276,E002,E002-AS028,2026-08-19 15:00:00,EDR,777,796,ACTIVE
E002-T001277,E002,E002-AS029,2026-08-19 15:00:00,IDS,713,724,ACTIVE
E002-T001278,E002,E002-AS030,2026-08-19 15:00:00,FIREWALL,529,555,ACTIVE
E002-T001279,E002,E002-AS031,2026-08-19 15:00:00,FIREWALL,576,596,ACTIVE
E002-T001280,E002,E002-AS032,2026-08-19 15:00:00,SIEM,848,815,ACTIVE
E002-T001281,E002,E002-AS001,2026-08-19 16:00:00,DATABASE,1153,1110,ACTIVE
E002-T001282,E002,E002-AS002,2026-08-19 16:00:00,EDR,1132,1122,ACTIVE
E002-T001283,E002,E002-AS003,2026-08-19 16:00:00,EDR,757,832,ACTIVE
E002-T001284,E002,E002-AS004,2026-08-19 16:00:00,EDR,1025,1056,ACTIVE
E002-T001285,E002,E002-AS005,2026-08-19 16:00:00,EDR,839,881,ACTIVE
E002-T001286,E002,E002-AS006,2026-08-19 16:00:00,EDR,1067,1024,ACTIVE
E002-T001287,E002,E002-AS007,2026-08-19 16:00:00,EDR,1078,1174,ACTIVE
E002-T001288,E002,E002-AS008,2026-08-19 16:00:00,EDR,854,824,ACTIVE
E002-T001289,E002,E002-AS009,2026-08-19 16:00:00,EDR,885,820,ACTIVE
E002-T001290,E002,E002-AS010,2026-08-19 16:00:00,EDR,595,643,ACTIVE
E002-T001291,E002,E002-AS011,2026-08-19 16:00:00,EDR,699,704,ACTIVE
E002-T001292,E002,E002-AS012,2026-08-19 16:00:00,EMAIL_SECURITY,869,858,ACTIVE
E002-T001293,E002,E002-AS013,2026-08-19 16:00:00,IAM,1138,1076,ACTIVE
E002-T001294,E002,E002-AS014,2026-08-19 16:00:00,IAM,803,749,ACTIVE
E002-T001295,E002,E002-AS015,2026-08-19 16:00:00,FIREWALL,765,723,ACTIVE
E002-T001296,E002,E002-AS016,2026-08-19 16:00:00,FIREWALL,822,866,ACTIVE
E002-T001297,E002,E002-AS017,2026-08-19 16:00:00,FIREWALL,723,671,ACTIVE
E002-T001298,E002,E002-AS018,2026-08-19 16:00:00,IDS,610,607,ACTIVE
E002-T001299,E002,E002-AS019,2026-08-19 16:00:00,SIEM,1198,1167,ACTIVE
E002-T001300,E002,E002-AS020,2026-08-19 16:00:00,IAM,592,612,ACTIVE
E002-T001301,E002,E002-AS021,2026-08-19 16:00:00,EDR,680,648,ACTIVE
E002-T001302,E002,E002-AS022,2026-08-19 16:00:00,EDR,543,533,ACTIVE
E002-T001303,E002,E002-AS023,2026-08-19 16:00:00,EDR,451,430,ACTIVE
E002-T001304,E002,E002-AS024,2026-08-19 16:00:00,EDR,672,680,ACTIVE
E002-T001305,E002,E002-AS025,2026-08-19 16:00:00,EDR,893,942,ACTIVE
E002-T001306,E002,E002-AS026,2026-08-19 16:00:00,EDR,794,798,ACTIVE
E002-T001307,E002,E002-AS027,2026-08-19 16:00:00,EDR,1077,1111,ACTIVE
E002-T001308,E002,E002-AS028,2026-08-19 16:00:00,EDR,711,796,ACTIVE
E002-T001309,E002,E002-AS029,2026-08-19 16:00:00,IDS,747,724,ACTIVE
E002-T001310,E002,E002-AS030,2026-08-19 16:00:00,FIREWALL,559,555,ACTIVE
E002-T001311,E002,E002-AS031,2026-08-19 16:00:00,FIREWALL,592,596,ACTIVE
E002-T001312,E002,E002-AS032,2026-08-19 16:00:00,SIEM,827,815,ACTIVE
E002-T001313,E002,E002-AS001,2026-08-19 17:00:00,DATABASE,954,1110,ACTIVE
E002-T001314,E002,E002-AS002,2026-08-19 17:00:00,EDR,1159,1122,ACTIVE
E002-T001315,E002,E002-AS003,2026-08-19 17:00:00,EDR,861,832,ACTIVE
E002-T001316,E002,E002-AS004,2026-08-19 17:00:00,EDR,1054,1056,ACTIVE
E002-T001317,E002,E002-AS005,2026-08-19 17:00:00,EDR,841,881,ACTIVE
E002-T001318,E002,E002-AS006,2026-08-19 17:00:00,EDR,981,1024,ACTIVE
E002-T001319,E002,E002-AS007,2026-08-19 17:00:00,EDR,1127,1174,ACTIVE
E002-T001320,E002,E002-AS008,2026-08-19 17:00:00,EDR,873,824,ACTIVE
E002-T001321,E002,E002-AS009,2026-08-19 17:00:00,EDR,807,820,ACTIVE
E002-T001322,E002,E002-AS010,2026-08-19 17:00:00,EDR,630,643,ACTIVE
E002-T001323,E002,E002-AS011,2026-08-19 17:00:00,EDR,660,704,ACTIVE
E002-T001324,E002,E002-AS012,2026-08-19 17:00:00,EMAIL_SECURITY,800,858,ACTIVE
E002-T001325,E002,E002-AS013,2026-08-19 17:00:00,IAM,1079,1076,ACTIVE
E002-T001326,E002,E002-AS014,2026-08-19 17:00:00,IAM,784,749,ACTIVE
E002-T001327,E002,E002-AS015,2026-08-19 17:00:00,FIREWALL,700,723,ACTIVE
E002-T001328,E002,E002-AS016,2026-08-19 17:00:00,FIREWALL,917,866,ACTIVE
E002-T001329,E002,E002-AS017,2026-08-19 17:00:00,FIREWALL,710,671,ACTIVE
E002-T001330,E002,E002-AS018,2026-08-19 17:00:00,IDS,574,607,ACTIVE
E002-T001331,E002,E002-AS019,2026-08-19 17:00:00,SIEM,1092,1167,ACTIVE
E002-T001332,E002,E002-AS020,2026-08-19 17:00:00,IAM,543,612,ACTIVE
E002-T001333,E002,E002-AS021,2026-08-19 17:00:00,EDR,652,648,ACTIVE
E002-T001334,E002,E002-AS022,2026-08-19 17:00:00,EDR,549,533,ACTIVE
E002-T001335,E002,E002-AS023,2026-08-19 17:00:00,EDR,429,430,ACTIVE
E002-T001336,E002,E002-AS024,2026-08-19 17:00:00,EDR,653,680,ACTIVE
E002-T001337,E002,E002-AS025,2026-08-19 17:00:00,EDR,916,942,ACTIVE
E002-T001338,E002,E002-AS026,2026-08-19 17:00:00,EDR,846,798,ACTIVE
E002-T001339,E002,E002-AS027,2026-08-19 17:00:00,EDR,1105,1111,ACTIVE
E002-T001340,E002,E002-AS028,2026-08-19 17:00:00,EDR,866,796,ACTIVE
E002-T001341,E002,E002-AS029,2026-08-19 17:00:00,IDS,781,724,ACTIVE
E002-T001342,E002,E002-AS030,2026-08-19 17:00:00,FIREWALL,596,555,ACTIVE
E002-T001343,E002,E002-AS031,2026-08-19 17:00:00,FIREWALL,581,596,ACTIVE
E002-T001344,E002,E002-AS032,2026-08-19 17:00:00,SIEM,810,815,ACTIVE
E002-T001345,E002,E002-AS001,2026-08-19 18:00:00,DATABASE,1162,1110,ACTIVE
E002-T001346,E002,E002-AS002,2026-08-19 18:00:00,EDR,1074,1122,ACTIVE
E002-T001347,E002,E002-AS003,2026-08-19 18:00:00,EDR,855,832,ACTIVE
E002-T001348,E002,E002-AS004,2026-08-19 18:00:00,EDR,1026,1056,ACTIVE
E002-T001349,E002,E002-AS005,2026-08-19 18:00:00,EDR,897,881,ACTIVE
E002-T001350,E002,E002-AS006,2026-08-19 18:00:00,EDR,947,1024,ACTIVE
E002-T001351,E002,E002-AS007,2026-08-19 18:00:00,EDR,1201,1174,ACTIVE
E002-T001352,E002,E002-AS008,2026-08-19 18:00:00,EDR,908,824,ACTIVE
E002-T001353,E002,E002-AS009,2026-08-19 18:00:00,EDR,800,820,ACTIVE
E002-T001354,E002,E002-AS010,2026-08-19 18:00:00,EDR,651,643,ACTIVE
E002-T001355,E002,E002-AS011,2026-08-19 18:00:00,EDR,703,704,ACTIVE
E002-T001356,E002,E002-AS012,2026-08-19 18:00:00,EMAIL_SECURITY,817,858,ACTIVE
E002-T001357,E002,E002-AS013,2026-08-19 18:00:00,IAM,1111,1076,ACTIVE
E002-T001358,E002,E002-AS014,2026-08-19 18:00:00,IAM,728,749,ACTIVE
E002-T001359,E002,E002-AS015,2026-08-19 18:00:00,FIREWALL,699,723,ACTIVE
E002-T001360,E002,E002-AS016,2026-08-19 18:00:00,FIREWALL,878,866,ACTIVE
E002-T001361,E002,E002-AS017,2026-08-19 18:00:00,FIREWALL,710,671,ACTIVE
E002-T001362,E002,E002-AS018,2026-08-19 18:00:00,IDS,637,607,ACTIVE
E002-T001363,E002,E002-AS019,2026-08-19 18:00:00,SIEM,1189,1167,ACTIVE
E002-T001364,E002,E002-AS020,2026-08-19 18:00:00,IAM,599,612,ACTIVE
E002-T001365,E002,E002-AS021,2026-08-19 18:00:00,EDR,654,648,ACTIVE
E002-T001366,E002,E002-AS022,2026-08-19 18:00:00,EDR,539,533,ACTIVE
E002-T001367,E002,E002-AS023,2026-08-19 18:00:00,EDR,422,430,ACTIVE
E002-T001368,E002,E002-AS024,2026-08-19 18:00:00,EDR,645,680,ACTIVE
E002-T001369,E002,E002-AS025,2026-08-19 18:00:00,EDR,975,942,ACTIVE
E002-T001370,E002,E002-AS026,2026-08-19 18:00:00,EDR,869,798,ACTIVE
E002-T001371,E002,E002-AS027,2026-08-19 18:00:00,EDR,1221,1111,ACTIVE
E002-T001372,E002,E002-AS028,2026-08-19 18:00:00,EDR,773,796,ACTIVE
E002-T001373,E002,E002-AS029,2026-08-19 18:00:00,IDS,727,724,ACTIVE
E002-T001374,E002,E002-AS030,2026-08-19 18:00:00,FIREWALL,534,555,ACTIVE
E002-T001375,E002,E002-AS031,2026-08-19 18:00:00,FIREWALL,601,596,ACTIVE
E002-T001376,E002,E002-AS032,2026-08-19 18:00:00,SIEM,758,815,ACTIVE
E002-T001377,E002,E002-AS001,2026-08-19 19:00:00,DATABASE,1078,1110,ACTIVE
E002-T001378,E002,E002-AS002,2026-08-19 19:00:00,EDR,1024,1122,ACTIVE
E002-T001379,E002,E002-AS003,2026-08-19 19:00:00,EDR,889,832,ACTIVE
E002-T001380,E002,E002-AS004,2026-08-19 19:00:00,EDR,1070,1056,ACTIVE
E002-T001381,E002,E002-AS005,2026-08-19 19:00:00,EDR,1011,881,ACTIVE
E002-T001382,E002,E002-AS006,2026-08-19 19:00:00,EDR,1057,1024,ACTIVE
E002-T001383,E002,E002-AS007,2026-08-19 19:00:00,EDR,1173,1174,ACTIVE
E002-T001384,E002,E002-AS008,2026-08-19 19:00:00,EDR,813,824,ACTIVE
E002-T001385,E002,E002-AS009,2026-08-19 19:00:00,EDR,792,820,ACTIVE
E002-T001386,E002,E002-AS010,2026-08-19 19:00:00,EDR,603,643,ACTIVE
E002-T001387,E002,E002-AS011,2026-08-19 19:00:00,EDR,632,704,ACTIVE
E002-T001388,E002,E002-AS012,2026-08-19 19:00:00,EMAIL_SECURITY,849,858,ACTIVE
E002-T001389,E002,E002-AS013,2026-08-19 19:00:00,IAM,1089,1076,ACTIVE
E002-T001390,E002,E002-AS014,2026-08-19 19:00:00,IAM,732,749,ACTIVE
E002-T001391,E002,E002-AS015,2026-08-19 19:00:00,FIREWALL,825,723,ACTIVE
E002-T001392,E002,E002-AS016,2026-08-19 19:00:00,FIREWALL,859,866,ACTIVE
E002-T001393,E002,E002-AS017,2026-08-19 19:00:00,FIREWALL,634,671,ACTIVE
E002-T001394,E002,E002-AS018,2026-08-19 19:00:00,IDS,656,607,ACTIVE
E002-T001395,E002,E002-AS019,2026-08-19 19:00:00,SIEM,1220,1167,ACTIVE
E002-T001396,E002,E002-AS020,2026-08-19 19:00:00,IAM,623,612,ACTIVE
E002-T001397,E002,E002-AS021,2026-08-19 19:00:00,EDR,658,648,ACTIVE
E002-T001398,E002,E002-AS022,2026-08-19 19:00:00,EDR,532,533,ACTIVE
E002-T001399,E002,E002-AS023,2026-08-19 19:00:00,EDR,453,430,ACTIVE
E002-T001400,E002,E002-AS024,2026-08-19 19:00:00,EDR,628,680,ACTIVE
E002-T001401,E002,E002-AS025,2026-08-19 19:00:00,EDR,923,942,ACTIVE
E002-T001402,E002,E002-AS026,2026-08-19 19:00:00,EDR,831,798,ACTIVE
E002-T001403,E002,E002-AS027,2026-08-19 19:00:00,EDR,1049,1111,ACTIVE
E002-T001404,E002,E002-AS028,2026-08-19 19:00:00,EDR,757,796,ACTIVE
E002-T001405,E002,E002-AS029,2026-08-19 19:00:00,IDS,637,724,ACTIVE
E002-T001406,E002,E002-AS030,2026-08-19 19:00:00,FIREWALL,544,555,ACTIVE
E002-T001407,E002,E002-AS031,2026-08-19 19:00:00,FIREWALL,579,596,ACTIVE
E002-T001408,E002,E002-AS032,2026-08-19 19:00:00,SIEM,764,815,ACTIVE
E002-T001409,E002,E002-AS001,2026-08-19 20:00:00,DATABASE,1078,1110,ACTIVE
E002-T001410,E002,E002-AS002,2026-08-19 20:00:00,EDR,1172,1122,ACTIVE
E002-T001411,E002,E002-AS003,2026-08-19 20:00:00,EDR,843,832,ACTIVE
E002-T001412,E002,E002-AS004,2026-08-19 20:00:00,EDR,1008,1056,ACTIVE
E002-T001413,E002,E002-AS005,2026-08-19 20:00:00,EDR,910,881,ACTIVE
E002-T001414,E002,E002-AS006,2026-08-19 20:00:00,EDR,1082,1024,ACTIVE
E002-T001415,E002,E002-AS007,2026-08-19 20:00:00,EDR,1096,1174,ACTIVE
E002-T001416,E002,E002-AS008,2026-08-19 20:00:00,EDR,849,824,ACTIVE
E002-T001417,E002,E002-AS009,2026-08-19 20:00:00,EDR,839,820,ACTIVE
E002-T001418,E002,E002-AS010,2026-08-19 20:00:00,EDR,681,643,ACTIVE
E002-T001419,E002,E002-AS011,2026-08-19 20:00:00,EDR,730,704,ACTIVE
E002-T001420,E002,E002-AS012,2026-08-19 20:00:00,EMAIL_SECURITY,792,858,ACTIVE
E002-T001421,E002,E002-AS013,2026-08-19 20:00:00,IAM,1027,1076,ACTIVE
E002-T001422,E002,E002-AS014,2026-08-19 20:00:00,IAM,757,749,ACTIVE
E002-T001423,E002,E002-AS015,2026-08-19 20:00:00,FIREWALL,712,723,ACTIVE
E002-T001424,E002,E002-AS016,2026-08-19 20:00:00,FIREWALL,860,866,ACTIVE
E002-T001425,E002,E002-AS017,2026-08-19 20:00:00,FIREWALL,656,671,ACTIVE
E002-T001426,E002,E002-AS018,2026-08-19 20:00:00,IDS,648,607,ACTIVE
E002-T001427,E002,E002-AS019,2026-08-19 20:00:00,SIEM,1211,1167,ACTIVE
E002-T001428,E002,E002-AS020,2026-08-19 20:00:00,IAM,628,612,ACTIVE
E002-T001429,E002,E002-AS021,2026-08-19 20:00:00,EDR,600,648,ACTIVE
E002-T001430,E002,E002-AS022,2026-08-19 20:00:00,EDR,518,533,ACTIVE
E002-T001431,E002,E002-AS023,2026-08-19 20:00:00,EDR,456,430,ACTIVE
E002-T001432,E002,E002-AS024,2026-08-19 20:00:00,EDR,723,680,ACTIVE
E002-T001433,E002,E002-AS025,2026-08-19 20:00:00,EDR,953,942,ACTIVE
E002-T001434,E002,E002-AS026,2026-08-19 20:00:00,EDR,759,798,ACTIVE
E002-T001435,E002,E002-AS027,2026-08-19 20:00:00,EDR,1078,1111,ACTIVE
E002-T001436,E002,E002-AS028,2026-08-19 20:00:00,EDR,742,796,ACTIVE
E002-T001437,E002,E002-AS029,2026-08-19 20:00:00,IDS,773,724,ACTIVE
E002-T001438,E002,E002-AS030,2026-08-19 20:00:00,FIREWALL,557,555,ACTIVE
E002-T001439,E002,E002-AS031,2026-08-19 20:00:00,FIREWALL,600,596,ACTIVE
E002-T001440,E002,E002-AS032,2026-08-19 20:00:00,SIEM,821,815,ACTIVE
E002-T001441,E002,E002-AS001,2026-08-19 21:00:00,DATABASE,1085,1110,ACTIVE
E002-T001442,E002,E002-AS002,2026-08-19 21:00:00,EDR,1137,1122,ACTIVE
E002-T001443,E002,E002-AS003,2026-08-19 21:00:00,EDR,790,832,ACTIVE
E002-T001444,E002,E002-AS004,2026-08-19 21:00:00,EDR,1021,1056,ACTIVE
E002-T001445,E002,E002-AS005,2026-08-19 21:00:00,EDR,815,881,ACTIVE
E002-T001446,E002,E002-AS006,2026-08-19 21:00:00,EDR,1115,1024,ACTIVE
E002-T001447,E002,E002-AS007,2026-08-19 21:00:00,EDR,1149,1174,ACTIVE
E002-T001448,E002,E002-AS008,2026-08-19 21:00:00,EDR,812,824,ACTIVE
E002-T001449,E002,E002-AS009,2026-08-19 21:00:00,EDR,854,820,ACTIVE
E002-T001450,E002,E002-AS010,2026-08-19 21:00:00,EDR,690,643,ACTIVE
E002-T001451,E002,E002-AS011,2026-08-19 21:00:00,EDR,711,704,ACTIVE
E002-T001452,E002,E002-AS012,2026-08-19 21:00:00,EMAIL_SECURITY,859,858,ACTIVE
E002-T001453,E002,E002-AS013,2026-08-19 21:00:00,IAM,1132,1076,ACTIVE
E002-T001454,E002,E002-AS014,2026-08-19 21:00:00,IAM,788,749,ACTIVE
E002-T001455,E002,E002-AS015,2026-08-19 21:00:00,FIREWALL,725,723,ACTIVE
E002-T001456,E002,E002-AS016,2026-08-19 21:00:00,FIREWALL,894,866,ACTIVE
E002-T001457,E002,E002-AS017,2026-08-19 21:00:00,FIREWALL,630,671,ACTIVE
E002-T001458,E002,E002-AS018,2026-08-19 21:00:00,IDS,667,607,ACTIVE
E002-T001459,E002,E002-AS019,2026-08-19 21:00:00,SIEM,1066,1167,ACTIVE
E002-T001460,E002,E002-AS020,2026-08-19 21:00:00,IAM,616,612,ACTIVE
E002-T001461,E002,E002-AS021,2026-08-19 21:00:00,EDR,668,648,ACTIVE
E002-T001462,E002,E002-AS022,2026-08-19 21:00:00,EDR,521,533,ACTIVE
E002-T001463,E002,E002-AS023,2026-08-19 21:00:00,EDR,437,430,ACTIVE
E002-T001464,E002,E002-AS024,2026-08-19 21:00:00,EDR,657,680,ACTIVE
E002-T001465,E002,E002-AS025,2026-08-19 21:00:00,EDR,891,942,ACTIVE
E002-T001466,E002,E002-AS026,2026-08-19 21:00:00,EDR,697,798,ACTIVE
E002-T001467,E002,E002-AS027,2026-08-19 21:00:00,EDR,1199,1111,ACTIVE
E002-T001468,E002,E002-AS028,2026-08-19 21:00:00,EDR,763,796,ACTIVE
E002-T001469,E002,E002-AS029,2026-08-19 21:00:00,IDS,746,724,ACTIVE
E002-T001470,E002,E002-AS030,2026-08-19 21:00:00,FIREWALL,641,555,ACTIVE
E002-T001471,E002,E002-AS031,2026-08-19 21:00:00,FIREWALL,589,596,ACTIVE
E002-T001472,E002,E002-AS032,2026-08-19 21:00:00,SIEM,732,815,ACTIVE
E002-T001473,E002,E002-AS001,2026-08-19 22:00:00,DATABASE,1116,1110,ACTIVE
E002-T001474,E002,E002-AS002,2026-08-19 22:00:00,EDR,1144,1122,ACTIVE
E002-T001475,E002,E002-AS003,2026-08-19 22:00:00,EDR,849,832,ACTIVE
E002-T001476,E002,E002-AS004,2026-08-19 22:00:00,EDR,935,1056,ACTIVE
E002-T001477,E002,E002-AS005,2026-08-19 22:00:00,EDR,788,881,ACTIVE
E002-T001478,E002,E002-AS006,2026-08-19 22:00:00,EDR,946,1024,ACTIVE
E002-T001479,E002,E002-AS007,2026-08-19 22:00:00,EDR,1125,1174,ACTIVE
E002-T001480,E002,E002-AS008,2026-08-19 22:00:00,EDR,781,824,ACTIVE
E002-T001481,E002,E002-AS009,2026-08-19 22:00:00,EDR,805,820,ACTIVE
E002-T001482,E002,E002-AS010,2026-08-19 22:00:00,EDR,644,643,ACTIVE
E002-T001483,E002,E002-AS011,2026-08-19 22:00:00,EDR,773,704,ACTIVE
E002-T001484,E002,E002-AS012,2026-08-19 22:00:00,EMAIL_SECURITY,835,858,ACTIVE
E002-T001485,E002,E002-AS013,2026-08-19 22:00:00,IAM,994,1076,ACTIVE
E002-T001486,E002,E002-AS014,2026-08-19 22:00:00,IAM,804,749,ACTIVE
E002-T001487,E002,E002-AS015,2026-08-19 22:00:00,FIREWALL,673,723,ACTIVE
E002-T001488,E002,E002-AS016,2026-08-19 22:00:00,FIREWALL,790,866,ACTIVE
E002-T001489,E002,E002-AS017,2026-08-19 22:00:00,FIREWALL,654,671,ACTIVE
E002-T001490,E002,E002-AS018,2026-08-19 22:00:00,IDS,613,607,ACTIVE
E002-T001491,E002,E002-AS019,2026-08-19 22:00:00,SIEM,1056,1167,ACTIVE
E002-T001492,E002,E002-AS020,2026-08-19 22:00:00,IAM,592,612,ACTIVE
E002-T001493,E002,E002-AS021,2026-08-19 22:00:00,EDR,685,648,ACTIVE
E002-T001494,E002,E002-AS022,2026-08-19 22:00:00,EDR,583,533,ACTIVE
E002-T001495,E002,E002-AS023,2026-08-19 22:00:00,EDR,433,430,ACTIVE
E002-T001496,E002,E002-AS024,2026-08-19 22:00:00,EDR,597,680,ACTIVE
E002-T001497,E002,E002-AS025,2026-08-19 22:00:00,EDR,976,942,ACTIVE
E002-T001498,E002,E002-AS026,2026-08-19 22:00:00,EDR,791,798,ACTIVE
E002-T001499,E002,E002-AS027,2026-08-19 22:00:00,EDR,1174,1111,ACTIVE
E002-T001500,E002,E002-AS028,2026-08-19 22:00:00,EDR,780,796,ACTIVE
E002-T001501,E002,E002-AS029,2026-08-19 22:00:00,IDS,727,724,ACTIVE
E002-T001502,E002,E002-AS030,2026-08-19 22:00:00,FIREWALL,550,555,ACTIVE
E002-T001503,E002,E002-AS031,2026-08-19 22:00:00,FIREWALL,578,596,ACTIVE
E002-T001504,E002,E002-AS032,2026-08-19 22:00:00,SIEM,794,815,ACTIVE
E002-T001505,E002,E002-AS001,2026-08-19 23:00:00,DATABASE,1112,1110,ACTIVE
E002-T001506,E002,E002-AS002,2026-08-19 23:00:00,EDR,1076,1122,ACTIVE
E002-T001507,E002,E002-AS003,2026-08-19 23:00:00,EDR,807,832,ACTIVE
E002-T001508,E002,E002-AS004,2026-08-19 23:00:00,EDR,1047,1056,ACTIVE
E002-T001509,E002,E002-AS005,2026-08-19 23:00:00,EDR,901,881,ACTIVE
E002-T001510,E002,E002-AS006,2026-08-19 23:00:00,EDR,941,1024,ACTIVE
E002-T001511,E002,E002-AS007,2026-08-19 23:00:00,EDR,1208,1174,ACTIVE
E002-T001512,E002,E002-AS008,2026-08-19 23:00:00,EDR,771,824,ACTIVE
E002-T001513,E002,E002-AS009,2026-08-19 23:00:00,EDR,830,820,ACTIVE
E002-T001514,E002,E002-AS010,2026-08-19 23:00:00,EDR,628,643,ACTIVE
E002-T001515,E002,E002-AS011,2026-08-19 23:00:00,EDR,645,704,ACTIVE
E002-T001516,E002,E002-AS012,2026-08-19 23:00:00,EMAIL_SECURITY,947,858,ACTIVE
E002-T001517,E002,E002-AS013,2026-08-19 23:00:00,IAM,1043,1076,ACTIVE
E002-T001518,E002,E002-AS014,2026-08-19 23:00:00,IAM,785,749,ACTIVE
E002-T001519,E002,E002-AS015,2026-08-19 23:00:00,FIREWALL,704,723,ACTIVE
E002-T001520,E002,E002-AS016,2026-08-19 23:00:00,FIREWALL,872,866,ACTIVE
E002-T001521,E002,E002-AS017,2026-08-19 23:00:00,FIREWALL,692,671,ACTIVE
E002-T001522,E002,E002-AS018,2026-08-19 23:00:00,IDS,592,607,ACTIVE
E002-T001523,E002,E002-AS019,2026-08-19 23:00:00,SIEM,1125,1167,ACTIVE
E002-T001524,E002,E002-AS020,2026-08-19 23:00:00,IAM,591,612,ACTIVE
E002-T001525,E002,E002-AS021,2026-08-19 23:00:00,EDR,711,648,ACTIVE
E002-T001526,E002,E002-AS022,2026-08-19 23:00:00,EDR,503,533,ACTIVE
E002-T001527,E002,E002-AS023,2026-08-19 23:00:00,EDR,479,430,ACTIVE
E002-T001528,E002,E002-AS024,2026-08-19 23:00:00,EDR,637,680,ACTIVE
E002-T001529,E002,E002-AS025,2026-08-19 23:00:00,EDR,929,942,ACTIVE
E002-T001530,E002,E002-AS026,2026-08-19 23:00:00,EDR,838,798,ACTIVE
E002-T001531,E002,E002-AS027,2026-08-19 23:00:00,EDR,1117,1111,ACTIVE
E002-T001532,E002,E002-AS028,2026-08-19 23:00:00,EDR,832,796,ACTIVE
E002-T001533,E002,E002-AS029,2026-08-19 23:00:00,IDS,764,724,ACTIVE
E002-T001534,E002,E002-AS030,2026-08-19 23:00:00,FIREWALL,561,555,ACTIVE
E002-T001535,E002,E002-AS031,2026-08-19 23:00:00,FIREWALL,587,596,ACTIVE
E002-T001536,E002,E002-AS032,2026-08-19 23:00:00,SIEM,817,815,ACTIVE
E002-T001537,E002,E002-AS001,2026-08-20 00:00:00,DATABASE,1134,1110,ACTIVE
E002-T001538,E002,E002-AS002,2026-08-20 00:00:00,EDR,1154,1122,ACTIVE
E002-T001539,E002,E002-AS003,2026-08-20 00:00:00,EDR,819,832,ACTIVE
E002-T001540,E002,E002-AS004,2026-08-20 00:00:00,EDR,1077,1056,ACTIVE
E002-T001541,E002,E002-AS005,2026-08-20 00:00:00,EDR,1002,881,ACTIVE
E002-T001542,E002,E002-AS006,2026-08-20 00:00:00,EDR,1037,1024,ACTIVE
E002-T001543,E002,E002-AS007,2026-08-20 00:00:00,EDR,1174,1174,ACTIVE
E002-T001544,E002,E002-AS008,2026-08-20 00:00:00,EDR,860,824,ACTIVE
E002-T001545,E002,E002-AS009,2026-08-20 00:00:00,EDR,832,820,ACTIVE
E002-T001546,E002,E002-AS010,2026-08-20 00:00:00,EDR,618,643,ACTIVE
E002-T001547,E002,E002-AS011,2026-08-20 00:00:00,EDR,677,704,ACTIVE
E002-T001548,E002,E002-AS012,2026-08-20 00:00:00,EMAIL_SECURITY,817,858,ACTIVE
E002-T001549,E002,E002-AS013,2026-08-20 00:00:00,IAM,1054,1076,ACTIVE
E002-T001550,E002,E002-AS014,2026-08-20 00:00:00,IAM,809,749,ACTIVE
E002-T001551,E002,E002-AS015,2026-08-20 00:00:00,FIREWALL,683,723,ACTIVE
E002-T001552,E002,E002-AS016,2026-08-20 00:00:00,FIREWALL,893,866,ACTIVE
E002-T001553,E002,E002-AS017,2026-08-20 00:00:00,FIREWALL,707,671,ACTIVE
E002-T001554,E002,E002-AS018,2026-08-20 00:00:00,IDS,638,607,ACTIVE
E002-T001555,E002,E002-AS019,2026-08-20 00:00:00,SIEM,1180,1167,ACTIVE
E002-T001556,E002,E002-AS020,2026-08-20 00:00:00,IAM,666,612,ACTIVE
E002-T001557,E002,E002-AS021,2026-08-20 00:00:00,EDR,676,648,ACTIVE
E002-T001558,E002,E002-AS022,2026-08-20 00:00:00,EDR,454,533,ACTIVE
E002-T001559,E002,E002-AS023,2026-08-20 00:00:00,EDR,413,430,ACTIVE
E002-T001560,E002,E002-AS024,2026-08-20 00:00:00,EDR,692,680,ACTIVE
E002-T001561,E002,E002-AS025,2026-08-20 00:00:00,EDR,862,942,ACTIVE
E002-T001562,E002,E002-AS026,2026-08-20 00:00:00,EDR,787,798,ACTIVE
E002-T001563,E002,E002-AS027,2026-08-20 00:00:00,EDR,1150,1111,ACTIVE
E002-T001564,E002,E002-AS028,2026-08-20 00:00:00,EDR,867,796,ACTIVE
E002-T001565,E002,E002-AS029,2026-08-20 00:00:00,IDS,722,724,ACTIVE
E002-T001566,E002,E002-AS030,2026-08-20 00:00:00,FIREWALL,568,555,ACTIVE
E002-T001567,E002,E002-AS031,2026-08-20 00:00:00,FIREWALL,661,596,ACTIVE
E002-T001568,E002,E002-AS032,2026-08-20 00:00:00,SIEM,816,815,ACTIVE
E002-T001569,E002,E002-AS001,2026-08-20 01:00:00,DATABASE,1001,1110,ACTIVE
E002-T001570,E002,E002-AS002,2026-08-20 01:00:00,EDR,1130,1122,ACTIVE
E002-T001571,E002,E002-AS003,2026-08-20 01:00:00,EDR,821,832,ACTIVE
E002-T001572,E002,E002-AS004,2026-08-20 01:00:00,EDR,1141,1056,ACTIVE
E002-T001573,E002,E002-AS005,2026-08-20 01:00:00,EDR,875,881,ACTIVE
E002-T001574,E002,E002-AS006,2026-08-20 01:00:00,EDR,1029,1024,ACTIVE
E002-T001575,E002,E002-AS007,2026-08-20 01:00:00,EDR,1279,1174,ACTIVE
E002-T001576,E002,E002-AS008,2026-08-20 01:00:00,EDR,912,824,ACTIVE
E002-T001577,E002,E002-AS009,2026-08-20 01:00:00,EDR,808,820,ACTIVE
E002-T001578,E002,E002-AS010,2026-08-20 01:00:00,EDR,588,643,ACTIVE
E002-T001579,E002,E002-AS011,2026-08-20 01:00:00,EDR,757,704,ACTIVE
E002-T001580,E002,E002-AS012,2026-08-20 01:00:00,EMAIL_SECURITY,931,858,ACTIVE
E002-T001581,E002,E002-AS013,2026-08-20 01:00:00,IAM,1136,1076,ACTIVE
E002-T001582,E002,E002-AS014,2026-08-20 01:00:00,IAM,785,749,ACTIVE
E002-T001583,E002,E002-AS015,2026-08-20 01:00:00,FIREWALL,727,723,ACTIVE
E002-T001584,E002,E002-AS016,2026-08-20 01:00:00,FIREWALL,882,866,ACTIVE
E002-T001585,E002,E002-AS017,2026-08-20 01:00:00,FIREWALL,660,671,ACTIVE
E002-T001586,E002,E002-AS018,2026-08-20 01:00:00,IDS,606,607,ACTIVE
E002-T001587,E002,E002-AS019,2026-08-20 01:00:00,SIEM,1193,1167,ACTIVE
E002-T001588,E002,E002-AS020,2026-08-20 01:00:00,IAM,565,612,ACTIVE
E002-T001589,E002,E002-AS021,2026-08-20 01:00:00,EDR,657,648,ACTIVE
E002-T001590,E002,E002-AS022,2026-08-20 01:00:00,EDR,510,533,ACTIVE
E002-T001591,E002,E002-AS023,2026-08-20 01:00:00,EDR,425,430,ACTIVE
E002-T001592,E002,E002-AS024,2026-08-20 01:00:00,EDR,661,680,ACTIVE
E002-T001593,E002,E002-AS025,2026-08-20 01:00:00,EDR,949,942,ACTIVE
E002-T001594,E002,E002-AS026,2026-08-20 01:00:00,EDR,763,798,ACTIVE
E002-T001595,E002,E002-AS027,2026-08-20 01:00:00,EDR,1074,1111,ACTIVE
E002-T001596,E002,E002-AS028,2026-08-20 01:00:00,EDR,909,796,ACTIVE
E002-T001597,E002,E002-AS029,2026-08-20 01:00:00,IDS,735,724,ACTIVE
E002-T001598,E002,E002-AS030,2026-08-20 01:00:00,FIREWALL,536,555,ACTIVE
E002-T001599,E002,E002-AS031,2026-08-20 01:00:00,FIREWALL,650,596,ACTIVE
E002-T001600,E002,E002-AS032,2026-08-20 01:00:00,SIEM,814,815,ACTIVE
E002-T001601,E002,E002-AS001,2026-08-20 02:00:00,DATABASE,1225,1110,ACTIVE
E002-T001602,E002,E002-AS002,2026-08-20 02:00:00,EDR,1084,1122,ACTIVE
E002-T001603,E002,E002-AS003,2026-08-20 02:00:00,EDR,830,832,ACTIVE
E002-T001604,E002,E002-AS004,2026-08-20 02:00:00,EDR,1065,1056,ACTIVE
E002-T001605,E002,E002-AS005,2026-08-20 02:00:00,EDR,904,881,ACTIVE
E002-T001606,E002,E002-AS006,2026-08-20 02:00:00,EDR,958,1024,ACTIVE
E002-T001607,E002,E002-AS007,2026-08-20 02:00:00,EDR,1301,1174,ACTIVE
E002-T001608,E002,E002-AS008,2026-08-20 02:00:00,EDR,912,824,ACTIVE
E002-T001609,E002,E002-AS009,2026-08-20 02:00:00,EDR,869,820,ACTIVE
E002-T001610,E002,E002-AS010,2026-08-20 02:00:00,EDR,611,643,ACTIVE
E002-T001611,E002,E002-AS011,2026-08-20 02:00:00,EDR,714,704,ACTIVE
E002-T001612,E002,E002-AS012,2026-08-20 02:00:00,EMAIL_SECURITY,834,858,ACTIVE
E002-T001613,E002,E002-AS013,2026-08-20 02:00:00,IAM,1090,1076,ACTIVE
E002-T001614,E002,E002-AS014,2026-08-20 02:00:00,IAM,805,749,ACTIVE
E002-T001615,E002,E002-AS015,2026-08-20 02:00:00,FIREWALL,732,723,ACTIVE
E002-T001616,E002,E002-AS016,2026-08-20 02:00:00,FIREWALL,890,866,ACTIVE
E002-T001617,E002,E002-AS017,2026-08-20 02:00:00,FIREWALL,667,671,ACTIVE
E002-T001618,E002,E002-AS018,2026-08-20 02:00:00,IDS,622,607,ACTIVE
E002-T001619,E002,E002-AS019,2026-08-20 02:00:00,SIEM,1097,1167,ACTIVE
E002-T001620,E002,E002-AS020,2026-08-20 02:00:00,IAM,617,612,ACTIVE
E002-T001621,E002,E002-AS021,2026-08-20 02:00:00,EDR,730,648,ACTIVE
E002-T001622,E002,E002-AS022,2026-08-20 02:00:00,EDR,556,533,ACTIVE
E002-T001623,E002,E002-AS023,2026-08-20 02:00:00,EDR,421,430,ACTIVE
E002-T001624,E002,E002-AS024,2026-08-20 02:00:00,EDR,660,680,ACTIVE
E002-T001625,E002,E002-AS025,2026-08-20 02:00:00,EDR,991,942,ACTIVE
E002-T001626,E002,E002-AS026,2026-08-20 02:00:00,EDR,802,798,ACTIVE
E002-T001627,E002,E002-AS027,2026-08-20 02:00:00,EDR,1082,1111,ACTIVE
E002-T001628,E002,E002-AS028,2026-08-20 02:00:00,EDR,867,796,ACTIVE
E002-T001629,E002,E002-AS029,2026-08-20 02:00:00,IDS,674,724,ACTIVE
E002-T001630,E002,E002-AS030,2026-08-20 02:00:00,FIREWALL,528,555,ACTIVE
E002-T001631,E002,E002-AS031,2026-08-20 02:00:00,FIREWALL,630,596,ACTIVE
E002-T001632,E002,E002-AS032,2026-08-20 02:00:00,SIEM,831,815,ACTIVE
E002-T001633,E002,E002-AS001,2026-08-20 03:00:00,DATABASE,1180,1110,ACTIVE
E002-T001634,E002,E002-AS002,2026-08-20 03:00:00,EDR,982,1122,ACTIVE
E002-T001635,E002,E002-AS003,2026-08-20 03:00:00,EDR,867,832,ACTIVE
E002-T001636,E002,E002-AS004,2026-08-20 03:00:00,EDR,1043,1056,ACTIVE
E002-T001637,E002,E002-AS005,2026-08-20 03:00:00,EDR,914,881,ACTIVE
E002-T001638,E002,E002-AS006,2026-08-20 03:00:00,EDR,1003,1024,ACTIVE
E002-T001639,E002,E002-AS007,2026-08-20 03:00:00,EDR,1189,1174,ACTIVE
E002-T001640,E002,E002-AS008,2026-08-20 03:00:00,EDR,850,824,ACTIVE
E002-T001641,E002,E002-AS009,2026-08-20 03:00:00,EDR,886,820,ACTIVE
E002-T001642,E002,E002-AS010,2026-08-20 03:00:00,EDR,652,643,ACTIVE
E002-T001643,E002,E002-AS011,2026-08-20 03:00:00,EDR,707,704,ACTIVE
E002-T001644,E002,E002-AS012,2026-08-20 03:00:00,EMAIL_SECURITY,860,858,ACTIVE
E002-T001645,E002,E002-AS013,2026-08-20 03:00:00,IAM,1100,1076,ACTIVE
E002-T001646,E002,E002-AS014,2026-08-20 03:00:00,IAM,728,749,ACTIVE
E002-T001647,E002,E002-AS015,2026-08-20 03:00:00,FIREWALL,761,723,ACTIVE
E002-T001648,E002,E002-AS016,2026-08-20 03:00:00,FIREWALL,833,866,ACTIVE
E002-T001649,E002,E002-AS017,2026-08-20 03:00:00,FIREWALL,733,671,ACTIVE
E002-T001650,E002,E002-AS018,2026-08-20 03:00:00,IDS,605,607,ACTIVE
E002-T001651,E002,E002-AS019,2026-08-20 03:00:00,SIEM,1066,1167,ACTIVE
E002-T001652,E002,E002-AS020,2026-08-20 03:00:00,IAM,627,612,ACTIVE
E002-T001653,E002,E002-AS021,2026-08-20 03:00:00,EDR,651,648,ACTIVE
E002-T001654,E002,E002-AS022,2026-08-20 03:00:00,EDR,499,533,ACTIVE
E002-T001655,E002,E002-AS023,2026-08-20 03:00:00,EDR,423,430,ACTIVE
E002-T001656,E002,E002-AS024,2026-08-20 03:00:00,EDR,644,680,ACTIVE
E002-T001657,E002,E002-AS025,2026-08-20 03:00:00,EDR,939,942,ACTIVE
E002-T001658,E002,E002-AS026,2026-08-20 03:00:00,EDR,772,798,ACTIVE
E002-T001659,E002,E002-AS027,2026-08-20 03:00:00,EDR,999,1111,ACTIVE
E002-T001660,E002,E002-AS028,2026-08-20 03:00:00,EDR,745,796,ACTIVE
E002-T001661,E002,E002-AS029,2026-08-20 03:00:00,IDS,738,724,ACTIVE
E002-T001662,E002,E002-AS030,2026-08-20 03:00:00,FIREWALL,589,555,ACTIVE
E002-T001663,E002,E002-AS031,2026-08-20 03:00:00,FIREWALL,556,596,ACTIVE
E002-T001664,E002,E002-AS032,2026-08-20 03:00:00,SIEM,836,815,ACTIVE
E002-T001665,E002,E002-AS001,2026-08-20 04:00:00,DATABASE,1148,1110,ACTIVE
E002-T001666,E002,E002-AS002,2026-08-20 04:00:00,EDR,1162,1122,ACTIVE
E002-T001667,E002,E002-AS003,2026-08-20 04:00:00,EDR,791,832,ACTIVE
E002-T001668,E002,E002-AS004,2026-08-20 04:00:00,EDR,1073,1056,ACTIVE
E002-T001669,E002,E002-AS005,2026-08-20 04:00:00,EDR,787,881,ACTIVE
E002-T001670,E002,E002-AS006,2026-08-20 04:00:00,EDR,959,1024,ACTIVE
E002-T001671,E002,E002-AS007,2026-08-20 04:00:00,EDR,1160,1174,ACTIVE
E002-T001672,E002,E002-AS008,2026-08-20 04:00:00,EDR,793,824,ACTIVE
E002-T001673,E002,E002-AS009,2026-08-20 04:00:00,EDR,788,820,ACTIVE
E002-T001674,E002,E002-AS010,2026-08-20 04:00:00,EDR,573,643,ACTIVE
E002-T001675,E002,E002-AS011,2026-08-20 04:00:00,EDR,678,704,ACTIVE
E002-T001676,E002,E002-AS012,2026-08-20 04:00:00,EMAIL_SECURITY,903,858,ACTIVE
E002-T001677,E002,E002-AS013,2026-08-20 04:00:00,IAM,1064,1076,ACTIVE
E002-T001678,E002,E002-AS014,2026-08-20 04:00:00,IAM,807,749,ACTIVE
E002-T001679,E002,E002-AS015,2026-08-20 04:00:00,FIREWALL,709,723,ACTIVE
E002-T001680,E002,E002-AS016,2026-08-20 04:00:00,FIREWALL,941,866,ACTIVE
E002-T001681,E002,E002-AS017,2026-08-20 04:00:00,FIREWALL,658,671,ACTIVE
E002-T001682,E002,E002-AS018,2026-08-20 04:00:00,IDS,616,607,ACTIVE
E002-T001683,E002,E002-AS019,2026-08-20 04:00:00,SIEM,1167,1167,ACTIVE
E002-T001684,E002,E002-AS020,2026-08-20 04:00:00,IAM,584,612,ACTIVE
E002-T001685,E002,E002-AS021,2026-08-20 04:00:00,EDR,598,648,ACTIVE
E002-T001686,E002,E002-AS022,2026-08-20 04:00:00,EDR,530,533,ACTIVE
E002-T001687,E002,E002-AS023,2026-08-20 04:00:00,EDR,418,430,ACTIVE
E002-T001688,E002,E002-AS024,2026-08-20 04:00:00,EDR,635,680,ACTIVE
E002-T001689,E002,E002-AS025,2026-08-20 04:00:00,EDR,924,942,ACTIVE
E002-T001690,E002,E002-AS026,2026-08-20 04:00:00,EDR,791,798,ACTIVE
E002-T001691,E002,E002-AS027,2026-08-20 04:00:00,EDR,1125,1111,ACTIVE
E002-T001692,E002,E002-AS028,2026-08-20 04:00:00,EDR,747,796,ACTIVE
E002-T001693,E002,E002-AS029,2026-08-20 04:00:00,IDS,698,724,ACTIVE
E002-T001694,E002,E002-AS030,2026-08-20 04:00:00,FIREWALL,556,555,ACTIVE
E002-T001695,E002,E002-AS031,2026-08-20 04:00:00,FIREWALL,580,596,ACTIVE
E002-T001696,E002,E002-AS032,2026-08-20 04:00:00,SIEM,835,815,ACTIVE
E002-T001697,E002,E002-AS001,2026-08-20 05:00:00,DATABASE,1071,1110,ACTIVE
E002-T001698,E002,E002-AS002,2026-08-20 05:00:00,EDR,1212,1122,ACTIVE
E002-T001699,E002,E002-AS003,2026-08-20 05:00:00,EDR,909,832,ACTIVE
E002-T001700,E002,E002-AS004,2026-08-20 05:00:00,EDR,952,1056,ACTIVE
E002-T001701,E002,E002-AS005,2026-08-20 05:00:00,EDR,807,881,ACTIVE
E002-T001702,E002,E002-AS006,2026-08-20 05:00:00,EDR,1088,1024,ACTIVE
E002-T001703,E002,E002-AS007,2026-08-20 05:00:00,EDR,1205,1174,ACTIVE
E002-T001704,E002,E002-AS008,2026-08-20 05:00:00,EDR,796,824,ACTIVE
E002-T001705,E002,E002-AS009,2026-08-20 05:00:00,EDR,827,820,ACTIVE
E002-T001706,E002,E002-AS010,2026-08-20 05:00:00,EDR,666,643,ACTIVE
E002-T001707,E002,E002-AS011,2026-08-20 05:00:00,EDR,653,704,ACTIVE
E002-T001708,E002,E002-AS012,2026-08-20 05:00:00,EMAIL_SECURITY,820,858,ACTIVE
E002-T001709,E002,E002-AS013,2026-08-20 05:00:00,IAM,1009,1076,ACTIVE
E002-T001710,E002,E002-AS014,2026-08-20 05:00:00,IAM,742,749,ACTIVE
E002-T001711,E002,E002-AS015,2026-08-20 05:00:00,FIREWALL,736,723,ACTIVE
E002-T001712,E002,E002-AS016,2026-08-20 05:00:00,FIREWALL,903,866,ACTIVE
E002-T001713,E002,E002-AS017,2026-08-20 05:00:00,FIREWALL,674,671,ACTIVE
E002-T001714,E002,E002-AS018,2026-08-20 05:00:00,IDS,574,607,ACTIVE
E002-T001715,E002,E002-AS019,2026-08-20 05:00:00,SIEM,1238,1167,ACTIVE
E002-T001716,E002,E002-AS020,2026-08-20 05:00:00,IAM,610,612,ACTIVE
E002-T001717,E002,E002-AS021,2026-08-20 05:00:00,EDR,640,648,ACTIVE
E002-T001718,E002,E002-AS022,2026-08-20 05:00:00,EDR,541,533,ACTIVE
E002-T001719,E002,E002-AS023,2026-08-20 05:00:00,EDR,460,430,ACTIVE
E002-T001720,E002,E002-AS024,2026-08-20 05:00:00,EDR,738,680,ACTIVE
E002-T001721,E002,E002-AS025,2026-08-20 05:00:00,EDR,986,942,ACTIVE
E002-T001722,E002,E002-AS026,2026-08-20 05:00:00,EDR,763,798,ACTIVE
E002-T001723,E002,E002-AS027,2026-08-20 05:00:00,EDR,1090,1111,ACTIVE
E002-T001724,E002,E002-AS028,2026-08-20 05:00:00,EDR,766,796,ACTIVE
E002-T001725,E002,E002-AS029,2026-08-20 05:00:00,IDS,759,724,ACTIVE
E002-T001726,E002,E002-AS030,2026-08-20 05:00:00,FIREWALL,553,555,ACTIVE
E002-T001727,E002,E002-AS031,2026-08-20 05:00:00,FIREWALL,573,596,ACTIVE
E002-T001728,E002,E002-AS032,2026-08-20 05:00:00,SIEM,839,815,ACTIVE
E002-T001729,E002,E002-AS001,2026-08-20 06:00:00,DATABASE,1150,1110,ACTIVE
E002-T001730,E002,E002-AS002,2026-08-20 06:00:00,EDR,1210,1122,ACTIVE
E002-T001731,E002,E002-AS003,2026-08-20 06:00:00,EDR,826,832,ACTIVE
E002-T001732,E002,E002-AS004,2026-08-20 06:00:00,EDR,1071,1056,ACTIVE
E002-T001733,E002,E002-AS005,2026-08-20 06:00:00,EDR,891,881,ACTIVE
E002-T001734,E002,E002-AS006,2026-08-20 06:00:00,EDR,1127,1024,ACTIVE
E002-T001735,E002,E002-AS007,2026-08-20 06:00:00,EDR,1087,1174,ACTIVE
E002-T001736,E002,E002-AS008,2026-08-20 06:00:00,EDR,740,824,ACTIVE
E002-T001737,E002,E002-AS009,2026-08-20 06:00:00,EDR,817,820,ACTIVE
E002-T001738,E002,E002-AS010,2026-08-20 06:00:00,EDR,562,643,ACTIVE
E002-T001739,E002,E002-AS011,2026-08-20 06:00:00,EDR,660,704,ACTIVE
E002-T001740,E002,E002-AS012,2026-08-20 06:00:00,EMAIL_SECURITY,862,858,ACTIVE
E002-T001741,E002,E002-AS013,2026-08-20 06:00:00,IAM,1070,1076,ACTIVE
E002-T001742,E002,E002-AS014,2026-08-20 06:00:00,IAM,735,749,ACTIVE
E002-T001743,E002,E002-AS015,2026-08-20 06:00:00,FIREWALL,768,723,ACTIVE
E002-T001744,E002,E002-AS016,2026-08-20 06:00:00,FIREWALL,881,866,ACTIVE
E002-T001745,E002,E002-AS017,2026-08-20 06:00:00,FIREWALL,685,671,ACTIVE
E002-T001746,E002,E002-AS018,2026-08-20 06:00:00,IDS,627,607,ACTIVE
E002-T001747,E002,E002-AS019,2026-08-20 06:00:00,SIEM,1209,1167,ACTIVE
E002-T001748,E002,E002-AS020,2026-08-20 06:00:00,IAM,628,612,ACTIVE
E002-T001749,E002,E002-AS021,2026-08-20 06:00:00,EDR,666,648,ACTIVE
E002-T001750,E002,E002-AS022,2026-08-20 06:00:00,EDR,568,533,ACTIVE
E002-T001751,E002,E002-AS023,2026-08-20 06:00:00,EDR,439,430,ACTIVE
E002-T001752,E002,E002-AS024,2026-08-20 06:00:00,EDR,650,680,ACTIVE
E002-T001753,E002,E002-AS025,2026-08-20 06:00:00,EDR,898,942,ACTIVE
E002-T001754,E002,E002-AS026,2026-08-20 06:00:00,EDR,747,798,ACTIVE
E002-T001755,E002,E002-AS027,2026-08-20 06:00:00,EDR,1010,1111,ACTIVE
E002-T001756,E002,E002-AS028,2026-08-20 06:00:00,EDR,822,796,ACTIVE
E002-T001757,E002,E002-AS029,2026-08-20 06:00:00,IDS,755,724,ACTIVE
E002-T001758,E002,E002-AS030,2026-08-20 06:00:00,FIREWALL,643,555,ACTIVE
E002-T001759,E002,E002-AS031,2026-08-20 06:00:00,FIREWALL,564,596,ACTIVE
E002-T001760,E002,E002-AS032,2026-08-20 06:00:00,SIEM,745,815,ACTIVE
E002-T001761,E002,E002-AS001,2026-08-20 07:00:00,DATABASE,1165,1110,ACTIVE
E002-T001762,E002,E002-AS002,2026-08-20 07:00:00,EDR,1109,1122,ACTIVE
E002-T001763,E002,E002-AS003,2026-08-20 07:00:00,EDR,879,832,ACTIVE
E002-T001764,E002,E002-AS004,2026-08-20 07:00:00,EDR,990,1056,ACTIVE
E002-T001765,E002,E002-AS005,2026-08-20 07:00:00,EDR,853,881,ACTIVE
E002-T001766,E002,E002-AS006,2026-08-20 07:00:00,EDR,1013,1024,ACTIVE
E002-T001767,E002,E002-AS007,2026-08-20 07:00:00,EDR,1105,1174,ACTIVE
E002-T001768,E002,E002-AS008,2026-08-20 07:00:00,EDR,796,824,ACTIVE
E002-T001769,E002,E002-AS009,2026-08-20 07:00:00,EDR,843,820,ACTIVE
E002-T001770,E002,E002-AS010,2026-08-20 07:00:00,EDR,629,643,ACTIVE
E002-T001771,E002,E002-AS011,2026-08-20 07:00:00,EDR,699,704,ACTIVE
E002-T001772,E002,E002-AS012,2026-08-20 07:00:00,EMAIL_SECURITY,818,858,ACTIVE
E002-T001773,E002,E002-AS013,2026-08-20 07:00:00,IAM,1002,1076,ACTIVE
E002-T001774,E002,E002-AS014,2026-08-20 07:00:00,IAM,694,749,ACTIVE
E002-T001775,E002,E002-AS015,2026-08-20 07:00:00,FIREWALL,729,723,ACTIVE
E002-T001776,E002,E002-AS016,2026-08-20 07:00:00,FIREWALL,880,866,ACTIVE
E002-T001777,E002,E002-AS017,2026-08-20 07:00:00,FIREWALL,664,671,ACTIVE
E002-T001778,E002,E002-AS018,2026-08-20 07:00:00,IDS,622,607,ACTIVE
E002-T001779,E002,E002-AS019,2026-08-20 07:00:00,SIEM,1242,1167,ACTIVE
E002-T001780,E002,E002-AS020,2026-08-20 07:00:00,IAM,574,612,ACTIVE
E002-T001781,E002,E002-AS021,2026-08-20 07:00:00,EDR,649,648,ACTIVE
E002-T001782,E002,E002-AS022,2026-08-20 07:00:00,EDR,524,533,ACTIVE
E002-T001783,E002,E002-AS023,2026-08-20 07:00:00,EDR,429,430,ACTIVE
E002-T001784,E002,E002-AS024,2026-08-20 07:00:00,EDR,652,680,ACTIVE
E002-T001785,E002,E002-AS025,2026-08-20 07:00:00,EDR,987,942,ACTIVE
E002-T001786,E002,E002-AS026,2026-08-20 07:00:00,EDR,808,798,ACTIVE
E002-T001787,E002,E002-AS027,2026-08-20 07:00:00,EDR,1112,1111,ACTIVE
E002-T001788,E002,E002-AS028,2026-08-20 07:00:00,EDR,773,796,ACTIVE
E002-T001789,E002,E002-AS029,2026-08-20 07:00:00,IDS,770,724,ACTIVE
E002-T001790,E002,E002-AS030,2026-08-20 07:00:00,FIREWALL,587,555,ACTIVE
E002-T001791,E002,E002-AS031,2026-08-20 07:00:00,FIREWALL,577,596,ACTIVE
E002-T001792,E002,E002-AS032,2026-08-20 07:00:00,SIEM,827,815,ACTIVE
E002-T001793,E002,E002-AS001,2026-08-20 08:00:00,DATABASE,1180,1110,ACTIVE
E002-T001794,E002,E002-AS002,2026-08-20 08:00:00,EDR,1082,1122,ACTIVE
E002-T001795,E002,E002-AS003,2026-08-20 08:00:00,EDR,919,832,ACTIVE
E002-T001796,E002,E002-AS004,2026-08-20 08:00:00,EDR,975,1056,ACTIVE
E002-T001797,E002,E002-AS005,2026-08-20 08:00:00,EDR,884,881,ACTIVE
E002-T001798,E002,E002-AS006,2026-08-20 08:00:00,EDR,1079,1024,ACTIVE
E002-T001799,E002,E002-AS007,2026-08-20 08:00:00,EDR,1097,1174,ACTIVE
E002-T001800,E002,E002-AS008,2026-08-20 08:00:00,EDR,742,824,ACTIVE
E002-T001801,E002,E002-AS009,2026-08-20 08:00:00,EDR,881,820,ACTIVE
E002-T001802,E002,E002-AS010,2026-08-20 08:00:00,EDR,692,643,ACTIVE
E002-T001803,E002,E002-AS011,2026-08-20 08:00:00,EDR,687,704,ACTIVE
E002-T001804,E002,E002-AS012,2026-08-20 08:00:00,EMAIL_SECURITY,890,858,ACTIVE
E002-T001805,E002,E002-AS013,2026-08-20 08:00:00,IAM,1063,1076,ACTIVE
E002-T001806,E002,E002-AS014,2026-08-20 08:00:00,IAM,805,749,ACTIVE
E002-T001807,E002,E002-AS015,2026-08-20 08:00:00,FIREWALL,662,723,ACTIVE
E002-T001808,E002,E002-AS016,2026-08-20 08:00:00,FIREWALL,827,866,ACTIVE
E002-T001809,E002,E002-AS017,2026-08-20 08:00:00,FIREWALL,689,671,ACTIVE
E002-T001810,E002,E002-AS018,2026-08-20 08:00:00,IDS,546,607,ACTIVE
E002-T001811,E002,E002-AS019,2026-08-20 08:00:00,SIEM,1330,1167,ACTIVE
E002-T001812,E002,E002-AS020,2026-08-20 08:00:00,IAM,584,612,ACTIVE
E002-T001813,E002,E002-AS021,2026-08-20 08:00:00,EDR,585,648,ACTIVE
E002-T001814,E002,E002-AS022,2026-08-20 08:00:00,EDR,520,533,ACTIVE
E002-T001815,E002,E002-AS023,2026-08-20 08:00:00,EDR,439,430,ACTIVE
E002-T001816,E002,E002-AS024,2026-08-20 08:00:00,EDR,707,680,ACTIVE
E002-T001817,E002,E002-AS025,2026-08-20 08:00:00,EDR,1015,942,ACTIVE
E002-T001818,E002,E002-AS026,2026-08-20 08:00:00,EDR,807,798,ACTIVE
E002-T001819,E002,E002-AS027,2026-08-20 08:00:00,EDR,1109,1111,ACTIVE
E002-T001820,E002,E002-AS028,2026-08-20 08:00:00,EDR,738,796,ACTIVE
E002-T001821,E002,E002-AS029,2026-08-20 08:00:00,IDS,674,724,ACTIVE
E002-T001822,E002,E002-AS030,2026-08-20 08:00:00,FIREWALL,552,555,ACTIVE
E002-T001823,E002,E002-AS031,2026-08-20 08:00:00,FIREWALL,564,596,ACTIVE
E002-T001824,E002,E002-AS032,2026-08-20 08:00:00,SIEM,838,815,ACTIVE
E002-T001825,E002,E002-AS001,2026-08-20 09:00:00,DATABASE,1212,1110,ACTIVE
E002-T001826,E002,E002-AS002,2026-08-20 09:00:00,EDR,1198,1122,ACTIVE
E002-T001827,E002,E002-AS003,2026-08-20 09:00:00,EDR,906,832,ACTIVE
E002-T001828,E002,E002-AS004,2026-08-20 09:00:00,EDR,1054,1056,ACTIVE
E002-T001829,E002,E002-AS005,2026-08-20 09:00:00,EDR,876,881,ACTIVE
E002-T001830,E002,E002-AS006,2026-08-20 09:00:00,EDR,1060,1024,ACTIVE
E002-T001831,E002,E002-AS007,2026-08-20 09:00:00,EDR,1165,1174,ACTIVE
E002-T001832,E002,E002-AS008,2026-08-20 09:00:00,EDR,749,824,ACTIVE
E002-T001833,E002,E002-AS009,2026-08-20 09:00:00,EDR,843,820,ACTIVE
E002-T001834,E002,E002-AS010,2026-08-20 09:00:00,EDR,634,643,ACTIVE
E002-T001835,E002,E002-AS011,2026-08-20 09:00:00,EDR,701,704,ACTIVE
E002-T001836,E002,E002-AS012,2026-08-20 09:00:00,EMAIL_SECURITY,871,858,ACTIVE
E002-T001837,E002,E002-AS013,2026-08-20 09:00:00,IAM,1124,1076,ACTIVE
E002-T001838,E002,E002-AS014,2026-08-20 09:00:00,IAM,708,749,ACTIVE
E002-T001839,E002,E002-AS015,2026-08-20 09:00:00,FIREWALL,780,723,ACTIVE
E002-T001840,E002,E002-AS016,2026-08-20 09:00:00,FIREWALL,885,866,ACTIVE
E002-T001841,E002,E002-AS017,2026-08-20 09:00:00,FIREWALL,750,671,ACTIVE
E002-T001842,E002,E002-AS018,2026-08-20 09:00:00,IDS,673,607,ACTIVE
E002-T001843,E002,E002-AS019,2026-08-20 09:00:00,SIEM,1211,1167,ACTIVE
E002-T001844,E002,E002-AS020,2026-08-20 09:00:00,IAM,565,612,ACTIVE
E002-T001845,E002,E002-AS021,2026-08-20 09:00:00,EDR,609,648,ACTIVE
E002-T001846,E002,E002-AS022,2026-08-20 09:00:00,EDR,615,533,ACTIVE
E002-T001847,E002,E002-AS023,2026-08-20 09:00:00,EDR,423,430,ACTIVE
E002-T001848,E002,E002-AS024,2026-08-20 09:00:00,EDR,719,680,ACTIVE
E002-T001849,E002,E002-AS025,2026-08-20 09:00:00,EDR,996,942,ACTIVE
E002-T001850,E002,E002-AS026,2026-08-20 09:00:00,EDR,805,798,ACTIVE
E002-T001851,E002,E002-AS027,2026-08-20 09:00:00,EDR,1143,1111,ACTIVE
E002-T001852,E002,E002-AS028,2026-08-20 09:00:00,EDR,790,796,ACTIVE
E002-T001853,E002,E002-AS029,2026-08-20 09:00:00,IDS,682,724,ACTIVE
E002-T001854,E002,E002-AS030,2026-08-20 09:00:00,FIREWALL,562,555,ACTIVE
E002-T001855,E002,E002-AS031,2026-08-20 09:00:00,FIREWALL,583,596,ACTIVE
E002-T001856,E002,E002-AS032,2026-08-20 09:00:00,SIEM,740,815,ACTIVE
E002-T001857,E002,E002-AS001,2026-08-20 10:00:00,DATABASE,1222,1110,ACTIVE
E002-T001858,E002,E002-AS002,2026-08-20 10:00:00,EDR,1157,1122,ACTIVE
E002-T001859,E002,E002-AS003,2026-08-20 10:00:00,EDR,791,832,ACTIVE
E002-T001860,E002,E002-AS004,2026-08-20 10:00:00,EDR,1165,1056,ACTIVE
E002-T001861,E002,E002-AS005,2026-08-20 10:00:00,EDR,832,881,ACTIVE
E002-T001862,E002,E002-AS006,2026-08-20 10:00:00,EDR,1071,1024,ACTIVE
E002-T001863,E002,E002-AS007,2026-08-20 10:00:00,EDR,1180,1174,ACTIVE
E002-T001864,E002,E002-AS008,2026-08-20 10:00:00,EDR,894,824,ACTIVE
E002-T001865,E002,E002-AS009,2026-08-20 10:00:00,EDR,836,820,ACTIVE
E002-T001866,E002,E002-AS010,2026-08-20 10:00:00,EDR,601,643,ACTIVE
E002-T001867,E002,E002-AS011,2026-08-20 10:00:00,EDR,733,704,ACTIVE
E002-T001868,E002,E002-AS012,2026-08-20 10:00:00,EMAIL_SECURITY,913,858,ACTIVE
E002-T001869,E002,E002-AS013,2026-08-20 10:00:00,IAM,1072,1076,ACTIVE
E002-T001870,E002,E002-AS014,2026-08-20 10:00:00,IAM,686,749,ACTIVE
E002-T001871,E002,E002-AS015,2026-08-20 10:00:00,FIREWALL,801,723,ACTIVE
E002-T001872,E002,E002-AS016,2026-08-20 10:00:00,FIREWALL,889,866,ACTIVE
E002-T001873,E002,E002-AS017,2026-08-20 10:00:00,FIREWALL,630,671,ACTIVE
E002-T001874,E002,E002-AS018,2026-08-20 10:00:00,IDS,632,607,ACTIVE
E002-T001875,E002,E002-AS019,2026-08-20 10:00:00,SIEM,1189,1167,ACTIVE
E002-T001876,E002,E002-AS020,2026-08-20 10:00:00,IAM,641,612,ACTIVE
E002-T001877,E002,E002-AS021,2026-08-20 10:00:00,EDR,689,648,ACTIVE
E002-T001878,E002,E002-AS022,2026-08-20 10:00:00,EDR,558,533,ACTIVE
E002-T001879,E002,E002-AS023,2026-08-20 10:00:00,EDR,426,430,ACTIVE
E002-T001880,E002,E002-AS024,2026-08-20 10:00:00,EDR,678,680,ACTIVE
E002-T001881,E002,E002-AS025,2026-08-20 10:00:00,EDR,981,942,ACTIVE
E002-T001882,E002,E002-AS026,2026-08-20 10:00:00,EDR,767,798,ACTIVE
E002-T001883,E002,E002-AS027,2026-08-20 10:00:00,EDR,997,1111,ACTIVE
E002-T001884,E002,E002-AS028,2026-08-20 10:00:00,EDR,799,796,ACTIVE
E002-T001885,E002,E002-AS029,2026-08-20 10:00:00,IDS,755,724,ACTIVE
E002-T001886,E002,E002-AS030,2026-08-20 10:00:00,FIREWALL,522,555,ACTIVE
E002-T001887,E002,E002-AS031,2026-08-20 10:00:00,FIREWALL,615,596,ACTIVE
E002-T001888,E002,E002-AS032,2026-08-20 10:00:00,SIEM,811,815,ACTIVE
E002-T001889,E002,E002-AS001,2026-08-20 11:00:00,DATABASE,1142,1110,ACTIVE
E002-T001890,E002,E002-AS002,2026-08-20 11:00:00,EDR,1214,1122,ACTIVE
E002-T001891,E002,E002-AS003,2026-08-20 11:00:00,EDR,808,832,ACTIVE
E002-T001892,E002,E002-AS004,2026-08-20 11:00:00,EDR,1056,1056,ACTIVE
E002-T001893,E002,E002-AS005,2026-08-20 11:00:00,EDR,900,881,ACTIVE
E002-T001894,E002,E002-AS006,2026-08-20 11:00:00,EDR,1080,1024,ACTIVE
E002-T001895,E002,E002-AS007,2026-08-20 11:00:00,EDR,1245,1174,ACTIVE
E002-T001896,E002,E002-AS008,2026-08-20 11:00:00,EDR,728,824,ACTIVE
E002-T001897,E002,E002-AS009,2026-08-20 11:00:00,EDR,895,820,ACTIVE
E002-T001898,E002,E002-AS010,2026-08-20 11:00:00,EDR,629,643,ACTIVE
E002-T001899,E002,E002-AS011,2026-08-20 11:00:00,EDR,645,704,ACTIVE
E002-T001900,E002,E002-AS012,2026-08-20 11:00:00,EMAIL_SECURITY,843,858,ACTIVE
E002-T001901,E002,E002-AS013,2026-08-20 11:00:00,IAM,1051,1076,ACTIVE
E002-T001902,E002,E002-AS014,2026-08-20 11:00:00,IAM,682,749,ACTIVE
E002-T001903,E002,E002-AS015,2026-08-20 11:00:00,FIREWALL,699,723,ACTIVE
E002-T001904,E002,E002-AS016,2026-08-20 11:00:00,FIREWALL,886,866,ACTIVE
E002-T001905,E002,E002-AS017,2026-08-20 11:00:00,FIREWALL,607,671,ACTIVE
E002-T001906,E002,E002-AS018,2026-08-20 11:00:00,IDS,613,607,ACTIVE
E002-T001907,E002,E002-AS019,2026-08-20 11:00:00,SIEM,1183,1167,ACTIVE
E002-T001908,E002,E002-AS020,2026-08-20 11:00:00,IAM,610,612,ACTIVE
E002-T001909,E002,E002-AS021,2026-08-20 11:00:00,EDR,663,648,ACTIVE
E002-T001910,E002,E002-AS022,2026-08-20 11:00:00,EDR,494,533,ACTIVE
E002-T001911,E002,E002-AS023,2026-08-20 11:00:00,EDR,460,430,ACTIVE
E002-T001912,E002,E002-AS024,2026-08-20 11:00:00,EDR,613,680,ACTIVE
E002-T001913,E002,E002-AS025,2026-08-20 11:00:00,EDR,953,942,ACTIVE
E002-T001914,E002,E002-AS026,2026-08-20 11:00:00,EDR,740,798,ACTIVE
E002-T001915,E002,E002-AS027,2026-08-20 11:00:00,EDR,1156,1111,ACTIVE
E002-T001916,E002,E002-AS028,2026-08-20 11:00:00,EDR,768,796,ACTIVE
E002-T001917,E002,E002-AS029,2026-08-20 11:00:00,IDS,732,724,ACTIVE
E002-T001918,E002,E002-AS030,2026-08-20 11:00:00,FIREWALL,559,555,ACTIVE
E002-T001919,E002,E002-AS031,2026-08-20 11:00:00,FIREWALL,531,596,ACTIVE
E002-T001920,E002,E002-AS032,2026-08-20 11:00:00,SIEM,860,815,ACTIVE
E002-T001921,E002,E002-AS001,2026-08-20 12:00:00,DATABASE,1276,1110,ACTIVE
E002-T001922,E002,E002-AS002,2026-08-20 12:00:00,EDR,1050,1122,ACTIVE
E002-T001923,E002,E002-AS003,2026-08-20 12:00:00,EDR,826,832,ACTIVE
E002-T001924,E002,E002-AS004,2026-08-20 12:00:00,EDR,1027,1056,ACTIVE
E002-T001925,E002,E002-AS005,2026-08-20 12:00:00,EDR,875,881,ACTIVE
E002-T001926,E002,E002-AS006,2026-08-20 12:00:00,EDR,1013,1024,ACTIVE
E002-T001927,E002,E002-AS007,2026-08-20 12:00:00,EDR,1076,1174,ACTIVE
E002-T001928,E002,E002-AS008,2026-08-20 12:00:00,EDR,762,824,ACTIVE
E002-T001929,E002,E002-AS009,2026-08-20 12:00:00,EDR,772,820,ACTIVE
E002-T001930,E002,E002-AS010,2026-08-20 12:00:00,EDR,607,643,ACTIVE
E002-T001931,E002,E002-AS011,2026-08-20 12:00:00,EDR,688,704,ACTIVE
E002-T001932,E002,E002-AS012,2026-08-20 12:00:00,EMAIL_SECURITY,884,858,ACTIVE
E002-T001933,E002,E002-AS013,2026-08-20 12:00:00,IAM,993,1076,ACTIVE
E002-T001934,E002,E002-AS014,2026-08-20 12:00:00,IAM,714,749,ACTIVE
E002-T001935,E002,E002-AS015,2026-08-20 12:00:00,FIREWALL,706,723,ACTIVE
E002-T001936,E002,E002-AS016,2026-08-20 12:00:00,FIREWALL,873,866,ACTIVE
E002-T001937,E002,E002-AS017,2026-08-20 12:00:00,FIREWALL,685,671,ACTIVE
E002-T001938,E002,E002-AS018,2026-08-20 12:00:00,IDS,516,607,ACTIVE
E002-T001939,E002,E002-AS019,2026-08-20 12:00:00,SIEM,1123,1167,ACTIVE
E002-T001940,E002,E002-AS020,2026-08-20 12:00:00,IAM,595,612,ACTIVE
E002-T001941,E002,E002-AS021,2026-08-20 12:00:00,EDR,598,648,ACTIVE
E002-T001942,E002,E002-AS022,2026-08-20 12:00:00,EDR,568,533,ACTIVE
E002-T001943,E002,E002-AS023,2026-08-20 12:00:00,EDR,413,430,ACTIVE
E002-T001944,E002,E002-AS024,2026-08-20 12:00:00,EDR,688,680,ACTIVE
E002-T001945,E002,E002-AS025,2026-08-20 12:00:00,EDR,924,942,ACTIVE
E002-T001946,E002,E002-AS026,2026-08-20 12:00:00,EDR,869,798,ACTIVE
E002-T001947,E002,E002-AS027,2026-08-20 12:00:00,EDR,1044,1111,ACTIVE
E002-T001948,E002,E002-AS028,2026-08-20 12:00:00,EDR,732,796,ACTIVE
E002-T001949,E002,E002-AS029,2026-08-20 12:00:00,IDS,742,724,ACTIVE
E002-T001950,E002,E002-AS030,2026-08-20 12:00:00,FIREWALL,553,555,ACTIVE
E002-T001951,E002,E002-AS031,2026-08-20 12:00:00,FIREWALL,528,596,ACTIVE
E002-T001952,E002,E002-AS032,2026-08-20 12:00:00,SIEM,808,815,ACTIVE
E002-T001953,E002,E002-AS001,2026-08-20 13:00:00,DATABASE,1160,1110,ACTIVE
E002-T001954,E002,E002-AS002,2026-08-20 13:00:00,EDR,1137,1122,ACTIVE
E002-T001955,E002,E002-AS003,2026-08-20 13:00:00,EDR,874,832,ACTIVE
E002-T001956,E002,E002-AS004,2026-08-20 13:00:00,EDR,1041,1056,ACTIVE
E002-T001957,E002,E002-AS005,2026-08-20 13:00:00,EDR,912,881,ACTIVE
E002-T001958,E002,E002-AS006,2026-08-20 13:00:00,EDR,1058,1024,ACTIVE
E002-T001959,E002,E002-AS007,2026-08-20 13:00:00,EDR,1174,1174,ACTIVE
E002-T001960,E002,E002-AS008,2026-08-20 13:00:00,EDR,765,824,ACTIVE
E002-T001961,E002,E002-AS009,2026-08-20 13:00:00,EDR,757,820,ACTIVE
E002-T001962,E002,E002-AS010,2026-08-20 13:00:00,EDR,614,643,ACTIVE
E002-T001963,E002,E002-AS011,2026-08-20 13:00:00,EDR,666,704,ACTIVE
E002-T001964,E002,E002-AS012,2026-08-20 13:00:00,EMAIL_SECURITY,882,858,ACTIVE
E002-T001965,E002,E002-AS013,2026-08-20 13:00:00,IAM,1080,1076,ACTIVE
E002-T001966,E002,E002-AS014,2026-08-20 13:00:00,IAM,693,749,ACTIVE
E002-T001967,E002,E002-AS015,2026-08-20 13:00:00,FIREWALL,690,723,ACTIVE
E002-T001968,E002,E002-AS016,2026-08-20 13:00:00,FIREWALL,916,866,ACTIVE
E002-T001969,E002,E002-AS017,2026-08-20 13:00:00,FIREWALL,685,671,ACTIVE
E002-T001970,E002,E002-AS018,2026-08-20 13:00:00,IDS,532,607,ACTIVE
E002-T001971,E002,E002-AS019,2026-08-20 13:00:00,SIEM,1281,1167,ACTIVE
E002-T001972,E002,E002-AS020,2026-08-20 13:00:00,IAM,651,612,ACTIVE
E002-T001973,E002,E002-AS021,2026-08-20 13:00:00,EDR,636,648,ACTIVE
E002-T001974,E002,E002-AS022,2026-08-20 13:00:00,EDR,583,533,ACTIVE
E002-T001975,E002,E002-AS023,2026-08-20 13:00:00,EDR,455,430,ACTIVE
E002-T001976,E002,E002-AS024,2026-08-20 13:00:00,EDR,685,680,ACTIVE
E002-T001977,E002,E002-AS025,2026-08-20 13:00:00,EDR,960,942,ACTIVE
E002-T001978,E002,E002-AS026,2026-08-20 13:00:00,EDR,826,798,ACTIVE
E002-T001979,E002,E002-AS027,2026-08-20 13:00:00,EDR,1258,1111,ACTIVE
E002-T001980,E002,E002-AS028,2026-08-20 13:00:00,EDR,804,796,ACTIVE
E002-T001981,E002,E002-AS029,2026-08-20 13:00:00,IDS,713,724,ACTIVE
E002-T001982,E002,E002-AS030,2026-08-20 13:00:00,FIREWALL,609,555,ACTIVE
E002-T001983,E002,E002-AS031,2026-08-20 13:00:00,FIREWALL,572,596,ACTIVE
E002-T001984,E002,E002-AS032,2026-08-20 13:00:00,SIEM,781,815,ACTIVE
E002-T001985,E002,E002-AS001,2026-08-20 14:00:00,DATABASE,1136,1110,ACTIVE
E002-T001986,E002,E002-AS002,2026-08-20 14:00:00,EDR,1158,1122,ACTIVE
E002-T001987,E002,E002-AS003,2026-08-20 14:00:00,EDR,847,832,ACTIVE
E002-T001988,E002,E002-AS004,2026-08-20 14:00:00,EDR,1081,1056,ACTIVE
E002-T001989,E002,E002-AS005,2026-08-20 14:00:00,EDR,832,881,ACTIVE
E002-T001990,E002,E002-AS006,2026-08-20 14:00:00,EDR,1038,1024,ACTIVE
E002-T001991,E002,E002-AS007,2026-08-20 14:00:00,EDR,1194,1174,ACTIVE
E002-T001992,E002,E002-AS008,2026-08-20 14:00:00,EDR,913,824,ACTIVE
E002-T001993,E002,E002-AS009,2026-08-20 14:00:00,EDR,802,820,ACTIVE
E002-T001994,E002,E002-AS010,2026-08-20 14:00:00,EDR,659,643,ACTIVE
E002-T001995,E002,E002-AS011,2026-08-20 14:00:00,EDR,689,704,ACTIVE
E002-T001996,E002,E002-AS012,2026-08-20 14:00:00,EMAIL_SECURITY,874,858,ACTIVE
E002-T001997,E002,E002-AS013,2026-08-20 14:00:00,IAM,1174,1076,ACTIVE
E002-T001998,E002,E002-AS014,2026-08-20 14:00:00,IAM,725,749,ACTIVE
E002-T001999,E002,E002-AS015,2026-08-20 14:00:00,FIREWALL,713,723,ACTIVE
E002-T002000,E002,E002-AS016,2026-08-20 14:00:00,FIREWALL,857,866,ACTIVE
E002-T002001,E002,E002-AS017,2026-08-20 14:00:00,FIREWALL,701,671,ACTIVE
E002-T002002,E002,E002-AS018,2026-08-20 14:00:00,IDS,603,607,ACTIVE
E002-T002003,E002,E002-AS019,2026-08-20 14:00:00,SIEM,1001,1167,ACTIVE
E002-T002004,E002,E002-AS020,2026-08-20 14:00:00,IAM,632,612,ACTIVE
E002-T002005,E002,E002-AS021,2026-08-20 14:00:00,EDR,644,648,ACTIVE
E002-T002006,E002,E002-AS022,2026-08-20 14:00:00,EDR,567,533,ACTIVE
E002-T002007,E002,E002-AS023,2026-08-20 14:00:00,EDR,437,430,ACTIVE
E002-T002008,E002,E002-AS024,2026-08-20 14:00:00,EDR,692,680,ACTIVE
E002-T002009,E002,E002-AS025,2026-08-20 14:00:00,EDR,999,942,ACTIVE
E002-T002010,E002,E002-AS026,2026-08-20 14:00:00,EDR,749,798,ACTIVE
E002-T002011,E002,E002-AS027,2026-08-20 14:00:00,EDR,985,1111,ACTIVE
E002-T002012,E002,E002-AS028,2026-08-20 14:00:00,EDR,835,796,ACTIVE
E002-T002013,E002,E002-AS029,2026-08-20 14:00:00,IDS,651,724,ACTIVE
E002-T002014,E002,E002-AS030,2026-08-20 14:00:00,FIREWALL,565,555,ACTIVE
E002-T002015,E002,E002-AS031,2026-08-20 14:00:00,FIREWALL,659,596,ACTIVE
E002-T002016,E002,E002-AS032,2026-08-20 14:00:00,SIEM,762,815,ACTIVE
E002-T002017,E002,E002-AS001,2026-08-20 15:00:00,DATABASE,1151,1110,ACTIVE
E002-T002018,E002,E002-AS002,2026-08-20 15:00:00,EDR,1193,1122,ACTIVE
E002-T002019,E002,E002-AS003,2026-08-20 15:00:00,EDR,708,832,ACTIVE
E002-T002020,E002,E002-AS004,2026-08-20 15:00:00,EDR,1066,1056,ACTIVE
E002-T002021,E002,E002-AS005,2026-08-20 15:00:00,EDR,748,881,ACTIVE
E002-T002022,E002,E002-AS006,2026-08-20 15:00:00,EDR,1016,1024,ACTIVE
E002-T002023,E002,E002-AS007,2026-08-20 15:00:00,EDR,1301,1174,ACTIVE
E002-T002024,E002,E002-AS008,2026-08-20 15:00:00,EDR,739,824,ACTIVE
E002-T002025,E002,E002-AS009,2026-08-20 15:00:00,EDR,688,820,ACTIVE
E002-T002026,E002,E002-AS010,2026-08-20 15:00:00,EDR,638,643,ACTIVE
E002-T002027,E002,E002-AS011,2026-08-20 15:00:00,EDR,678,704,ACTIVE
E002-T002028,E002,E002-AS012,2026-08-20 15:00:00,EMAIL_SECURITY,905,858,ACTIVE
E002-T002029,E002,E002-AS013,2026-08-20 15:00:00,IAM,1109,1076,ACTIVE
E002-T002030,E002,E002-AS014,2026-08-20 15:00:00,IAM,796,749,ACTIVE
E002-T002031,E002,E002-AS015,2026-08-20 15:00:00,FIREWALL,686,723,ACTIVE
E002-T002032,E002,E002-AS016,2026-08-20 15:00:00,FIREWALL,913,866,ACTIVE
E002-T002033,E002,E002-AS017,2026-08-20 15:00:00,FIREWALL,677,671,ACTIVE
E002-T002034,E002,E002-AS018,2026-08-20 15:00:00,IDS,592,607,ACTIVE
E002-T002035,E002,E002-AS019,2026-08-20 15:00:00,SIEM,1236,1167,ACTIVE
E002-T002036,E002,E002-AS020,2026-08-20 15:00:00,IAM,591,612,ACTIVE
E002-T002037,E002,E002-AS021,2026-08-20 15:00:00,EDR,682,648,ACTIVE
E002-T002038,E002,E002-AS022,2026-08-20 15:00:00,EDR,506,533,ACTIVE
E002-T002039,E002,E002-AS023,2026-08-20 15:00:00,EDR,398,430,ACTIVE
E002-T002040,E002,E002-AS024,2026-08-20 15:00:00,EDR,658,680,ACTIVE
E002-T002041,E002,E002-AS025,2026-08-20 15:00:00,EDR,925,942,ACTIVE
E002-T002042,E002,E002-AS026,2026-08-20 15:00:00,EDR,816,798,ACTIVE
E002-T002043,E002,E002-AS027,2026-08-20 15:00:00,EDR,1040,1111,ACTIVE
E002-T002044,E002,E002-AS028,2026-08-20 15:00:00,EDR,796,796,ACTIVE
E002-T002045,E002,E002-AS029,2026-08-20 15:00:00,IDS,660,724,ACTIVE
E002-T002046,E002,E002-AS030,2026-08-20 15:00:00,FIREWALL,634,555,ACTIVE
E002-T002047,E002,E002-AS031,2026-08-20 15:00:00,FIREWALL,574,596,ACTIVE
E002-T002048,E002,E002-AS032,2026-08-20 15:00:00,SIEM,797,815,ACTIVE
E002-T002049,E002,E002-AS001,2026-08-20 16:00:00,DATABASE,1123,1110,ACTIVE
E002-T002050,E002,E002-AS002,2026-08-20 16:00:00,EDR,1042,1122,ACTIVE
E002-T002051,E002,E002-AS003,2026-08-20 16:00:00,EDR,800,832,ACTIVE
E002-T002052,E002,E002-AS004,2026-08-20 16:00:00,EDR,1020,1056,ACTIVE
E002-T002053,E002,E002-AS005,2026-08-20 16:00:00,EDR,894,881,ACTIVE
E002-T002054,E002,E002-AS006,2026-08-20 16:00:00,EDR,1086,1024,ACTIVE
E002-T002055,E002,E002-AS007,2026-08-20 16:00:00,EDR,1265,1174,ACTIVE
E002-T002056,E002,E002-AS008,2026-08-20 16:00:00,EDR,871,824,ACTIVE
E002-T002057,E002,E002-AS009,2026-08-20 16:00:00,EDR,853,820,ACTIVE
E002-T002058,E002,E002-AS010,2026-08-20 16:00:00,EDR,653,643,ACTIVE
E002-T002059,E002,E002-AS011,2026-08-20 16:00:00,EDR,688,704,ACTIVE
E002-T002060,E002,E002-AS012,2026-08-20 16:00:00,EMAIL_SECURITY,839,858,ACTIVE
E002-T002061,E002,E002-AS013,2026-08-20 16:00:00,IAM,1035,1076,ACTIVE
E002-T002062,E002,E002-AS014,2026-08-20 16:00:00,IAM,770,749,ACTIVE
E002-T002063,E002,E002-AS015,2026-08-20 16:00:00,FIREWALL,759,723,ACTIVE
E002-T002064,E002,E002-AS016,2026-08-20 16:00:00,FIREWALL,869,866,ACTIVE
E002-T002065,E002,E002-AS017,2026-08-20 16:00:00,FIREWALL,681,671,ACTIVE
E002-T002066,E002,E002-AS018,2026-08-20 16:00:00,IDS,608,607,ACTIVE
E002-T002067,E002,E002-AS019,2026-08-20 16:00:00,SIEM,1253,1167,ACTIVE
E002-T002068,E002,E002-AS020,2026-08-20 16:00:00,IAM,528,612,ACTIVE
E002-T002069,E002,E002-AS021,2026-08-20 16:00:00,EDR,680,648,ACTIVE
E002-T002070,E002,E002-AS022,2026-08-20 16:00:00,EDR,589,533,ACTIVE
E002-T002071,E002,E002-AS023,2026-08-20 16:00:00,EDR,450,430,ACTIVE
E002-T002072,E002,E002-AS024,2026-08-20 16:00:00,EDR,683,680,ACTIVE
E002-T002073,E002,E002-AS025,2026-08-20 16:00:00,EDR,930,942,ACTIVE
E002-T002074,E002,E002-AS026,2026-08-20 16:00:00,EDR,772,798,ACTIVE
E002-T002075,E002,E002-AS027,2026-08-20 16:00:00,EDR,1099,1111,ACTIVE
E002-T002076,E002,E002-AS028,2026-08-20 16:00:00,EDR,847,796,ACTIVE
E002-T002077,E002,E002-AS029,2026-08-20 16:00:00,IDS,739,724,ACTIVE
E002-T002078,E002,E002-AS030,2026-08-20 16:00:00,FIREWALL,550,555,ACTIVE
E002-T002079,E002,E002-AS031,2026-08-20 16:00:00,FIREWALL,656,596,ACTIVE
E002-T002080,E002,E002-AS032,2026-08-20 16:00:00,SIEM,798,815,ACTIVE
E002-T002081,E002,E002-AS001,2026-08-20 17:00:00,DATABASE,1109,1110,ACTIVE
E002-T002082,E002,E002-AS002,2026-08-20 17:00:00,EDR,1154,1122,ACTIVE
E002-T002083,E002,E002-AS003,2026-08-20 17:00:00,EDR,825,832,ACTIVE
E002-T002084,E002,E002-AS004,2026-08-20 17:00:00,EDR,1011,1056,ACTIVE
E002-T002085,E002,E002-AS005,2026-08-20 17:00:00,EDR,891,881,ACTIVE
E002-T002086,E002,E002-AS006,2026-08-20 17:00:00,EDR,1036,1024,ACTIVE
E002-T002087,E002,E002-AS007,2026-08-20 17:00:00,EDR,1197,1174,ACTIVE
E002-T002088,E002,E002-AS008,2026-08-20 17:00:00,EDR,778,824,ACTIVE
E002-T002089,E002,E002-AS009,2026-08-20 17:00:00,EDR,891,820,ACTIVE
E002-T002090,E002,E002-AS010,2026-08-20 17:00:00,EDR,693,643,ACTIVE
E002-T002091,E002,E002-AS011,2026-08-20 17:00:00,EDR,749,704,ACTIVE
E002-T002092,E002,E002-AS012,2026-08-20 17:00:00,EMAIL_SECURITY,832,858,ACTIVE
E002-T002093,E002,E002-AS013,2026-08-20 17:00:00,IAM,1040,1076,ACTIVE
E002-T002094,E002,E002-AS014,2026-08-20 17:00:00,IAM,738,749,ACTIVE
E002-T002095,E002,E002-AS015,2026-08-20 17:00:00,FIREWALL,633,723,ACTIVE
E002-T002096,E002,E002-AS016,2026-08-20 17:00:00,FIREWALL,885,866,ACTIVE
E002-T002097,E002,E002-AS017,2026-08-20 17:00:00,FIREWALL,679,671,ACTIVE
E002-T002098,E002,E002-AS018,2026-08-20 17:00:00,IDS,554,607,ACTIVE
E002-T002099,E002,E002-AS019,2026-08-20 17:00:00,SIEM,1135,1167,ACTIVE
E002-T002100,E002,E002-AS020,2026-08-20 17:00:00,IAM,619,612,ACTIVE
E002-T002101,E002,E002-AS021,2026-08-20 17:00:00,EDR,636,648,ACTIVE
E002-T002102,E002,E002-AS022,2026-08-20 17:00:00,EDR,549,533,ACTIVE
E002-T002103,E002,E002-AS023,2026-08-20 17:00:00,EDR,443,430,ACTIVE
E002-T002104,E002,E002-AS024,2026-08-20 17:00:00,EDR,701,680,ACTIVE
E002-T002105,E002,E002-AS025,2026-08-20 17:00:00,EDR,926,942,ACTIVE
E002-T002106,E002,E002-AS026,2026-08-20 17:00:00,EDR,773,798,ACTIVE
E002-T002107,E002,E002-AS027,2026-08-20 17:00:00,EDR,1105,1111,ACTIVE
E002-T002108,E002,E002-AS028,2026-08-20 17:00:00,EDR,802,796,ACTIVE
E002-T002109,E002,E002-AS029,2026-08-20 17:00:00,IDS,721,724,ACTIVE
E002-T002110,E002,E002-AS030,2026-08-20 17:00:00,FIREWALL,541,555,ACTIVE
E002-T002111,E002,E002-AS031,2026-08-20 17:00:00,FIREWALL,606,596,ACTIVE
E002-T002112,E002,E002-AS032,2026-08-20 17:00:00,SIEM,851,815,ACTIVE
E002-T002113,E002,E002-AS001,2026-08-20 18:00:00,DATABASE,1283,1110,ACTIVE
E002-T002114,E002,E002-AS002,2026-08-20 18:00:00,EDR,1026,1122,ACTIVE
E002-T002115,E002,E002-AS003,2026-08-20 18:00:00,EDR,864,832,ACTIVE
E002-T002116,E002,E002-AS004,2026-08-20 18:00:00,EDR,953,1056,ACTIVE
E002-T002117,E002,E002-AS005,2026-08-20 18:00:00,EDR,926,881,ACTIVE
E002-T002118,E002,E002-AS006,2026-08-20 18:00:00,EDR,1041,1024,ACTIVE
E002-T002119,E002,E002-AS007,2026-08-20 18:00:00,EDR,1295,1174,ACTIVE
E002-T002120,E002,E002-AS008,2026-08-20 18:00:00,EDR,824,824,ACTIVE
E002-T002121,E002,E002-AS009,2026-08-20 18:00:00,EDR,822,820,ACTIVE
E002-T002122,E002,E002-AS010,2026-08-20 18:00:00,EDR,660,643,ACTIVE
E002-T002123,E002,E002-AS011,2026-08-20 18:00:00,EDR,741,704,ACTIVE
E002-T002124,E002,E002-AS012,2026-08-20 18:00:00,EMAIL_SECURITY,882,858,ACTIVE
E002-T002125,E002,E002-AS013,2026-08-20 18:00:00,IAM,1231,1076,ACTIVE
E002-T002126,E002,E002-AS014,2026-08-20 18:00:00,IAM,724,749,ACTIVE
E002-T002127,E002,E002-AS015,2026-08-20 18:00:00,FIREWALL,711,723,ACTIVE
E002-T002128,E002,E002-AS016,2026-08-20 18:00:00,FIREWALL,829,866,ACTIVE
E002-T002129,E002,E002-AS017,2026-08-20 18:00:00,FIREWALL,717,671,ACTIVE
E002-T002130,E002,E002-AS018,2026-08-20 18:00:00,IDS,634,607,ACTIVE
E002-T002131,E002,E002-AS019,2026-08-20 18:00:00,SIEM,1172,1167,ACTIVE
E002-T002132,E002,E002-AS020,2026-08-20 18:00:00,IAM,637,612,ACTIVE
E002-T002133,E002,E002-AS021,2026-08-20 18:00:00,EDR,633,648,ACTIVE
E002-T002134,E002,E002-AS022,2026-08-20 18:00:00,EDR,500,533,ACTIVE
E002-T002135,E002,E002-AS023,2026-08-20 18:00:00,EDR,439,430,ACTIVE
E002-T002136,E002,E002-AS024,2026-08-20 18:00:00,EDR,649,680,ACTIVE
E002-T002137,E002,E002-AS025,2026-08-20 18:00:00,EDR,944,942,ACTIVE
E002-T002138,E002,E002-AS026,2026-08-20 18:00:00,EDR,830,798,ACTIVE
E002-T002139,E002,E002-AS027,2026-08-20 18:00:00,EDR,1003,1111,ACTIVE
E002-T002140,E002,E002-AS028,2026-08-20 18:00:00,EDR,786,796,ACTIVE
E002-T002141,E002,E002-AS029,2026-08-20 18:00:00,IDS,681,724,ACTIVE
E002-T002142,E002,E002-AS030,2026-08-20 18:00:00,FIREWALL,502,555,ACTIVE
E002-T002143,E002,E002-AS031,2026-08-20 18:00:00,FIREWALL,640,596,ACTIVE
E002-T002144,E002,E002-AS032,2026-08-20 18:00:00,SIEM,787,815,ACTIVE
E002-T002145,E002,E002-AS001,2026-08-20 19:00:00,DATABASE,1043,1110,ACTIVE
E002-T002146,E002,E002-AS002,2026-08-20 19:00:00,EDR,1258,1122,ACTIVE
E002-T002147,E002,E002-AS003,2026-08-20 19:00:00,EDR,887,832,ACTIVE
E002-T002148,E002,E002-AS004,2026-08-20 19:00:00,EDR,991,1056,ACTIVE
E002-T002149,E002,E002-AS005,2026-08-20 19:00:00,EDR,887,881,ACTIVE
E002-T002150,E002,E002-AS006,2026-08-20 19:00:00,EDR,1073,1024,ACTIVE
E002-T002151,E002,E002-AS007,2026-08-20 19:00:00,EDR,1203,1174,ACTIVE
E002-T002152,E002,E002-AS008,2026-08-20 19:00:00,EDR,836,824,ACTIVE
E002-T002153,E002,E002-AS009,2026-08-20 19:00:00,EDR,827,820,ACTIVE
E002-T002154,E002,E002-AS010,2026-08-20 19:00:00,EDR,728,643,ACTIVE
E002-T002155,E002,E002-AS011,2026-08-20 19:00:00,EDR,711,704,ACTIVE
E002-T002156,E002,E002-AS012,2026-08-20 19:00:00,EMAIL_SECURITY,758,858,ACTIVE
E002-T002157,E002,E002-AS013,2026-08-20 19:00:00,IAM,1131,1076,ACTIVE
E002-T002158,E002,E002-AS014,2026-08-20 19:00:00,IAM,709,749,ACTIVE
E002-T002159,E002,E002-AS015,2026-08-20 19:00:00,FIREWALL,663,723,ACTIVE
E002-T002160,E002,E002-AS016,2026-08-20 19:00:00,FIREWALL,898,866,ACTIVE
E002-T002161,E002,E002-AS017,2026-08-20 19:00:00,FIREWALL,642,671,ACTIVE
E002-T002162,E002,E002-AS018,2026-08-20 19:00:00,IDS,570,607,ACTIVE
E002-T002163,E002,E002-AS019,2026-08-20 19:00:00,SIEM,1103,1167,ACTIVE
E002-T002164,E002,E002-AS020,2026-08-20 19:00:00,IAM,611,612,ACTIVE
E002-T002165,E002,E002-AS021,2026-08-20 19:00:00,EDR,676,648,ACTIVE
E002-T002166,E002,E002-AS022,2026-08-20 19:00:00,EDR,509,533,ACTIVE
E002-T002167,E002,E002-AS023,2026-08-20 19:00:00,EDR,400,430,ACTIVE
E002-T002168,E002,E002-AS024,2026-08-20 19:00:00,EDR,701,680,ACTIVE
E002-T002169,E002,E002-AS025,2026-08-20 19:00:00,EDR,964,942,ACTIVE
E002-T002170,E002,E002-AS026,2026-08-20 19:00:00,EDR,774,798,ACTIVE
E002-T002171,E002,E002-AS027,2026-08-20 19:00:00,EDR,1072,1111,ACTIVE
E002-T002172,E002,E002-AS028,2026-08-20 19:00:00,EDR,739,796,ACTIVE
E002-T002173,E002,E002-AS029,2026-08-20 19:00:00,IDS,697,724,ACTIVE
E002-T002174,E002,E002-AS030,2026-08-20 19:00:00,FIREWALL,550,555,ACTIVE
E002-T002175,E002,E002-AS031,2026-08-20 19:00:00,FIREWALL,600,596,ACTIVE
E002-T002176,E002,E002-AS032,2026-08-20 19:00:00,SIEM,814,815,ACTIVE
E002-T002177,E002,E002-AS001,2026-08-20 20:00:00,DATABASE,1154,1110,ACTIVE
E002-T002178,E002,E002-AS002,2026-08-20 20:00:00,EDR,1058,1122,ACTIVE
E002-T002179,E002,E002-AS003,2026-08-20 20:00:00,EDR,787,832,ACTIVE
E002-T002180,E002,E002-AS004,2026-08-20 20:00:00,EDR,1031,1056,ACTIVE
E002-T002181,E002,E002-AS005,2026-08-20 20:00:00,EDR,865,881,ACTIVE
E002-T002182,E002,E002-AS006,2026-08-20 20:00:00,EDR,977,1024,ACTIVE
E002-T002183,E002,E002-AS007,2026-08-20 20:00:00,EDR,1209,1174,ACTIVE
E002-T002184,E002,E002-AS008,2026-08-20 20:00:00,EDR,931,824,ACTIVE
E002-T002185,E002,E002-AS009,2026-08-20 20:00:00,EDR,831,820,ACTIVE
E002-T002186,E002,E002-AS010,2026-08-20 20:00:00,EDR,680,643,ACTIVE
E002-T002187,E002,E002-AS011,2026-08-20 20:00:00,EDR,719,704,ACTIVE
E002-T002188,E002,E002-AS012,2026-08-20 20:00:00,EMAIL_SECURITY,807,858,ACTIVE
E002-T002189,E002,E002-AS013,2026-08-20 20:00:00,IAM,1145,1076,ACTIVE
E002-T002190,E002,E002-AS014,2026-08-20 20:00:00,IAM,718,749,ACTIVE
E002-T002191,E002,E002-AS015,2026-08-20 20:00:00,FIREWALL,675,723,ACTIVE
E002-T002192,E002,E002-AS016,2026-08-20 20:00:00,FIREWALL,797,866,ACTIVE
E002-T002193,E002,E002-AS017,2026-08-20 20:00:00,FIREWALL,681,671,ACTIVE
E002-T002194,E002,E002-AS018,2026-08-20 20:00:00,IDS,561,607,ACTIVE
E002-T002195,E002,E002-AS019,2026-08-20 20:00:00,SIEM,1154,1167,ACTIVE
E002-T002196,E002,E002-AS020,2026-08-20 20:00:00,IAM,610,612,ACTIVE
E002-T002197,E002,E002-AS021,2026-08-20 20:00:00,EDR,654,648,ACTIVE
E002-T002198,E002,E002-AS022,2026-08-20 20:00:00,EDR,538,533,ACTIVE
E002-T002199,E002,E002-AS023,2026-08-20 20:00:00,EDR,453,430,ACTIVE
E002-T002200,E002,E002-AS024,2026-08-20 20:00:00,EDR,729,680,ACTIVE
E002-T002201,E002,E002-AS025,2026-08-20 20:00:00,EDR,1015,942,ACTIVE
E002-T002202,E002,E002-AS026,2026-08-20 20:00:00,EDR,912,798,ACTIVE
E002-T002203,E002,E002-AS027,2026-08-20 20:00:00,EDR,1256,1111,ACTIVE
E002-T002204,E002,E002-AS028,2026-08-20 20:00:00,EDR,828,796,ACTIVE
E002-T002205,E002,E002-AS029,2026-08-20 20:00:00,IDS,740,724,ACTIVE
E002-T002206,E002,E002-AS030,2026-08-20 20:00:00,FIREWALL,526,555,ACTIVE
E002-T002207,E002,E002-AS031,2026-08-20 20:00:00,FIREWALL,672,596,ACTIVE
E002-T002208,E002,E002-AS032,2026-08-20 20:00:00,SIEM,840,815,ACTIVE
E002-T002209,E002,E002-AS001,2026-08-20 21:00:00,DATABASE,1061,1110,ACTIVE
E002-T002210,E002,E002-AS002,2026-08-20 21:00:00,EDR,1125,1122,ACTIVE
E002-T002211,E002,E002-AS003,2026-08-20 21:00:00,EDR,834,832,ACTIVE
E002-T002212,E002,E002-AS004,2026-08-20 21:00:00,EDR,978,1056,ACTIVE
E002-T002213,E002,E002-AS005,2026-08-20 21:00:00,EDR,869,881,ACTIVE
E002-T002214,E002,E002-AS006,2026-08-20 21:00:00,EDR,1026,1024,ACTIVE
E002-T002215,E002,E002-AS007,2026-08-20 21:00:00,EDR,1191,1174,ACTIVE
E002-T002216,E002,E002-AS008,2026-08-20 21:00:00,EDR,734,824,ACTIVE
E002-T002217,E002,E002-AS009,2026-08-20 21:00:00,EDR,943,820,ACTIVE
E002-T002218,E002,E002-AS010,2026-08-20 21:00:00,EDR,673,643,ACTIVE
E002-T002219,E002,E002-AS011,2026-08-20 21:00:00,EDR,741,704,ACTIVE
E002-T002220,E002,E002-AS012,2026-08-20 21:00:00,EMAIL_SECURITY,869,858,ACTIVE
E002-T002221,E002,E002-AS013,2026-08-20 21:00:00,IAM,1032,1076,ACTIVE
E002-T002222,E002,E002-AS014,2026-08-20 21:00:00,IAM,808,749,ACTIVE
E002-T002223,E002,E002-AS015,2026-08-20 21:00:00,FIREWALL,715,723,ACTIVE
E002-T002224,E002,E002-AS016,2026-08-20 21:00:00,FIREWALL,814,866,ACTIVE
E002-T002225,E002,E002-AS017,2026-08-20 21:00:00,FIREWALL,697,671,ACTIVE
E002-T002226,E002,E002-AS018,2026-08-20 21:00:00,IDS,590,607,ACTIVE
E002-T002227,E002,E002-AS019,2026-08-20 21:00:00,SIEM,1121,1167,ACTIVE
E002-T002228,E002,E002-AS020,2026-08-20 21:00:00,IAM,640,612,ACTIVE
E002-T002229,E002,E002-AS021,2026-08-20 21:00:00,EDR,641,648,ACTIVE
E002-T002230,E002,E002-AS022,2026-08-20 21:00:00,EDR,500,533,ACTIVE
E002-T002231,E002,E002-AS023,2026-08-20 21:00:00,EDR,460,430,ACTIVE
E002-T002232,E002,E002-AS024,2026-08-20 21:00:00,EDR,737,680,ACTIVE
E002-T002233,E002,E002-AS025,2026-08-20 21:00:00,EDR,962,942,ACTIVE
E002-T002234,E002,E002-AS026,2026-08-20 21:00:00,EDR,783,798,ACTIVE
E002-T002235,E002,E002-AS027,2026-08-20 21:00:00,EDR,1101,1111,ACTIVE
E002-T002236,E002,E002-AS028,2026-08-20 21:00:00,EDR,784,796,ACTIVE
E002-T002237,E002,E002-AS029,2026-08-20 21:00:00,IDS,776,724,ACTIVE
E002-T002238,E002,E002-AS030,2026-08-20 21:00:00,FIREWALL,524,555,ACTIVE
E002-T002239,E002,E002-AS031,2026-08-20 21:00:00,FIREWALL,588,596,ACTIVE
E002-T002240,E002,E002-AS032,2026-08-20 21:00:00,SIEM,786,815,ACTIVE
E002-T002241,E002,E002-AS001,2026-08-20 22:00:00,DATABASE,1088,1110,ACTIVE
E002-T002242,E002,E002-AS002,2026-08-20 22:00:00,EDR,1087,1122,ACTIVE
E002-T002243,E002,E002-AS003,2026-08-20 22:00:00,EDR,791,832,ACTIVE
E002-T002244,E002,E002-AS004,2026-08-20 22:00:00,EDR,1124,1056,ACTIVE
E002-T002245,E002,E002-AS005,2026-08-20 22:00:00,EDR,826,881,ACTIVE
E002-T002246,E002,E002-AS006,2026-08-20 22:00:00,EDR,1027,1024,ACTIVE
E002-T002247,E002,E002-AS007,2026-08-20 22:00:00,EDR,1184,1174,ACTIVE
E002-T002248,E002,E002-AS008,2026-08-20 22:00:00,EDR,807,824,ACTIVE
E002-T002249,E002,E002-AS009,2026-08-20 22:00:00,EDR,862,820,ACTIVE
E002-T002250,E002,E002-AS010,2026-08-20 22:00:00,EDR,643,643,ACTIVE
E002-T002251,E002,E002-AS011,2026-08-20 22:00:00,EDR,672,704,ACTIVE
E002-T002252,E002,E002-AS012,2026-08-20 22:00:00,EMAIL_SECURITY,860,858,ACTIVE
E002-T002253,E002,E002-AS013,2026-08-20 22:00:00,IAM,1115,1076,ACTIVE
E002-T002254,E002,E002-AS014,2026-08-20 22:00:00,IAM,715,749,ACTIVE
E002-T002255,E002,E002-AS015,2026-08-20 22:00:00,FIREWALL,825,723,ACTIVE
E002-T002256,E002,E002-AS016,2026-08-20 22:00:00,FIREWALL,893,866,ACTIVE
E002-T002257,E002,E002-AS017,2026-08-20 22:00:00,FIREWALL,683,671,ACTIVE
E002-T002258,E002,E002-AS018,2026-08-20 22:00:00,IDS,576,607,ACTIVE
E002-T002259,E002,E002-AS019,2026-08-20 22:00:00,SIEM,1132,1167,ACTIVE
E002-T002260,E002,E002-AS020,2026-08-20 22:00:00,IAM,635,612,ACTIVE
E002-T002261,E002,E002-AS021,2026-08-20 22:00:00,EDR,581,648,ACTIVE
E002-T002262,E002,E002-AS022,2026-08-20 22:00:00,EDR,555,533,ACTIVE
E002-T002263,E002,E002-AS023,2026-08-20 22:00:00,EDR,435,430,ACTIVE
E002-T002264,E002,E002-AS024,2026-08-20 22:00:00,EDR,683,680,ACTIVE
E002-T002265,E002,E002-AS025,2026-08-20 22:00:00,EDR,879,942,ACTIVE
E002-T002266,E002,E002-AS026,2026-08-20 22:00:00,EDR,883,798,ACTIVE
E002-T002267,E002,E002-AS027,2026-08-20 22:00:00,EDR,1006,1111,ACTIVE
E002-T002268,E002,E002-AS028,2026-08-20 22:00:00,EDR,844,796,ACTIVE
E002-T002269,E002,E002-AS029,2026-08-20 22:00:00,IDS,733,724,ACTIVE
E002-T002270,E002,E002-AS030,2026-08-20 22:00:00,FIREWALL,581,555,ACTIVE
E002-T002271,E002,E002-AS031,2026-08-20 22:00:00,FIREWALL,600,596,ACTIVE
E002-T002272,E002,E002-AS032,2026-08-20 22:00:00,SIEM,725,815,ACTIVE
E002-T002273,E002,E002-AS001,2026-08-20 23:00:00,DATABASE,1136,1110,ACTIVE
E002-T002274,E002,E002-AS002,2026-08-20 23:00:00,EDR,1056,1122,ACTIVE
E002-T002275,E002,E002-AS003,2026-08-20 23:00:00,EDR,747,832,ACTIVE
E002-T002276,E002,E002-AS004,2026-08-20 23:00:00,EDR,1196,1056,ACTIVE
E002-T002277,E002,E002-AS005,2026-08-20 23:00:00,EDR,888,881,ACTIVE
E002-T002278,E002,E002-AS006,2026-08-20 23:00:00,EDR,995,1024,ACTIVE
E002-T002279,E002,E002-AS007,2026-08-20 23:00:00,EDR,1140,1174,ACTIVE
E002-T002280,E002,E002-AS008,2026-08-20 23:00:00,EDR,837,824,ACTIVE
E002-T002281,E002,E002-AS009,2026-08-20 23:00:00,EDR,809,820,ACTIVE
E002-T002282,E002,E002-AS010,2026-08-20 23:00:00,EDR,667,643,ACTIVE
E002-T002283,E002,E002-AS011,2026-08-20 23:00:00,EDR,704,704,ACTIVE
E002-T002284,E002,E002-AS012,2026-08-20 23:00:00,EMAIL_SECURITY,826,858,ACTIVE
E002-T002285,E002,E002-AS013,2026-08-20 23:00:00,IAM,985,1076,ACTIVE
E002-T002286,E002,E002-AS014,2026-08-20 23:00:00,IAM,726,749,ACTIVE
E002-T002287,E002,E002-AS015,2026-08-20 23:00:00,FIREWALL,737,723,ACTIVE
E002-T002288,E002,E002-AS016,2026-08-20 23:00:00,FIREWALL,855,866,ACTIVE
E002-T002289,E002,E002-AS017,2026-08-20 23:00:00,FIREWALL,635,671,ACTIVE
E002-T002290,E002,E002-AS018,2026-08-20 23:00:00,IDS,635,607,ACTIVE
E002-T002291,E002,E002-AS019,2026-08-20 23:00:00,SIEM,1139,1167,ACTIVE
E002-T002292,E002,E002-AS020,2026-08-20 23:00:00,IAM,616,612,ACTIVE
E002-T002293,E002,E002-AS021,2026-08-20 23:00:00,EDR,634,648,ACTIVE
E002-T002294,E002,E002-AS022,2026-08-20 23:00:00,EDR,553,533,ACTIVE
E002-T002295,E002,E002-AS023,2026-08-20 23:00:00,EDR,407,430,ACTIVE
E002-T002296,E002,E002-AS024,2026-08-20 23:00:00,EDR,644,680,ACTIVE
E002-T002297,E002,E002-AS025,2026-08-20 23:00:00,EDR,959,942,ACTIVE
E002-T002298,E002,E002-AS026,2026-08-20 23:00:00,EDR,796,798,ACTIVE
E002-T002299,E002,E002-AS027,2026-08-20 23:00:00,EDR,1118,1111,ACTIVE
E002-T002300,E002,E002-AS028,2026-08-20 23:00:00,EDR,828,796,ACTIVE
E002-T002301,E002,E002-AS029,2026-08-20 23:00:00,IDS,647,724,ACTIVE
E002-T002302,E002,E002-AS030,2026-08-20 23:00:00,FIREWALL,551,555,ACTIVE
E002-T002303,E002,E002-AS031,2026-08-20 23:00:00,FIREWALL,601,596,ACTIVE
E002-T002304,E002,E002-AS032,2026-08-20 23:00:00,SIEM,753,815,ACTIVE
