telemetry_id,entity_id,asset_id,timestamp,source_type,event_count,expected_event_count,status
E001-T000001,E001,E001-AS001,2026-08-10 00:00:00,EDR,905,950,ACTIVE
E001-T000002,E001,E001-AS001,2026-08-10 01:00:00,EDR,995,950,ACTIVE
E001-T000003,E001,E001-AS001,2026-08-10 02:00:00,EDR,1000,950,ACTIVE
E001-T000004,E001,E001-AS001,2026-08-10 03:00:00,EDR,884,950,ACTIVE
E001-T000005,E001,E001-AS001,2026-08-10 04:00:00,EDR,1002,950,ACTIVE
E001-T000006,E001,E001-AS001,2026-08-10 05:00:00,EDR,994,950,ACTIVE
E001-T000007,E001,E001-AS001,2026-08-10 06:00:00,EDR,976,950,ACTIVE
E001-T000008,E001,E001-AS001,2026-08-10 07:00:00,EDR,895,950,ACTIVE
E001-T000009,E001,E001-AS001,2026-08-10 08:00:00,EDR,920,950,ACTIVE
E001-T000010,E001,E001-AS001,2026-08-10 09:00:00,EDR,912,950,ACTIVE
E001-T000011,E001,E001-AS001,2026-08-10 10:00:00,EDR,897,950,ACTIVE
E001-T000012,E001,E001-AS001,2026-08-10 11:00:00,EDR,938,950,ACTIVE
E001-T000013,E001,E001-AS001,2026-08-10 12:00:00,EDR,931,950,ACTIVE
E001-T000014,E001,E001-AS001,2026-08-10 13:00:00,EDR,942,950,ACTIVE
E001-T000015,E001,E001-AS001,2026-08-10 14:00:00,EDR,964,950,ACTIVE
E001-T000016,E001,E001-AS001,2026-08-10 15:00:00,EDR,962,950,ACTIVE
E001-T000017,E001,E001-AS001,2026-08-10 16:00:00,EDR,955,950,ACTIVE
E001-T000018,E001,E001-AS001,2026-08-10 17:00:00,EDR,1014,950,ACTIVE
E001-T000019,E001,E001-AS001,2026-08-10 18:00:00,EDR,1006,950,ACTIVE
E001-T000020,E001,E001-AS001,2026-08-10 19:00:00,EDR,937,950,ACTIVE
E001-T000021,E001,E001-AS001,2026-08-10 20:00:00,EDR,879,950,ACTIVE
E001-T000022,E001,E001-AS001,2026-08-10 21:00:00,EDR,1021,950,ACTIVE
E001-T000023,E001,E001-AS001,2026-08-10 22:00:00,EDR,980,950,ACTIVE
E001-T000024,E001,E001-AS001,2026-08-10 23:00:00,EDR,997,950,ACTIVE
E001-T000025,E001,E001-AS001,2026-08-11 00:00:00,EDR,964,950,ACTIVE
E001-T000026,E001,E001-AS001,2026-08-11 01:00:00,EDR,1012,950,ACTIVE
E001-T000027,E001,E001-AS001,2026-08-11 02:00:00,EDR,890,950,ACTIVE
E001-T000028,E001,E001-AS001,2026-08-11 03:00:00,EDR,911,950,ACTIVE
E001-T000029,E001,E001-AS001,2026-08-11 04:00:00,EDR,975,950,ACTIVE
E001-T000030,E001,E001-AS001,2026-08-11 05:00:00,EDR,899,950,ACTIVE
E001-T000031,E001,E001-AS001,2026-08-11 06:00:00,EDR,967,950,ACTIVE
E001-T000032,E001,E001-AS001,2026-08-11 07:00:00,EDR,959,950,ACTIVE
E001-T000033,E001,E001-AS001,2026-08-11 08:00:00,EDR,972,950,ACTIVE
E001-T000034,E001,E001-AS001,2026-08-11 09:00:00,EDR,972,950,ACTIVE
E001-T000035,E001,E001-AS001,2026-08-11 10:00:00,EDR,1020,950,ACTIVE
E001-T000036,E001,E001-AS001,2026-08-11 11:00:00,EDR,924,950,ACTIVE
E001-T000037,E001,E001-AS001,2026-08-11 12:00:00,EDR,995,950,ACTIVE
E001-T000038,E001,E001-AS001,2026-08-11 13:00:00,EDR,890,950,ACTIVE
E001-T000039,E001,E001-AS001,2026-08-11 14:00:00,EDR,888,950,ACTIVE
E001-T000040,E001,E001-AS001,2026-08-11 15:00:00,EDR,907,950,ACTIVE
E001-T000041,E001,E001-AS001,2026-08-11 16:00:00,EDR,987,950,ACTIVE
E001-T000042,E001,E001-AS001,2026-08-11 17:00:00,EDR,958,950,ACTIVE
E001-T000043,E001,E001-AS001,2026-08-11 18:00:00,EDR,978,950,ACTIVE
E001-T000044,E001,E001-AS001,2026-08-11 19:00:00,EDR,907,950,ACTIVE
E001-T000045,E001,E001-AS001,2026-08-11 20:00:00,EDR,930,950,ACTIVE
E001-T000046,E001,E001-AS001,2026-08-11 21:00:00,EDR,944,950,ACTIVE
E001-T000047,E001,E001-AS001,2026-08-11 22:00:00,EDR,977,950,ACTIVE
E001-T000048,E001,E001-AS001,2026-08-11 23:00:00,EDR,978,950,ACTIVE
E001-T000049,E001,E001-AS001,2026-08-12 00:00:00,EDR,896,950,ACTIVE
E001-T000050,E001,E001-AS001,2026-08-12 01:00:00,EDR,1025,950,ACTIVE
E001-T000051,E001,E001-AS001,2026-08-12 02:00:00,EDR,947,950,ACTIVE
E001-T000052,E001,E001-AS001,2026-08-12 03:00:00,EDR,918,950,ACTIVE
E001-T000053,E001,E001-AS001,2026-08-12 04:00:00,EDR,1013,950,ACTIVE
E001-T000054,E001,E001-AS001,2026-08-12 05:00:00,EDR,887,950,ACTIVE
E001-T000055,E001,E001-AS001,2026-08-12 06:00:00,EDR,1000,950,ACTIVE
E001-T000056,E001,E001-AS001,2026-08-12 07:00:00,EDR,984,950,ACTIVE
E001-T000057,E001,E001-AS001,2026-08-12 08:00:00,EDR,926,950,ACTIVE
E001-T000058,E001,E001-AS001,2026-08-12 09:00:00,EDR,926,950,ACTIVE
E001-T000059,E001,E001-AS001,2026-08-12 10:00:00,EDR,993,950,ACTIVE
E001-T000060,E001,E001-AS001,2026-08-12 11:00:00,EDR,953,950,ACTIVE
E001-T000061,E001,E001-AS001,2026-08-12 12:00:00,EDR,3,950,DEGRADED
E001-T000062,E001,E001-AS001,2026-08-12 13:00:00,EDR,14,950,DEGRADED
E001-T000063,E001,E001-AS001,2026-08-12 14:00:00,EDR,9,950,DEGRADED
E001-T000064,E001,E001-AS001,2026-08-12 15:00:00,EDR,880,950,ACTIVE
E001-T000065,E001,E001-AS001,2026-08-12 16:00:00,EDR,982,950,ACTIVE
E001-T000066,E001,E001-AS001,2026-08-12 17:00:00,EDR,877,950,ACTIVE
E001-T000067,E001,E001-AS001,2026-08-12 18:00:00,EDR,926,950,ACTIVE
E001-T000068,E001,E001-AS001,2026-08-12 19:00:00,EDR,890,950,ACTIVE
E001-T000069,E001,E001-AS001,2026-08-12 20:00:00,EDR,995,950,ACTIVE
E001-T000070,E001,E001-AS001,2026-08-12 21:00:00,EDR,1015,950,ACTIVE
E001-T000071,E001,E001-AS001,2026-08-12 22:00:00,EDR,986,950,ACTIVE
E001-T000072,E001,E001-AS001,2026-08-12 23:00:00,EDR,952,950,ACTIVE
E001-T000073,E001,E001-AS001,2026-08-13 00:00:00,EDR,957,950,ACTIVE
E001-T000074,E001,E001-AS001,2026-08-13 01:00:00,EDR,924,950,ACTIVE
E001-T000075,E001,E001-AS001,2026-08-13 02:00:00,EDR,938,950,ACTIVE
E001-T000076,E001,E001-AS001,2026-08-13 03:00:00,EDR,944,950,ACTIVE
E001-T000077,E001,E001-AS001,2026-08-13 04:00:00,EDR,995,950,ACTIVE
E001-T000078,E001,E001-AS001,2026-08-13 05:00:00,EDR,969,950,ACTIVE
E001-T000079,E001,E001-AS001,2026-08-13 06:00:00,EDR,902,950,ACTIVE
E001-T000080,E001,E001-AS001,2026-08-13 07:00:00,EDR,973,950,ACTIVE
E001-T000081,E001,E001-AS001,2026-08-13 08:00:00,EDR,934,950,ACTIVE
E001-T000082,E001,E001-AS001,2026-08-13 09:00:00,EDR,986,950,ACTIVE
E001-T000083,E001,E001-AS001,2026-08-13 10:00:00,EDR,1008,950,ACTIVE
E001-T000084,E001,E001-AS001,2026-08-13 11:00:00,EDR,942,950,ACTIVE
E001-T000085,E001,E001-AS001,2026-08-13 12:00:00,EDR,939,950,ACTIVE
E001-T000086,E001,E001-AS001,2026-08-13 13:00:00,EDR,874,950,ACTIVE
E001-T000087,E001,E001-AS001,2026-08-13 14:00:00,EDR,906,950,ACTIVE
E001-T000088,E001,E001-AS001,2026-08-13 15:00:00,EDR,916,950,ACTIVE
E001-T000089,E001,E001-AS001,2026-08-13 16:00:00,EDR,980,950,ACTIVE
E001-T000090,E001,E001-AS001,2026-08-13 17:00:00,EDR,994,950,ACTIVE
E001-T000091,E001,E001-AS001,2026-08-13 18:00:00,EDR,961,950,ACTIVE
E001-T000092,E001,E001-AS001,2026-08-13 19:00:00,EDR,995,950,ACTIVE
E001-T000093,E001,E001-AS001,2026-08-13 20:00:00,EDR,955,950,ACTIVE
E001-T000094,E001,E001-AS001,2026-08-13 21:00:00,EDR,929,950,ACTIVE
E001-T000095,E001,E001-AS001,2026-08-13 22:00:00,EDR,903,950,ACTIVE
E001-T000096,E001,E001-AS001,2026-08-13 23:00:00,EDR,891,950,ACTIVE
E001-T000097,E001,E001-AS001,2026-08-14 00:00:00,EDR,975,950,ACTIVE
E001-T000098,E001,E001-AS001,2026-08-14 01:00:00,EDR,948,950,ACTIVE
E001-T000099,E001,E001-AS001,2026-08-14 02:00:00,EDR,1020,950,ACTIVE
E001-T000100,E001,E001-AS001,2026-08-14 03:00:00,EDR,921,950,ACTIVE
E001-T000101,E001,E001-AS001,2026-08-14 04:00:00,EDR,933,950,ACTIVE
E001-T000102,E001,E001-AS001,2026-08-14 05:00:00,EDR,933,950,ACTIVE
E001-T000103,E001,E001-AS001,2026-08-14 06:00:00,EDR,891,950,ACTIVE
E001-T000104,E001,E001-AS001,2026-08-14 07:00:00,EDR,927,950,ACTIVE
E001-T000105,E001,E001-AS001,2026-08-14 08:00:00,EDR,943,950,ACTIVE
E001-T000106,E001,E001-AS001,2026-08-14 09:00:00,EDR,900,950,ACTIVE
E001-T000107,E001,E001-AS001,2026-08-14 10:00:00,EDR,976,950,ACTIVE
E001-T000108,E001,E001-AS001,2026-08-14 11:00:00,EDR,995,950,ACTIVE
E001-T000109,E001,E001-AS001,2026-08-14 12:00:00,EDR,1013,950,ACTIVE
E001-T000110,E001,E001-AS001,2026-08-14 13:00:00,EDR,963,950,ACTIVE
E001-T000111,E001,E001-AS001,2026-08-14 14:00:00,EDR,976,950,ACTIVE
E001-T000112,E001,E001-AS001,2026-08-14 15:00:00,EDR,921,950,ACTIVE
E001-T000113,E001,E001-AS001,2026-08-14 16:00:00,EDR,910,950,ACTIVE
E001-T000114,E001,E001-AS001,2026-08-14 17:00:00,EDR,891,950,ACTIVE
E001-T000115,E001,E001-AS001,2026-08-14 18:00:00,EDR,930,950,ACTIVE
E001-T000116,E001,E001-AS001,2026-08-14 19:00:00,EDR,895,950,ACTIVE
E001-T000117,E001,E001-AS001,2026-08-14 20:00:00,EDR,933,950,ACTIVE
E001-T000118,E001,E001-AS001,2026-08-14 21:00:00,EDR,964,950,ACTIVE
E001-T000119,E001,E001-AS001,2026-08-14 22:00:00,EDR,961,950,ACTIVE
E001-T000120,E001,E001-AS001,2026-08-14 23:00:00,EDR,938,950,ACTIVE
E001-T000121,E001,E001-AS001,2026-08-15 00:00:00,EDR,947,950,ACTIVE
E001-T000122,E001,E001-AS001,2026-08-15 01:00:00,EDR,955,950,ACTIVE
E001-T000123,E001,E001-AS001,2026-08-15 02:00:00,EDR,1013,950,ACTIVE
E001-T000124,E001,E001-AS001,2026-08-15 03:00:00,EDR,1015,950,ACTIVE
E001-T000125,E001,E001-AS001,2026-08-15 04:00:00,EDR,900,950,ACTIVE
E001-T000126,E001,E001-AS001,2026-08-15 05:00:00,EDR,899,950,ACTIVE
E001-T000127,E001,E001-AS001,2026-08-15 06:00:00,EDR,917,950,ACTIVE
E001-T000128,E001,E001-AS001,2026-08-15 07:00:00,EDR,902,950,ACTIVE
E001-T000129,E001,E001-AS001,2026-08-15 08:00:00,EDR,1001,950,ACTIVE
E001-T000130,E001,E001-AS001,2026-08-15 09:00:00,EDR,968,950,ACTIVE
E001-T000131,E001,E001-AS001,2026-08-15 10:00:00,EDR,1005,950,ACTIVE
E001-T000132,E001,E001-AS001,2026-08-15 11:00:00,EDR,1018,950,ACTIVE
E001-T000133,E001,E001-AS001,2026-08-15 12:00:00,EDR,947,950,ACTIVE
E001-T000134,E001,E001-AS001,2026-08-15 13:00:00,EDR,903,950,ACTIVE
E001-T000135,E001,E001-AS001,2026-08-15 14:00:00,EDR,932,950,ACTIVE
E001-T000136,E001,E001-AS001,2026-08-15 15:00:00,EDR,959,950,ACTIVE
E001-T000137,E001,E001-AS001,2026-08-15 16:00:00,EDR,973,950,ACTIVE
E001-T000138,E001,E001-AS001,2026-08-15 17:00:00,EDR,936,950,ACTIVE
E001-T000139,E001,E001-AS001,2026-08-15 18:00:00,EDR,948,950,ACTIVE
E001-T000140,E001,E001-AS001,2026-08-15 19:00:00,EDR,981,950,ACTIVE
E001-T000141,E001,E001-AS001,2026-08-15 20:00:00,EDR,941,950,ACTIVE
E001-T000142,E001,E001-AS001,2026-08-15 21:00:00,EDR,899,950,ACTIVE
E001-T000143,E001,E001-AS001,2026-08-15 22:00:00,EDR,959,950,ACTIVE
E001-T000144,E001,E001-AS001,2026-08-15 23:00:00,EDR,994,950,ACTIVE
E001-T000145,E001,E001-AS002,2026-08-10 00:00:00,EDR,907,950,ACTIVE
E001-T000146,E001,E001-AS002,2026-08-10 01:00:00,EDR,878,950,ACTIVE
E001-T000147,E001,E001-AS002,2026-08-10 02:00:00,EDR,908,950,ACTIVE
E001-T000148,E001,E001-AS002,2026-08-10 03:00:00,EDR,917,950,ACTIVE
E001-T000149,E001,E001-AS002,2026-08-10 04:00:00,EDR,992,950,ACTIVE
E001-T000150,E001,E001-AS002,2026-08-10 05:00:00,EDR,959,950,ACTIVE
E001-T000151,E001,E001-AS002,2026-08-10 06:00:00,EDR,991,950,ACTIVE
E001-T000152,E001,E001-AS002,2026-08-10 07:00:00,EDR,949,950,ACTIVE
E001-T000153,E001,E001-AS002,2026-08-10 08:00:00,EDR,951,950,ACTIVE
E001-T000154,E001,E001-AS002,2026-08-10 09:00:00,EDR,961,950,ACTIVE
E001-T000155,E001,E001-AS002,2026-08-10 10:00:00,EDR,914,950,ACTIVE
E001-T000156,E001,E001-AS002,2026-08-10 11:00:00,EDR,956,950,ACTIVE
E001-T000157,E001,E001-AS002,2026-08-10 12:00:00,EDR,1024,950,ACTIVE
E001-T000158,E001,E001-AS002,2026-08-10 13:00:00,EDR,956,950,ACTIVE
E001-T000159,E001,E001-AS002,2026-08-10 14:00:00,EDR,989,950,ACTIVE
E001-T000160,E001,E001-AS002,2026-08-10 15:00:00,EDR,989,950,ACTIVE
E001-T000161,E001,E001-AS002,2026-08-10 16:00:00,EDR,941,950,ACTIVE
E001-T000162,E001,E001-AS002,2026-08-10 17:00:00,EDR,907,950,ACTIVE
E001-T000163,E001,E001-AS002,2026-08-10 18:00:00,EDR,938,950,ACTIVE
E001-T000164,E001,E001-AS002,2026-08-10 19:00:00,EDR,985,950,ACTIVE
E001-T000165,E001,E001-AS002,2026-08-10 20:00:00,EDR,973,950,ACTIVE
E001-T000166,E001,E001-AS002,2026-08-10 21:00:00,EDR,911,950,ACTIVE
E001-T000167,E001,E001-AS002,2026-08-10 22:00:00,EDR,1006,950,ACTIVE
E001-T000168,E001,E001-AS002,2026-08-10 23:00:00,EDR,878,950,ACTIVE
E001-T000169,E001,E001-AS002,2026-08-11 00:00:00,EDR,913,950,ACTIVE
E001-T000170,E001,E001-AS002,2026-08-11 01:00:00,EDR,1005,950,ACTIVE
E001-T000171,E001,E001-AS002,2026-08-11 02:00:00,EDR,887,950,ACTIVE
E001-T000172,E001,E001-AS002,2026-08-11 03:00:00,EDR,1005,950,ACTIVE
E001-T000173,E001,E001-AS002,2026-08-11 04:00:00,EDR,891,950,ACTIVE
E001-T000174,E001,E001-AS002,2026-08-11 05:00:00,EDR,997,950,ACTIVE
E001-T000175,E001,E001-AS002,2026-08-11 06:00:00,EDR,905,950,ACTIVE
E001-T000176,E001,E001-AS002,2026-08-11 07:00:00,EDR,986,950,ACTIVE
E001-T000177,E001,E001-AS002,2026-08-11 08:00:00,EDR,978,950,ACTIVE
E001-T000178,E001,E001-AS002,2026-08-11 09:00:00,EDR,1004,950,ACTIVE
E001-T000179,E001,E001-AS002,2026-08-11 10:00:00,EDR,966,950,ACTIVE
E001-T000180,E001,E001-AS002,2026-08-11 11:00:00,EDR,939,950,ACTIVE
E001-T000181,E001,E001-AS002,2026-08-11 12:00:00,EDR,967,950,ACTIVE
E001-T000182,E001,E001-AS002,2026-08-11 13:00:00,EDR,993,950,ACTIVE
E001-T000183,E001,E001-AS002,2026-08-11 14:00:00,EDR,997,950,ACTIVE
E001-T000184,E001,E001-AS002,2026-08-11 15:00:00,EDR,996,950,ACTIVE
E001-T000185,E001,E001-AS002,2026-08-11 16:00:00,EDR,960,950,ACTIVE
E001-T000186,E001,E001-AS002,2026-08-11 17:00:00,EDR,954,950,ACTIVE
E001-T000187,E001,E001-AS002,2026-08-11 18:00:00,EDR,964,950,ACTIVE
E001-T000188,E001,E001-AS002,2026-08-11 19:00:00,EDR,899,950,ACTIVE
E001-T000189,E001,E001-AS002,2026-08-11 20:00:00,EDR,1022,950,ACTIVE
E001-T000190,E001,E001-AS002,2026-08-11 21:00:00,EDR,918,950,ACTIVE
E001-T000191,E001,E001-AS002,2026-08-11 22:00:00,EDR,961,950,ACTIVE
E001-T000192,E001,E001-AS002,2026-08-11 23:00:00,EDR,1018,950,ACTIVE
E001-T000193,E001,E001-AS002,2026-08-12 00:00:00,EDR,952,950,ACTIVE
E001-T000194,E001,E001-AS002,2026-08-12 01:00:00,EDR,1010,950,ACTIVE
E001-T000195,E001,E001-AS002,2026-08-12 02:00:00,EDR,997,950,ACTIVE
E001-T000196,E001,E001-AS002,2026-08-12 03:00:00,EDR,894,950,ACTIVE
E001-T000197,E001,E001-AS002,2026-08-12 04:00:00,EDR,988,950,ACTIVE
E001-T000198,E001,E001-AS002,2026-08-12 05:00:00,EDR,936,950,ACTIVE
E001-T000199,E001,E001-AS002,2026-08-12 06:00:00,EDR,883,950,ACTIVE
E001-T000200,E001,E001-AS002,2026-08-12 07:00:00,EDR,916,950,ACTIVE
E001-T000201,E001,E001-AS002,2026-08-12 08:00:00,EDR,973,950,ACTIVE
E001-T000202,E001,E001-AS002,2026-08-12 09:00:00,EDR,980,950,ACTIVE
E001-T000203,E001,E001-AS002,2026-08-12 10:00:00,EDR,894,950,ACTIVE
E001-T000204,E001,E001-AS002,2026-08-12 11:00:00,EDR,896,950,ACTIVE
E001-T000205,E001,E001-AS002,2026-08-12 12:00:00,EDR,922,950,ACTIVE
E001-T000206,E001,E001-AS002,2026-08-12 13:00:00,EDR,911,950,ACTIVE
E001-T000207,E001,E001-AS002,2026-08-12 14:00:00,EDR,1002,950,ACTIVE
E001-T000208,E001,E001-AS002,2026-08-12 15:00:00,EDR,933,950,ACTIVE
E001-T000209,E001,E001-AS002,2026-08-12 16:00:00,EDR,895,950,ACTIVE
E001-T000210,E001,E001-AS002,2026-08-12 17:00:00,EDR,970,950,ACTIVE
E001-T000211,E001,E001-AS002,2026-08-12 18:00:00,EDR,969,950,ACTIVE
E001-T000212,E001,E001-AS002,2026-08-12 19:00:00,EDR,931,950,ACTIVE
E001-T000213,E001,E001-AS002,2026-08-12 20:00:00,EDR,885,950,ACTIVE
E001-T000214,E001,E001-AS002,2026-08-12 21:00:00,EDR,994,950,ACTIVE
E001-T000215,E001,E001-AS002,2026-08-12 22:00:00,EDR,990,950,ACTIVE
E001-T000216,E001,E001-AS002,2026-08-12 23:00:00,EDR,935,950,ACTIVE
E001-T000217,E001,E001-AS002,2026-08-13 00:00:00,EDR,987,950,ACTIVE
E001-T000218,E001,E001-AS002,2026-08-13 01:00:00,EDR,979,950,ACTIVE
E001-T000219,E001,E001-AS002,2026-08-13 02:00:00,EDR,1007,950,ACTIVE
E001-T000220,E001,E001-AS002,2026-08-13 03:00:00,EDR,943,950,ACTIVE
E001-T000221,E001,E001-AS002,2026-08-13 04:00:00,EDR,948,950,ACTIVE
E001-T000222,E001,E001-AS002,2026-08-13 05:00:00,EDR,962,950,ACTIVE
E001-T000223,E001,E001-AS002,2026-08-13 06:00:00,EDR,1006,950,ACTIVE
E001-T000224,E001,E001-AS002,2026-08-13 07:00:00,EDR,1002,950,ACTIVE
E001-T000225,E001,E001-AS002,2026-08-13 08:00:00,EDR,888,950,ACTIVE
E001-T000226,E001,E001-AS002,2026-08-13 09:00:00,EDR,1021,950,ACTIVE
E001-T000227,E001,E001-AS002,2026-08-13 10:00:00,EDR,970,950,ACTIVE
E001-T000228,E001,E001-AS002,2026-08-13 11:00:00,EDR,979,950,ACTIVE
E001-T000229,E001,E001-AS002,2026-08-13 12:00:00,EDR,1003,950,ACTIVE
E001-T000230,E001,E001-AS002,2026-08-13 13:00:00,EDR,994,950,ACTIVE
E001-T000231,E001,E001-AS002,2026-08-13 14:00:00,EDR,934,950,ACTIVE
E001-T000232,E001,E001-AS002,2026-08-13 15:00:00,EDR,1021,950,ACTIVE
E001-T000233,E001,E001-AS002,2026-08-13 16:00:00,EDR,999,950,ACTIVE
E001-T000234,E001,E001-AS002,2026-08-13 17:00:00,EDR,949,950,ACTIVE
E001-T000235,E001,E001-AS002,2026-08-13 18:00:00,EDR,923,950,ACTIVE
E001-T000236,E001,E001-AS002,2026-08-13 19:00:00,EDR,917,950,ACTIVE
E001-T000237,E001,E001-AS002,2026-08-13 20:00:00,EDR,957,950,ACTIVE
E001-T000238,E001,E001-AS002,2026-08-13 21:00:00,EDR,893,950,ACTIVE
E001-T000239,E001,E001-AS002,2026-08-13 22:00:00,EDR,1003,950,ACTIVE
E001-T000240,E001,E001-AS002,2026-08-13 23:00:00,EDR,993,950,ACTIVE
E001-T000241,E001,E001-AS002,2026-08-14 00:00:00,EDR,1009,950,ACTIVE
E001-T000242,E001,E001-AS002,2026-08-14 01:00:00,EDR,989,950,ACTIVE
E001-T000243,E001,E001-AS002,2026-08-14 02:00:00,EDR,880,950,ACTIVE
E001-T000244,E001,E001-AS002,2026-08-14 03:00:00,EDR,969,950,ACTIVE
E001-T000245,E001,E001-AS002,2026-08-14 04:00:00,EDR,1001,950,ACTIVE
E001-T000246,E001,E001-AS002,2026-08-14 05:00:00,EDR,876,950,ACTIVE
E001-T000247,E001,E001-AS002,2026-08-14 06:00:00,EDR,1015,950,ACTIVE
E001-T000248,E001,E001-AS002,2026-08-14 07:00:00,EDR,898,950,ACTIVE
E001-T000249,E001,E001-AS002,2026-08-14 08:00:00,EDR,943,950,ACTIVE
E001-T000250,E001,E001-AS002,2026-08-14 09:00:00,EDR,1024,950,ACTIVE
E001-T000251,E001,E001-AS002,2026-08-14 10:00:00,EDR,939,950,ACTIVE
E001-T000252,E001,E001-AS002,2026-08-14 11:00:00,EDR,1025,950,ACTIVE
E001-T000253,E001,E001-AS002,2026-08-14 12:00:00,EDR,1012,950,ACTIVE
E001-T000254,E001,E001-AS002,2026-08-14 13:00:00,EDR,1008,950,ACTIVE
E001-T000255,E001,E001-AS002,2026-08-14 14:00:00,EDR,919,950,ACTIVE
E001-T000256,E001,E001-AS002,2026-08-14 15:00:00,EDR,1006,950,ACTIVE
E001-T000257,E001,E001-AS002,2026-08-14 16:00:00,EDR,1007,950,ACTIVE
E001-T000258,E001,E001-AS002,2026-08-14 17:00:00,EDR,888,950,ACTIVE
E001-T000259,E001,E001-AS002,2026-08-14 18:00:00,EDR,928,950,ACTIVE
E001-T000260,E001,E001-AS002,2026-08-14 19:00:00,EDR,886,950,ACTIVE
E001-T000261,E001,E001-AS002,2026-08-14 20:00:00,EDR,975,950,ACTIVE
E001-T000262,E001,E001-AS002,2026-08-14 21:00:00,EDR,972,950,ACTIVE
E001-T000263,E001,E001-AS002,2026-08-14 22:00:00,EDR,881,950,ACTIVE
E001-T000264,E001,E001-AS002,2026-08-14 23:00:00,EDR,969,950,ACTIVE
E001-T000265,E001,E001-AS002,2026-08-15 00:00:00,EDR,984,950,ACTIVE
E001-T000266,E001,E001-AS002,2026-08-15 01:00:00,EDR,988,950,ACTIVE
E001-T000267,E001,E001-AS002,2026-08-15 02:00:00,EDR,939,950,ACTIVE
E001-T000268,E001,E001-AS002,2026-08-15 03:00:00,EDR,887,950,ACTIVE
E001-T000269,E001,E001-AS002,2026-08-15 04:00:00,EDR,888,950,ACTIVE
E001-T000270,E001,E001-AS002,2026-08-15 05:00:00,EDR,906,950,ACTIVE
E001-T000271,E001,E001-AS002,2026-08-15 06:00:00,EDR,885,950,ACTIVE
E001-T000272,E001,E001-AS002,2026-08-15 07:00:00,EDR,964,950,ACTIVE
E001-T000273,E001,E001-AS002,2026-08-15 08:00:00,EDR,952,950,ACTIVE
E001-T000274,E001,E001-AS002,2026-08-15 09:00:00,EDR,941,950,ACTIVE
E001-T000275,E001,E001-AS002,2026-08-15 10:00:00,EDR,875,950,ACTIVE
E001-T000276,E001,E001-AS002,2026-08-15 11:00:00,EDR,926,950,ACTIVE
E001-T000277,E001,E001-AS002,2026-08-15 12:00:00,EDR,892,950,ACTIVE
E001-T000278,E001,E001-AS002,2026-08-15 13:00:00,EDR,1004,950,ACTIVE
E001-T000279,E001,E001-AS002,2026-08-15 14:00:00,EDR,979,950,ACTIVE
E001-T000280,E001,E001-AS002,2026-08-15 15:00:00,EDR,946,950,ACTIVE
E001-T000281,E001,E001-AS002,2026-08-15 16:00:00,EDR,908,950,ACTIVE
E001-T000282,E001,E001-AS002,2026-08-15 17:00:00,EDR,887,950,ACTIVE
E001-T000283,E001,E001-AS002,2026-08-15 18:00:00,EDR,996,950,ACTIVE
E001-T000284,E001,E001-AS002,2026-08-15 19:00:00,EDR,889,950,ACTIVE
E001-T000285,E001,E001-AS002,2026-08-15 20:00:00,EDR,929,950,ACTIVE
E001-T000286,E001,E001-AS002,2026-08-15 21:00:00,EDR,919,950,ACTIVE
E001-T000287,E001,E001-AS002,2026-08-15 22:00:00,EDR,932,950,ACTIVE
E001-T000288,E001,E001-AS002,2026-08-15 23:00:00,EDR,997,950,ACTIVE
E001-T000289,E001,E001-AS003,2026-08-10 00:00:00,SIEM,1483,1400,ACTIVE
E001-T000290,E001,E001-AS003,2026-08-10 01:00:00,SIEM,1431,1400,ACTIVE
E001-T000291,E001,E001-AS003,2026-08-10 02:00:00,SIEM,1439,1400,ACTIVE
E001-T000292,E001,E001-AS003,2026-08-10 03:00:00,SIEM,1303,1400,ACTIVE
E001-T000293,E001,E001-AS003,2026-08-10 04:00:00,SIEM,1414,1400,ACTIVE
E001-T000294,E001,E001-AS003,2026-08-10 05:00:00,SIEM,1424,1400,ACTIVE
E001-T000295,E001,E001-AS003,2026-08-10 06:00:00,SIEM,1324,1400,ACTIVE
E001-T000296,E001,E001-AS003,2026-08-10 07:00:00,SIEM,1366,1400,ACTIVE
E001-T000297,E001,E001-AS003,2026-08-10 08:00:00,SIEM,1335,1400,ACTIVE
E001-T000298,E001,E001-AS003,2026-08-10 09:00:00,SIEM,1455,1400,ACTIVE
E001-T000299,E001,E001-AS003,2026-08-10 10:00:00,SIEM,1494,1400,ACTIVE
E001-T000300,E001,E001-AS003,2026-08-10 11:00:00,SIEM,1426,1400,ACTIVE
E001-T000301,E001,E001-AS003,2026-08-10 12:00:00,SIEM,1387,1400,ACTIVE
E001-T000302,E001,E001-AS003,2026-08-10 13:00:00,SIEM,1336,1400,ACTIVE
E001-T000303,E001,E001-AS003,2026-08-10 14:00:00,SIEM,1488,1400,ACTIVE
E001-T000304,E001,E001-AS003,2026-08-10 15:00:00,SIEM,1319,1400,ACTIVE
E001-T000305,E001,E001-AS003,2026-08-10 16:00:00,SIEM,1315,1400,ACTIVE
E001-T000306,E001,E001-AS003,2026-08-10 17:00:00,SIEM,1451,1400,ACTIVE
E001-T000307,E001,E001-AS003,2026-08-10 18:00:00,SIEM,1366,1400,ACTIVE
E001-T000308,E001,E001-AS003,2026-08-10 19:00:00,SIEM,1384,1400,ACTIVE
E001-T000309,E001,E001-AS003,2026-08-10 20:00:00,SIEM,1465,1400,ACTIVE
E001-T000310,E001,E001-AS003,2026-08-10 21:00:00,SIEM,1343,1400,ACTIVE
E001-T000311,E001,E001-AS003,2026-08-10 22:00:00,SIEM,1432,1400,ACTIVE
E001-T000312,E001,E001-AS003,2026-08-10 23:00:00,SIEM,1343,1400,ACTIVE
E001-T000313,E001,E001-AS003,2026-08-11 00:00:00,SIEM,1422,1400,ACTIVE
E001-T000314,E001,E001-AS003,2026-08-11 01:00:00,SIEM,1449,1400,ACTIVE
E001-T000315,E001,E001-AS003,2026-08-11 02:00:00,SIEM,1351,1400,ACTIVE
E001-T000316,E001,E001-AS003,2026-08-11 03:00:00,SIEM,1498,1400,ACTIVE
E001-T000317,E001,E001-AS003,2026-08-11 04:00:00,SIEM,1294,1400,ACTIVE
E001-T000318,E001,E001-AS003,2026-08-11 05:00:00,SIEM,1477,1400,ACTIVE
E001-T000319,E001,E001-AS003,2026-08-11 06:00:00,SIEM,1484,1400,ACTIVE
E001-T000320,E001,E001-AS003,2026-08-11 07:00:00,SIEM,1334,1400,ACTIVE
E001-T000321,E001,E001-AS003,2026-08-11 08:00:00,SIEM,1423,1400,ACTIVE
E001-T000322,E001,E001-AS003,2026-08-11 09:00:00,SIEM,1330,1400,ACTIVE
E001-T000323,E001,E001-AS003,2026-08-11 10:00:00,SIEM,1375,1400,ACTIVE
E001-T000324,E001,E001-AS003,2026-08-11 11:00:00,SIEM,1432,1400,ACTIVE
E001-T000325,E001,E001-AS003,2026-08-11 12:00:00,SIEM,1463,1400,ACTIVE
E001-T000326,E001,E001-AS003,2026-08-11 13:00:00,SIEM,1465,1400,ACTIVE
E001-T000327,E001,E001-AS003,2026-08-11 14:00:00,SIEM,1341,1400,ACTIVE
E001-T000328,E001,E001-AS003,2026-08-11 15:00:00,SIEM,1374,1400,ACTIVE
E001-T000329,E001,E001-AS003,2026-08-11 16:00:00,SIEM,1342,1400,ACTIVE
E001-T000330,E001,E001-AS003,2026-08-11 17:00:00,SIEM,1430,1400,ACTIVE
E001-T000331,E001,E001-AS003,2026-08-11 18:00:00,SIEM,1303,1400,ACTIVE
E001-T000332,E001,E001-AS003,2026-08-11 19:00:00,SIEM,1487,1400,ACTIVE
E001-T000333,E001,E001-AS003,2026-08-11 20:00:00,SIEM,1290,1400,ACTIVE
E001-T000334,E001,E001-AS003,2026-08-11 21:00:00,SIEM,1368,1400,ACTIVE
E001-T000335,E001,E001-AS003,2026-08-11 22:00:00,SIEM,1358,1400,ACTIVE
E001-T000336,E001,E001-AS003,2026-08-11 23:00:00,SIEM,1374,1400,ACTIVE
E001-T000337,E001,E001-AS003,2026-08-12 00:00:00,SIEM,1475,1400,ACTIVE
E001-T000338,E001,E001-AS003,2026-08-12 01:00:00,SIEM,1382,1400,ACTIVE
E001-T000339,E001,E001-AS003,2026-08-12 02:00:00,SIEM,1410,1400,ACTIVE
E001-T000340,E001,E001-AS003,2026-08-12 03:00:00,SIEM,1326,1400,ACTIVE
E001-T000341,E001,E001-AS003,2026-08-12 04:00:00,SIEM,1393,1400,ACTIVE
E001-T000342,E001,E001-AS003,2026-08-12 05:00:00,SIEM,1509,1400,ACTIVE
E001-T000343,E001,E001-AS003,2026-08-12 06:00:00,SIEM,1304,1400,ACTIVE
E001-T000344,E001,E001-AS003,2026-08-12 07:00:00,SIEM,1419,1400,ACTIVE
E001-T000345,E001,E001-AS003,2026-08-12 08:00:00,SIEM,1291,1400,ACTIVE
E001-T000346,E001,E001-AS003,2026-08-12 09:00:00,SIEM,1336,1400,ACTIVE
E001-T000347,E001,E001-AS003,2026-08-12 10:00:00,SIEM,1494,1400,ACTIVE
E001-T000348,E001,E001-AS003,2026-08-12 11:00:00,SIEM,1500,1400,ACTIVE
E001-T000349,E001,E001-AS003,2026-08-12 12:00:00,SIEM,1377,1400,ACTIVE
E001-T000350,E001,E001-AS003,2026-08-12 13:00:00,SIEM,1352,1400,ACTIVE
E001-T000351,E001,E001-AS003,2026-08-12 14:00:00,SIEM,1447,1400,ACTIVE
E001-T000352,E001,E001-AS003,2026-08-12 15:00:00,SIEM,1459,1400,ACTIVE
E001-T000353,E001,E001-AS003,2026-08-12 16:00:00,SIEM,1382,1400,ACTIVE
E001-T000354,E001,E001-AS003,2026-08-12 17:00:00,SIEM,1378,1400,ACTIVE
E001-T000355,E001,E001-AS003,2026-08-12 18:00:00,SIEM,1431,1400,ACTIVE
E001-T000356,E001,E001-AS003,2026-08-12 19:00:00,SIEM,1408,1400,ACTIVE
E001-T000357,E001,E001-AS003,2026-08-12 20:00:00,SIEM,1322,1400,ACTIVE
E001-T000358,E001,E001-AS003,2026-08-12 21:00:00,SIEM,1306,1400,ACTIVE
E001-T000359,E001,E001-AS003,2026-08-12 22:00:00,SIEM,1305,1400,ACTIVE
E001-T000360,E001,E001-AS003,2026-08-12 23:00:00,SIEM,1494,1400,ACTIVE
E001-T000361,E001,E001-AS003,2026-08-13 00:00:00,SIEM,1506,1400,ACTIVE
E001-T000362,E001,E001-AS003,2026-08-13 01:00:00,SIEM,1322,1400,ACTIVE
E001-T000363,E001,E001-AS003,2026-08-13 02:00:00,SIEM,1361,1400,ACTIVE
E001-T000364,E001,E001-AS003,2026-08-13 03:00:00,SIEM,1419,1400,ACTIVE
E001-T000365,E001,E001-AS003,2026-08-13 04:00:00,SIEM,1458,1400,ACTIVE
E001-T000366,E001,E001-AS003,2026-08-13 05:00:00,SIEM,1433,1400,ACTIVE
E001-T000367,E001,E001-AS003,2026-08-13 06:00:00,SIEM,1432,1400,ACTIVE
E001-T000368,E001,E001-AS003,2026-08-13 07:00:00,SIEM,1357,1400,ACTIVE
E001-T000369,E001,E001-AS003,2026-08-13 08:00:00,SIEM,1385,1400,ACTIVE
E001-T000370,E001,E001-AS003,2026-08-13 09:00:00,SIEM,1501,1400,ACTIVE
E001-T000371,E001,E001-AS003,2026-08-13 10:00:00,SIEM,1341,1400,ACTIVE
E001-T000372,E001,E001-AS003,2026-08-13 11:00:00,SIEM,1342,1400,ACTIVE
E001-T000373,E001,E001-AS003,2026-08-13 12:00:00,SIEM,1495,1400,ACTIVE
E001-T000374,E001,E001-AS003,2026-08-13 13:00:00,SIEM,1313,1400,ACTIVE
E001-T000375,E001,E001-AS003,2026-08-13 14:00:00,SIEM,1425,1400,ACTIVE
E001-T000376,E001,E001-AS003,2026-08-13 15:00:00,SIEM,1300,1400,ACTIVE
E001-T000377,E001,E001-AS003,2026-08-13 16:00:00,SIEM,1437,1400,ACTIVE
E001-T000378,E001,E001-AS003,2026-08-13 17:00:00,SIEM,1435,1400,ACTIVE
E001-T000379,E001,E001-AS003,2026-08-13 18:00:00,SIEM,1327,1400,ACTIVE
E001-T000380,E001,E001-AS003,2026-08-13 19:00:00,SIEM,1290,1400,ACTIVE
E001-T000381,E001,E001-AS003,2026-08-13 20:00:00,SIEM,1318,1400,ACTIVE
E001-T000382,E001,E001-AS003,2026-08-13 21:00:00,SIEM,1290,1400,ACTIVE
E001-T000383,E001,E001-AS003,2026-08-13 22:00:00,SIEM,1399,1400,ACTIVE
E001-T000384,E001,E001-AS003,2026-08-13 23:00:00,SIEM,1365,1400,ACTIVE
E001-T000385,E001,E001-AS003,2026-08-14 00:00:00,SIEM,1403,1400,ACTIVE
E001-T000386,E001,E001-AS003,2026-08-14 01:00:00,SIEM,1472,1400,ACTIVE
E001-T000387,E001,E001-AS003,2026-08-14 02:00:00,SIEM,1346,1400,ACTIVE
E001-T000388,E001,E001-AS003,2026-08-14 03:00:00,SIEM,1371,1400,ACTIVE
E001-T000389,E001,E001-AS003,2026-08-14 04:00:00,SIEM,1455,1400,ACTIVE
E001-T000390,E001,E001-AS003,2026-08-14 05:00:00,SIEM,1483,1400,ACTIVE
E001-T000391,E001,E001-AS003,2026-08-14 06:00:00,SIEM,1452,1400,ACTIVE
E001-T000392,E001,E001-AS003,2026-08-14 07:00:00,SIEM,1314,1400,ACTIVE
E001-T000393,E001,E001-AS003,2026-08-14 08:00:00,SIEM,1489,1400,ACTIVE
E001-T000394,E001,E001-AS003,2026-08-14 09:00:00,SIEM,1363,1400,ACTIVE
E001-T000395,E001,E001-AS003,2026-08-14 10:00:00,SIEM,1384,1400,ACTIVE
E001-T000396,E001,E001-AS003,2026-08-14 11:00:00,SIEM,1405,1400,ACTIVE
E001-T000397,E001,E001-AS003,2026-08-14 12:00:00,SIEM,1346,1400,ACTIVE
E001-T000398,E001,E001-AS003,2026-08-14 13:00:00,SIEM,1506,1400,ACTIVE
E001-T000399,E001,E001-AS003,2026-08-14 14:00:00,SIEM,1428,1400,ACTIVE
E001-T000400,E001,E001-AS003,2026-08-14 15:00:00,SIEM,1399,1400,ACTIVE
E001-T000401,E001,E001-AS003,2026-08-14 16:00:00,SIEM,1402,1400,ACTIVE
E001-T000402,E001,E001-AS003,2026-08-14 17:00:00,SIEM,1300,1400,ACTIVE
E001-T000403,E001,E001-AS003,2026-08-14 18:00:00,SIEM,1480,1400,ACTIVE
E001-T000404,E001,E001-AS003,2026-08-14 19:00:00,SIEM,1325,1400,ACTIVE
E001-T000405,E001,E001-AS003,2026-08-14 20:00:00,SIEM,1323,1400,ACTIVE
E001-T000406,E001,E001-AS003,2026-08-14 21:00:00,SIEM,1461,1400,ACTIVE
E001-T000407,E001,E001-AS003,2026-08-14 22:00:00,SIEM,1488,1400,ACTIVE
E001-T000408,E001,E001-AS003,2026-08-14 23:00:00,SIEM,1439,1400,ACTIVE
E001-T000409,E001,E001-AS003,2026-08-15 00:00:00,SIEM,1313,1400,ACTIVE
E001-T000410,E001,E001-AS003,2026-08-15 01:00:00,SIEM,1453,1400,ACTIVE
E001-T000411,E001,E001-AS003,2026-08-15 02:00:00,SIEM,1288,1400,ACTIVE
E001-T000412,E001,E001-AS003,2026-08-15 03:00:00,SIEM,1480,1400,ACTIVE
E001-T000413,E001,E001-AS003,2026-08-15 04:00:00,SIEM,1290,1400,ACTIVE
E001-T000414,E001,E001-AS003,2026-08-15 05:00:00,SIEM,1298,1400,ACTIVE
E001-T000415,E001,E001-AS003,2026-08-15 06:00:00,SIEM,1369,1400,ACTIVE
E001-T000416,E001,E001-AS003,2026-08-15 07:00:00,SIEM,1494,1400,ACTIVE
E001-T000417,E001,E001-AS003,2026-08-15 08:00:00,SIEM,1328,1400,ACTIVE
E001-T000418,E001,E001-AS003,2026-08-15 09:00:00,SIEM,1503,1400,ACTIVE
E001-T000419,E001,E001-AS003,2026-08-15 10:00:00,SIEM,1295,1400,ACTIVE
E001-T000420,E001,E001-AS003,2026-08-15 11:00:00,SIEM,1467,1400,ACTIVE
E001-T000421,E001,E001-AS003,2026-08-15 12:00:00,SIEM,1447,1400,ACTIVE
E001-T000422,E001,E001-AS003,2026-08-15 13:00:00,SIEM,1434,1400,ACTIVE
E001-T000423,E001,E001-AS003,2026-08-15 14:00:00,SIEM,1338,1400,ACTIVE
E001-T000424,E001,E001-AS003,2026-08-15 15:00:00,SIEM,1343,1400,ACTIVE
E001-T000425,E001,E001-AS003,2026-08-15 16:00:00,SIEM,1493,1400,ACTIVE
E001-T000426,E001,E001-AS003,2026-08-15 17:00:00,SIEM,1359,1400,ACTIVE
E001-T000427,E001,E001-AS003,2026-08-15 18:00:00,SIEM,1473,1400,ACTIVE
E001-T000428,E001,E001-AS003,2026-08-15 19:00:00,SIEM,1416,1400,ACTIVE
E001-T000429,E001,E001-AS003,2026-08-15 20:00:00,SIEM,1314,1400,ACTIVE
E001-T000430,E001,E001-AS003,2026-08-15 21:00:00,SIEM,1438,1400,ACTIVE
E001-T000431,E001,E001-AS003,2026-08-15 22:00:00,SIEM,1299,1400,ACTIVE
E001-T000432,E001,E001-AS003,2026-08-15 23:00:00,SIEM,1337,1400,ACTIVE
E001-T000433,E001,E001-AS004,2026-08-10 00:00:00,SIEM,1403,1400,ACTIVE
E001-T000434,E001,E001-AS004,2026-08-10 01:00:00,SIEM,1298,1400,ACTIVE
E001-T000435,E001,E001-AS004,2026-08-10 02:00:00,SIEM,1377,1400,ACTIVE
E001-T000436,E001,E001-AS004,2026-08-10 03:00:00,SIEM,1484,1400,ACTIVE
E001-T000437,E001,E001-AS004,2026-08-10 04:00:00,SIEM,1481,1400,ACTIVE
E001-T000438,E001,E001-AS004,2026-08-10 05:00:00,SIEM,1461,1400,ACTIVE
E001-T000439,E001,E001-AS004,2026-08-10 06:00:00,SIEM,1357,1400,ACTIVE
E001-T000440,E001,E001-AS004,2026-08-10 07:00:00,SIEM,1307,1400,ACTIVE
E001-T000441,E001,E001-AS004,2026-08-10 08:00:00,SIEM,1390,1400,ACTIVE
E001-T000442,E001,E001-AS004,2026-08-10 09:00:00,SIEM,1370,1400,ACTIVE
E001-T000443,E001,E001-AS004,2026-08-10 10:00:00,SIEM,1353,1400,ACTIVE
E001-T000444,E001,E001-AS004,2026-08-10 11:00:00,SIEM,1463,1400,ACTIVE
E001-T000445,E001,E001-AS004,2026-08-10 12:00:00,SIEM,1453,1400,ACTIVE
E001-T000446,E001,E001-AS004,2026-08-10 13:00:00,SIEM,1342,1400,ACTIVE
E001-T000447,E001,E001-AS004,2026-08-10 14:00:00,SIEM,1370,1400,ACTIVE
E001-T000448,E001,E001-AS004,2026-08-10 15:00:00,SIEM,1505,1400,ACTIVE
E001-T000449,E001,E001-AS004,2026-08-10 16:00:00,SIEM,1511,1400,ACTIVE
E001-T000450,E001,E001-AS004,2026-08-10 17:00:00,SIEM,1461,1400,ACTIVE
E001-T000451,E001,E001-AS004,2026-08-10 18:00:00,SIEM,1452,1400,ACTIVE
E001-T000452,E001,E001-AS004,2026-08-10 19:00:00,SIEM,1410,1400,ACTIVE
E001-T000453,E001,E001-AS004,2026-08-10 20:00:00,SIEM,1466,1400,ACTIVE
E001-T000454,E001,E001-AS004,2026-08-10 21:00:00,SIEM,1321,1400,ACTIVE
E001-T000455,E001,E001-AS004,2026-08-10 22:00:00,SIEM,1496,1400,ACTIVE
E001-T000456,E001,E001-AS004,2026-08-10 23:00:00,SIEM,1293,1400,ACTIVE
E001-T000457,E001,E001-AS004,2026-08-11 00:00:00,SIEM,1409,1400,ACTIVE
E001-T000458,E001,E001-AS004,2026-08-11 01:00:00,SIEM,1430,1400,ACTIVE
E001-T000459,E001,E001-AS004,2026-08-11 02:00:00,SIEM,1443,1400,ACTIVE
E001-T000460,E001,E001-AS004,2026-08-11 03:00:00,SIEM,1290,1400,ACTIVE
E001-T000461,E001,E001-AS004,2026-08-11 04:00:00,SIEM,1363,1400,ACTIVE
E001-T000462,E001,E001-AS004,2026-08-11 05:00:00,SIEM,1458,1400,ACTIVE
E001-T000463,E001,E001-AS004,2026-08-11 06:00:00,SIEM,1372,1400,ACTIVE
E001-T000464,E001,E001-AS004,2026-08-11 07:00:00,SIEM,1453,1400,ACTIVE
E001-T000465,E001,E001-AS004,2026-08-11 08:00:00,SIEM,1356,1400,ACTIVE
E001-T000466,E001,E001-AS004,2026-08-11 09:00:00,SIEM,1333,1400,ACTIVE
E001-T000467,E001,E001-AS004,2026-08-11 10:00:00,SIEM,1508,1400,ACTIVE
E001-T000468,E001,E001-AS004,2026-08-11 11:00:00,SIEM,1382,1400,ACTIVE
E001-T000469,E001,E001-AS004,2026-08-11 12:00:00,SIEM,1503,1400,ACTIVE
E001-T000470,E001,E001-AS004,2026-08-11 13:00:00,SIEM,1505,1400,ACTIVE
E001-T000471,E001,E001-AS004,2026-08-11 14:00:00,SIEM,1319,1400,ACTIVE
E001-T000472,E001,E001-AS004,2026-08-11 15:00:00,SIEM,1350,1400,ACTIVE
E001-T000473,E001,E001-AS004,2026-08-11 16:00:00,SIEM,1297,1400,ACTIVE
E001-T000474,E001,E001-AS004,2026-08-11 17:00:00,SIEM,1339,1400,ACTIVE
E001-T000475,E001,E001-AS004,2026-08-11 18:00:00,SIEM,1477,1400,ACTIVE
E001-T000476,E001,E001-AS004,2026-08-11 19:00:00,SIEM,1380,1400,ACTIVE
E001-T000477,E001,E001-AS004,2026-08-11 20:00:00,SIEM,1488,1400,ACTIVE
E001-T000478,E001,E001-AS004,2026-08-11 21:00:00,SIEM,1390,1400,ACTIVE
E001-T000479,E001,E001-AS004,2026-08-11 22:00:00,SIEM,1455,1400,ACTIVE
E001-T000480,E001,E001-AS004,2026-08-11 23:00:00,SIEM,1418,1400,ACTIVE
E001-T000481,E001,E001-AS004,2026-08-12 00:00:00,SIEM,1401,1400,ACTIVE
E001-T000482,E001,E001-AS004,2026-08-12 01:00:00,SIEM,1430,1400,ACTIVE
E001-T000483,E001,E001-AS004,2026-08-12 02:00:00,SIEM,1376,1400,ACTIVE
E001-T000484,E001,E001-AS004,2026-08-12 03:00:00,SIEM,1420,1400,ACTIVE
E001-T000485,E001,E001-AS004,2026-08-12 04:00:00,SIEM,1301,1400,ACTIVE
E001-T000486,E001,E001-AS004,2026-08-12 05:00:00,SIEM,1436,1400,ACTIVE
E001-T000487,E001,E001-AS004,2026-08-12 06:00:00,SIEM,1317,1400,ACTIVE
E001-T000488,E001,E001-AS004,2026-08-12 07:00:00,SIEM,1353,1400,ACTIVE
E001-T000489,E001,E001-AS004,2026-08-12 08:00:00,SIEM,1478,1400,ACTIVE
E001-T000490,E001,E001-AS004,2026-08-12 09:00:00,SIEM,1495,1400,ACTIVE
E001-T000491,E001,E001-AS004,2026-08-12 10:00:00,SIEM,1376,1400,ACTIVE
E001-T000492,E001,E001-AS004,2026-08-12 11:00:00,SIEM,1474,1400,ACTIVE
E001-T000493,E001,E001-AS004,2026-08-12 12:00:00,SIEM,1361,1400,ACTIVE
E001-T000494,E001,E001-AS004,2026-08-12 13:00:00,SIEM,1389,1400,ACTIVE
E001-T000495,E001,E001-AS004,2026-08-12 14:00:00,SIEM,1340,1400,ACTIVE
E001-T000496,E001,E001-AS004,2026-08-12 15:00:00,SIEM,1499,1400,ACTIVE
E001-T000497,E001,E001-AS004,2026-08-12 16:00:00,SIEM,1318,1400,ACTIVE
E001-T000498,E001,E001-AS004,2026-08-12 17:00:00,SIEM,1460,1400,ACTIVE
E001-T000499,E001,E001-AS004,2026-08-12 18:00:00,SIEM,1312,1400,ACTIVE
E001-T000500,E001,E001-AS004,2026-08-12 19:00:00,SIEM,1311,1400,ACTIVE
E001-T000501,E001,E001-AS004,2026-08-12 20:00:00,SIEM,1388,1400,ACTIVE
E001-T000502,E001,E001-AS004,2026-08-12 21:00:00,SIEM,1358,1400,ACTIVE
E001-T000503,E001,E001-AS004,2026-08-12 22:00:00,SIEM,1315,1400,ACTIVE
E001-T000504,E001,E001-AS004,2026-08-12 23:00:00,SIEM,1368,1400,ACTIVE
E001-T000505,E001,E001-AS004,2026-08-13 00:00:00,SIEM,1460,1400,ACTIVE
E001-T000506,E001,E001-AS004,2026-08-13 01:00:00,SIEM,1389,1400,ACTIVE
E001-T000507,E001,E001-AS004,2026-08-13 02:00:00,SIEM,1391,1400,ACTIVE
E001-T000508,E001,E001-AS004,2026-08-13 03:00:00,SIEM,1478,1400,ACTIVE
E001-T000509,E001,E001-AS004,2026-08-13 04:00:00,SIEM,1308,1400,ACTIVE
E001-T000510,E001,E001-AS004,2026-08-13 05:00:00,SIEM,1468,1400,ACTIVE
E001-T000511,E001,E001-AS004,2026-08-13 06:00:00,SIEM,1356,1400,ACTIVE
E001-T000512,E001,E001-AS004,2026-08-13 07:00:00,SIEM,1445,1400,ACTIVE
E001-T000513,E001,E001-AS004,2026-08-13 08:00:00,SIEM,1423,1400,ACTIVE
E001-T000514,E001,E001-AS004,2026-08-13 09:00:00,SIEM,1336,1400,ACTIVE
E001-T000515,E001,E001-AS004,2026-08-13 10:00:00,SIEM,1479,1400,ACTIVE
E001-T000516,E001,E001-AS004,2026-08-13 11:00:00,SIEM,1321,1400,ACTIVE
E001-T000517,E001,E001-AS004,2026-08-13 12:00:00,SIEM,1447,1400,ACTIVE
E001-T000518,E001,E001-AS004,2026-08-13 13:00:00,SIEM,1504,1400,ACTIVE
E001-T000519,E001,E001-AS004,2026-08-13 14:00:00,SIEM,1376,1400,ACTIVE
E001-T000520,E001,E001-AS004,2026-08-13 15:00:00,SIEM,1298,1400,ACTIVE
E001-T000521,E001,E001-AS004,2026-08-13 16:00:00,SIEM,1354,1400,ACTIVE
E001-T000522,E001,E001-AS004,2026-08-13 17:00:00,SIEM,1471,1400,ACTIVE
E001-T000523,E001,E001-AS004,2026-08-13 18:00:00,SIEM,1326,1400,ACTIVE
E001-T000524,E001,E001-AS004,2026-08-13 19:00:00,SIEM,1501,1400,ACTIVE
E001-T000525,E001,E001-AS004,2026-08-13 20:00:00,SIEM,1479,1400,ACTIVE
E001-T000526,E001,E001-AS004,2026-08-13 21:00:00,SIEM,1412,1400,ACTIVE
E001-T000527,E001,E001-AS004,2026-08-13 22:00:00,SIEM,1411,1400,ACTIVE
E001-T000528,E001,E001-AS004,2026-08-13 23:00:00,SIEM,1309,1400,ACTIVE
E001-T000529,E001,E001-AS004,2026-08-14 00:00:00,SIEM,1310,1400,ACTIVE
E001-T000530,E001,E001-AS004,2026-08-14 01:00:00,SIEM,1465,1400,ACTIVE
E001-T000531,E001,E001-AS004,2026-08-14 02:00:00,SIEM,1315,1400,ACTIVE
E001-T000532,E001,E001-AS004,2026-08-14 03:00:00,SIEM,1301,1400,ACTIVE
E001-T000533,E001,E001-AS004,2026-08-14 04:00:00,SIEM,1462,1400,ACTIVE
E001-T000534,E001,E001-AS004,2026-08-14 05:00:00,SIEM,1337,1400,ACTIVE
E001-T000535,E001,E001-AS004,2026-08-14 06:00:00,SIEM,1332,1400,ACTIVE
E001-T000536,E001,E001-AS004,2026-08-14 07:00:00,SIEM,1377,1400,ACTIVE
E001-T000537,E001,E001-AS004,2026-08-14 08:00:00,SIEM,1441,1400,ACTIVE
E001-T000538,E001,E001-AS004,2026-08-14 09:00:00,SIEM,1498,1400,ACTIVE
E001-T000539,E001,E001-AS004,2026-08-14 10:00:00,SIEM,1306,1400,ACTIVE
E001-T000540,E001,E001-AS004,2026-08-14 11:00:00,SIEM,1419,1400,ACTIVE
E001-T000541,E001,E001-AS004,2026-08-14 12:00:00,SIEM,1493,1400,ACTIVE
E001-T000542,E001,E001-AS004,2026-08-14 13:00:00,SIEM,1304,1400,ACTIVE
E001-T000543,E001,E001-AS004,2026-08-14 14:00:00,SIEM,1511,1400,ACTIVE
E001-T000544,E001,E001-AS004,2026-08-14 15:00:00,SIEM,1332,1400,ACTIVE
E001-T000545,E001,E001-AS004,2026-08-14 16:00:00,SIEM,1432,1400,ACTIVE
E001-T000546,E001,E001-AS004,2026-08-14 17:00:00,SIEM,1469,1400,ACTIVE
E001-T000547,E001,E001-AS004,2026-08-14 18:00:00,SIEM,1308,1400,ACTIVE
E001-T000548,E001,E001-AS004,2026-08-14 19:00:00,SIEM,1477,1400,ACTIVE
E001-T000549,E001,E001-AS004,2026-08-14 20:00:00,SIEM,1469,1400,ACTIVE
E001-T000550,E001,E001-AS004,2026-08-14 21:00:00,SIEM,1315,1400,ACTIVE
E001-T000551,E001,E001-AS004,2026-08-14 22:00:00,SIEM,1499,1400,ACTIVE
E001-T000552,E001,E001-AS004,2026-08-14 23:00:00,SIEM,1299,1400,ACTIVE
E001-T000553,E001,E001-AS004,2026-08-15 00:00:00,SIEM,1495,1400,ACTIVE
E001-T000554,E001,E001-AS004,2026-08-15 01:00:00,SIEM,1385,1400,ACTIVE
E001-T000555,E001,E001-AS004,2026-08-15 02:00:00,SIEM,1450,1400,ACTIVE
E001-T000556,E001,E001-AS004,2026-08-15 03:00:00,SIEM,1399,1400,ACTIVE
E001-T000557,E001,E001-AS004,2026-08-15 04:00:00,SIEM,1373,1400,ACTIVE
E001-T000558,E001,E001-AS004,2026-08-15 05:00:00,SIEM,1383,1400,ACTIVE
E001-T000559,E001,E001-AS004,2026-08-15 06:00:00,SIEM,1367,1400,ACTIVE
E001-T000560,E001,E001-AS004,2026-08-15 07:00:00,SIEM,1491,1400,ACTIVE
E001-T000561,E001,E001-AS004,2026-08-15 08:00:00,SIEM,1349,1400,ACTIVE
E001-T000562,E001,E001-AS004,2026-08-15 09:00:00,SIEM,1387,1400,ACTIVE
E001-T000563,E001,E001-AS004,2026-08-15 10:00:00,SIEM,1321,1400,ACTIVE
E001-T000564,E001,E001-AS004,2026-08-15 11:00:00,SIEM,1425,1400,ACTIVE
E001-T000565,E001,E001-AS004,2026-08-15 12:00:00,SIEM,1426,1400,ACTIVE
E001-T000566,E001,E001-AS004,2026-08-15 13:00:00,SIEM,1432,1400,ACTIVE
E001-T000567,E001,E001-AS004,2026-08-15 14:00:00,SIEM,1399,1400,ACTIVE
E001-T000568,E001,E001-AS004,2026-08-15 15:00:00,SIEM,1485,1400,ACTIVE
E001-T000569,E001,E001-AS004,2026-08-15 16:00:00,SIEM,1395,1400,ACTIVE
E001-T000570,E001,E001-AS004,2026-08-15 17:00:00,SIEM,1307,1400,ACTIVE
E001-T000571,E001,E001-AS004,2026-08-15 18:00:00,SIEM,1373,1400,ACTIVE
E001-T000572,E001,E001-AS004,2026-08-15 19:00:00,SIEM,1381,1400,ACTIVE
E001-T000573,E001,E001-AS004,2026-08-15 20:00:00,SIEM,1431,1400,ACTIVE
E001-T000574,E001,E001-AS004,2026-08-15 21:00:00,SIEM,1466,1400,ACTIVE
E001-T000575,E001,E001-AS004,2026-08-15 22:00:00,SIEM,1343,1400,ACTIVE
E001-T000576,E001,E001-AS004,2026-08-15 23:00:00,SIEM,1510,1400,ACTIVE
E001-T000577,E001,E001-AS005,2026-08-10 00:00:00,EDR,956,950,ACTIVE
E001-T000578,E001,E001-AS005,2026-08-10 01:00:00,EDR,876,950,ACTIVE
E001-T000579,E001,E001-AS005,2026-08-10 02:00:00,EDR,932,950,ACTIVE
E001-T000580,E001,E001-AS005,2026-08-10 03:00:00,EDR,982,950,ACTIVE
E001-T000581,E001,E001-AS005,2026-08-10 04:00:00,EDR,946,950,ACTIVE
E001-T000582,E001,E001-AS005,2026-08-10 05:00:00,EDR,992,950,ACTIVE
E001-T000583,E001,E001-AS005,2026-08-10 06:00:00,EDR,926,950,ACTIVE
E001-T000584,E001,E001-AS005,2026-08-10 07:00:00,EDR,959,950,ACTIVE
E001-T000585,E001,E001-AS005,2026-08-10 08:00:00,EDR,922,950,ACTIVE
E001-T000586,E001,E001-AS005,2026-08-10 09:00:00,EDR,915,950,ACTIVE
E001-T000587,E001,E001-AS005,2026-08-10 10:00:00,EDR,877,950,ACTIVE
E001-T000588,E001,E001-AS005,2026-08-10 11:00:00,EDR,964,950,ACTIVE
E001-T000589,E001,E001-AS005,2026-08-10 12:00:00,EDR,878,950,ACTIVE
E001-T000590,E001,E001-AS005,2026-08-10 13:00:00,EDR,997,950,ACTIVE
E001-T000591,E001,E001-AS005,2026-08-10 14:00:00,EDR,916,950,ACTIVE
E001-T000592,E001,E001-AS005,2026-08-10 15:00:00,EDR,996,950,ACTIVE
E001-T000593,E001,E001-AS005,2026-08-10 16:00:00,EDR,945,950,ACTIVE
E001-T000594,E001,E001-AS005,2026-08-10 17:00:00,EDR,928,950,ACTIVE
E001-T000595,E001,E001-AS005,2026-08-10 18:00:00,EDR,962,950,ACTIVE
E001-T000596,E001,E001-AS005,2026-08-10 19:00:00,EDR,909,950,ACTIVE
E001-T000597,E001,E001-AS005,2026-08-10 20:00:00,EDR,898,950,ACTIVE
E001-T000598,E001,E001-AS005,2026-08-10 21:00:00,EDR,911,950,ACTIVE
E001-T000599,E001,E001-AS005,2026-08-10 22:00:00,EDR,910,950,ACTIVE
E001-T000600,E001,E001-AS005,2026-08-10 23:00:00,EDR,955,950,ACTIVE
E001-T000601,E001,E001-AS005,2026-08-11 00:00:00,EDR,994,950,ACTIVE
E001-T000602,E001,E001-AS005,2026-08-11 01:00:00,EDR,986,950,ACTIVE
E001-T000603,E001,E001-AS005,2026-08-11 02:00:00,EDR,990,950,ACTIVE
E001-T000604,E001,E001-AS005,2026-08-11 03:00:00,EDR,1018,950,ACTIVE
E001-T000605,E001,E001-AS005,2026-08-11 04:00:00,EDR,961,950,ACTIVE
E001-T000606,E001,E001-AS005,2026-08-11 05:00:00,EDR,1023,950,ACTIVE
E001-T000607,E001,E001-AS005,2026-08-11 06:00:00,EDR,933,950,ACTIVE
E001-T000608,E001,E001-AS005,2026-08-11 07:00:00,EDR,1016,950,ACTIVE
E001-T000609,E001,E001-AS005,2026-08-11 08:00:00,EDR,1024,950,ACTIVE
E001-T000610,E001,E001-AS005,2026-08-11 09:00:00,EDR,900,950,ACTIVE
E001-T000611,E001,E001-AS005,2026-08-11 10:00:00,EDR,909,950,ACTIVE
E001-T000612,E001,E001-AS005,2026-08-11 11:00:00,EDR,922,950,ACTIVE
E001-T000613,E001,E001-AS005,2026-08-11 12:00:00,EDR,986,950,ACTIVE
E001-T000614,E001,E001-AS005,2026-08-11 13:00:00,EDR,928,950,ACTIVE
E001-T000615,E001,E001-AS005,2026-08-11 14:00:00,EDR,963,950,ACTIVE
E001-T000616,E001,E001-AS005,2026-08-11 15:00:00,EDR,980,950,ACTIVE
E001-T000617,E001,E001-AS005,2026-08-11 16:00:00,EDR,927,950,ACTIVE
E001-T000618,E001,E001-AS005,2026-08-11 17:00:00,EDR,960,950,ACTIVE
E001-T000619,E001,E001-AS005,2026-08-11 18:00:00,EDR,895,950,ACTIVE
E001-T000620,E001,E001-AS005,2026-08-11 19:00:00,EDR,1018,950,ACTIVE
E001-T000621,E001,E001-AS005,2026-08-11 20:00:00,EDR,1001,950,ACTIVE
E001-T000622,E001,E001-AS005,2026-08-11 21:00:00,EDR,997,950,ACTIVE
E001-T000623,E001,E001-AS005,2026-08-11 22:00:00,EDR,1021,950,ACTIVE
E001-T000624,E001,E001-AS005,2026-08-11 23:00:00,EDR,956,950,ACTIVE
E001-T000625,E001,E001-AS005,2026-08-12 00:00:00,EDR,900,950,ACTIVE
E001-T000626,E001,E001-AS005,2026-08-12 01:00:00,EDR,879,950,ACTIVE
E001-T000627,E001,E001-AS005,2026-08-12 02:00:00,EDR,882,950,ACTIVE
E001-T000628,E001,E001-AS005,2026-08-12 03:00:00,EDR,965,950,ACTIVE
E001-T000629,E001,E001-AS005,2026-08-12 04:00:00,EDR,877,950,ACTIVE
E001-T000630,E001,E001-AS005,2026-08-12 05:00:00,EDR,946,950,ACTIVE
E001-T000631,E001,E001-AS005,2026-08-12 06:00:00,EDR,924,950,ACTIVE
E001-T000632,E001,E001-AS005,2026-08-12 07:00:00,EDR,967,950,ACTIVE
E001-T000633,E001,E001-AS005,2026-08-12 08:00:00,EDR,996,950,ACTIVE
E001-T000634,E001,E001-AS005,2026-08-12 09:00:00,EDR,925,950,ACTIVE
E001-T000635,E001,E001-AS005,2026-08-12 10:00:00,EDR,900,950,ACTIVE
E001-T000636,E001,E001-AS005,2026-08-12 11:00:00,EDR,995,950,ACTIVE
E001-T000637,E001,E001-AS005,2026-08-12 12:00:00,EDR,1005,950,ACTIVE
E001-T000638,E001,E001-AS005,2026-08-12 13:00:00,EDR,883,950,ACTIVE
E001-T000639,E001,E001-AS005,2026-08-12 14:00:00,EDR,896,950,ACTIVE
E001-T000640,E001,E001-AS005,2026-08-12 15:00:00,EDR,981,950,ACTIVE
E001-T000641,E001,E001-AS005,2026-08-12 16:00:00,EDR,895,950,ACTIVE
E001-T000642,E001,E001-AS005,2026-08-12 17:00:00,EDR,890,950,ACTIVE
E001-T000643,E001,E001-AS005,2026-08-12 18:00:00,EDR,953,950,ACTIVE
E001-T000644,E001,E001-AS005,2026-08-12 19:00:00,EDR,929,950,ACTIVE
E001-T000645,E001,E001-AS005,2026-08-12 20:00:00,EDR,885,950,ACTIVE
E001-T000646,E001,E001-AS005,2026-08-12 21:00:00,EDR,981,950,ACTIVE
E001-T000647,E001,E001-AS005,2026-08-12 22:00:00,EDR,974,950,ACTIVE
E001-T000648,E001,E001-AS005,2026-08-12 23:00:00,EDR,963,950,ACTIVE
E001-T000649,E001,E001-AS005,2026-08-13 00:00:00,EDR,925,950,ACTIVE
E001-T000650,E001,E001-AS005,2026-08-13 01:00:00,EDR,923,950,ACTIVE
E001-T000651,E001,E001-AS005,2026-08-13 02:00:00,EDR,1022,950,ACTIVE
E001-T000652,E001,E001-AS005,2026-08-13 03:00:00,EDR,985,950,ACTIVE
E001-T000653,E001,E001-AS005,2026-08-13 04:00:00,EDR,940,950,ACTIVE
E001-T000654,E001,E001-AS005,2026-08-13 05:00:00,EDR,971,950,ACTIVE
E001-T000655,E001,E001-AS005,2026-08-13 06:00:00,EDR,948,950,ACTIVE
E001-T000656,E001,E001-AS005,2026-08-13 07:00:00,EDR,922,950,ACTIVE
E001-T000657,E001,E001-AS005,2026-08-13 08:00:00,EDR,981,950,ACTIVE
E001-T000658,E001,E001-AS005,2026-08-13 09:00:00,EDR,959,950,ACTIVE
E001-T000659,E001,E001-AS005,2026-08-13 10:00:00,EDR,1009,950,ACTIVE
E001-T000660,E001,E001-AS005,2026-08-13 11:00:00,EDR,967,950,ACTIVE
E001-T000661,E001,E001-AS005,2026-08-13 12:00:00,EDR,928,950,ACTIVE
E001-T000662,E001,E001-AS005,2026-08-13 13:00:00,EDR,975,950,ACTIVE
E001-T000663,E001,E001-AS005,2026-08-13 14:00:00,EDR,997,950,ACTIVE
E001-T000664,E001,E001-AS005,2026-08-13 15:00:00,EDR,931,950,ACTIVE
E001-T000665,E001,E001-AS005,2026-08-13 16:00:00,EDR,985,950,ACTIVE
E001-T000666,E001,E001-AS005,2026-08-13 17:00:00,EDR,918,950,ACTIVE
E001-T000667,E001,E001-AS005,2026-08-13 18:00:00,EDR,901,950,ACTIVE
E001-T000668,E001,E001-AS005,2026-08-13 19:00:00,EDR,874,950,ACTIVE
E001-T000669,E001,E001-AS005,2026-08-13 20:00:00,EDR,980,950,ACTIVE
E001-T000670,E001,E001-AS005,2026-08-13 21:00:00,EDR,961,950,ACTIVE
E001-T000671,E001,E001-AS005,2026-08-13 22:00:00,EDR,1003,950,ACTIVE
E001-T000672,E001,E001-AS005,2026-08-13 23:00:00,EDR,991,950,ACTIVE
E001-T000673,E001,E001-AS005,2026-08-14 00:00:00,EDR,960,950,ACTIVE
E001-T000674,E001,E001-AS005,2026-08-14 01:00:00,EDR,901,950,ACTIVE
E001-T000675,E001,E001-AS005,2026-08-14 02:00:00,EDR,922,950,ACTIVE
E001-T000676,E001,E001-AS005,2026-08-14 03:00:00,EDR,996,950,ACTIVE
E001-T000677,E001,E001-AS005,2026-08-14 04:00:00,EDR,966,950,ACTIVE
E001-T000678,E001,E001-AS005,2026-08-14 05:00:00,EDR,971,950,ACTIVE
E001-T000679,E001,E001-AS005,2026-08-14 06:00:00,EDR,889,950,ACTIVE
E001-T000680,E001,E001-AS005,2026-08-14 07:00:00,EDR,949,950,ACTIVE
E001-T000681,E001,E001-AS005,2026-08-14 08:00:00,EDR,924,950,ACTIVE
E001-T000682,E001,E001-AS005,2026-08-14 09:00:00,EDR,885,950,ACTIVE
E001-T000683,E001,E001-AS005,2026-08-14 10:00:00,EDR,926,950,ACTIVE
E001-T000684,E001,E001-AS005,2026-08-14 11:00:00,EDR,922,950,ACTIVE
E001-T000685,E001,E001-AS005,2026-08-14 12:00:00,EDR,970,950,ACTIVE
E001-T000686,E001,E001-AS005,2026-08-14 13:00:00,EDR,1020,950,ACTIVE
E001-T000687,E001,E001-AS005,2026-08-14 14:00:00,EDR,998,950,ACTIVE
E001-T000688,E001,E001-AS005,2026-08-14 15:00:00,EDR,975,950,ACTIVE
E001-T000689,E001,E001-AS005,2026-08-14 16:00:00,EDR,984,950,ACTIVE
E001-T000690,E001,E001-AS005,2026-08-14 17:00:00,EDR,925,950,ACTIVE
E001-T000691,E001,E001-AS005,2026-08-14 18:00:00,EDR,875,950,ACTIVE
E001-T000692,E001,E001-AS005,2026-08-14 19:00:00,EDR,905,950,ACTIVE
E001-T000693,E001,E001-AS005,2026-08-14 20:00:00,EDR,979,950,ACTIVE
E001-T000694,E001,E001-AS005,2026-08-14 21:00:00,EDR,927,950,ACTIVE
E001-T000695,E001,E001-AS005,2026-08-14 22:00:00,EDR,993,950,ACTIVE
E001-T000696,E001,E001-AS005,2026-08-14 23:00:00,EDR,983,950,ACTIVE
E001-T000697,E001,E001-AS005,2026-08-15 00:00:00,EDR,881,950,ACTIVE
E001-T000698,E001,E001-AS005,2026-08-15 01:00:00,EDR,940,950,ACTIVE
E001-T000699,E001,E001-AS005,2026-08-15 02:00:00,EDR,937,950,ACTIVE
E001-T000700,E001,E001-AS005,2026-08-15 03:00:00,EDR,899,950,ACTIVE
E001-T000701,E001,E001-AS005,2026-08-15 04:00:00,EDR,936,950,ACTIVE
E001-T000702,E001,E001-AS005,2026-08-15 05:00:00,EDR,1008,950,ACTIVE
E001-T000703,E001,E001-AS005,2026-08-15 06:00:00,EDR,927,950,ACTIVE
E001-T000704,E001,E001-AS005,2026-08-15 07:00:00,EDR,931,950,ACTIVE
E001-T000705,E001,E001-AS005,2026-08-15 08:00:00,EDR,999,950,ACTIVE
E001-T000706,E001,E001-AS005,2026-08-15 09:00:00,EDR,993,950,ACTIVE
E001-T000707,E001,E001-AS005,2026-08-15 10:00:00,EDR,961,950,ACTIVE
E001-T000708,E001,E001-AS005,2026-08-15 11:00:00,EDR,989,950,ACTIVE
E001-T000709,E001,E001-AS005,2026-08-15 12:00:00,EDR,908,950,ACTIVE
E001-T000710,E001,E001-AS005,2026-08-15 13:00:00,EDR,942,950,ACTIVE
E001-T000711,E001,E001-AS005,2026-08-15 14:00:00,EDR,995,950,ACTIVE
E001-T000712,E001,E001-AS005,2026-08-15 15:00:00,EDR,879,950,ACTIVE
E001-T000713,E001,E001-AS005,2026-08-15 16:00:00,EDR,877,950,ACTIVE
E001-T000714,E001,E001-AS005,2026-08-15 17:00:00,EDR,913,950,ACTIVE
E001-T000715,E001,E001-AS005,2026-08-15 18:00:00,EDR,889,950,ACTIVE
E001-T000716,E001,E001-AS005,2026-08-15 19:00:00,EDR,925,950,ACTIVE
E001-T000717,E001,E001-AS005,2026-08-15 20:00:00,EDR,1008,950,ACTIVE
E001-T000718,E001,E001-AS005,2026-08-15 21:00:00,EDR,898,950,ACTIVE
E001-T000719,E001,E001-AS005,2026-08-15 22:00:00,EDR,885,950,ACTIVE
E001-T000720,E001,E001-AS005,2026-08-15 23:00:00,EDR,1017,950,ACTIVE
E001-T000721,E001,E001-AS006,2026-08-10 00:00:00,EDR,1022,950,ACTIVE
E001-T000722,E001,E001-AS006,2026-08-10 01:00:00,EDR,925,950,ACTIVE
E001-T000723,E001,E001-AS006,2026-08-10 02:00:00,EDR,1023,950,ACTIVE
E001-T000724,E001,E001-AS006,2026-08-10 03:00:00,EDR,1009,950,ACTIVE
E001-T000725,E001,E001-AS006,2026-08-10 04:00:00,EDR,981,950,ACTIVE
E001-T000726,E001,E001-AS006,2026-08-10 05:00:00,EDR,939,950,ACTIVE
E001-T000727,E001,E001-AS006,2026-08-10 06:00:00,EDR,973,950,ACTIVE
E001-T000728,E001,E001-AS006,2026-08-10 07:00:00,EDR,966,950,ACTIVE
E001-T000729,E001,E001-AS006,2026-08-10 08:00:00,EDR,939,950,ACTIVE
E001-T000730,E001,E001-AS006,2026-08-10 09:00:00,EDR,882,950,ACTIVE
E001-T000731,E001,E001-AS006,2026-08-10 10:00:00,EDR,924,950,ACTIVE
E001-T000732,E001,E001-AS006,2026-08-10 11:00:00,EDR,1022,950,ACTIVE
E001-T000733,E001,E001-AS006,2026-08-10 12:00:00,EDR,936,950,ACTIVE
E001-T000734,E001,E001-AS006,2026-08-10 13:00:00,EDR,958,950,ACTIVE
E001-T000735,E001,E001-AS006,2026-08-10 14:00:00,EDR,1014,950,ACTIVE
E001-T000736,E001,E001-AS006,2026-08-10 15:00:00,EDR,956,950,ACTIVE
E001-T000737,E001,E001-AS006,2026-08-10 16:00:00,EDR,974,950,ACTIVE
E001-T000738,E001,E001-AS006,2026-08-10 17:00:00,EDR,919,950,ACTIVE
E001-T000739,E001,E001-AS006,2026-08-10 18:00:00,EDR,888,950,ACTIVE
E001-T000740,E001,E001-AS006,2026-08-10 19:00:00,EDR,933,950,ACTIVE
E001-T000741,E001,E001-AS006,2026-08-10 20:00:00,EDR,957,950,ACTIVE
E001-T000742,E001,E001-AS006,2026-08-10 21:00:00,EDR,948,950,ACTIVE
E001-T000743,E001,E001-AS006,2026-08-10 22:00:00,EDR,882,950,ACTIVE
E001-T000744,E001,E001-AS006,2026-08-10 23:00:00,EDR,874,950,ACTIVE
E001-T000745,E001,E001-AS006,2026-08-11 00:00:00,EDR,887,950,ACTIVE
E001-T000746,E001,E001-AS006,2026-08-11 01:00:00,EDR,999,950,ACTIVE
E001-T000747,E001,E001-AS006,2026-08-11 02:00:00,EDR,969,950,ACTIVE
E001-T000748,E001,E001-AS006,2026-08-11 03:00:00,EDR,947,950,ACTIVE
E001-T000749,E001,E001-AS006,2026-08-11 04:00:00,EDR,888,950,ACTIVE
E001-T000750,E001,E001-AS006,2026-08-11 05:00:00,EDR,905,950,ACTIVE
E001-T000751,E001,E001-AS006,2026-08-11 06:00:00,EDR,971,950,ACTIVE
E001-T000752,E001,E001-AS006,2026-08-11 07:00:00,EDR,1022,950,ACTIVE
E001-T000753,E001,E001-AS006,2026-08-11 08:00:00,EDR,945,950,ACTIVE
E001-T000754,E001,E001-AS006,2026-08-11 09:00:00,EDR,891,950,ACTIVE
E001-T000755,E001,E001-AS006,2026-08-11 10:00:00,EDR,993,950,ACTIVE
E001-T000756,E001,E001-AS006,2026-08-11 11:00:00,EDR,945,950,ACTIVE
E001-T000757,E001,E001-AS006,2026-08-11 12:00:00,EDR,1010,950,ACTIVE
E001-T000758,E001,E001-AS006,2026-08-11 13:00:00,EDR,914,950,ACTIVE
E001-T000759,E001,E001-AS006,2026-08-11 14:00:00,EDR,971,950,ACTIVE
E001-T000760,E001,E001-AS006,2026-08-11 15:00:00,EDR,932,950,ACTIVE
E001-T000761,E001,E001-AS006,2026-08-11 16:00:00,EDR,930,950,ACTIVE
E001-T000762,E001,E001-AS006,2026-08-11 17:00:00,EDR,931,950,ACTIVE
E001-T000763,E001,E001-AS006,2026-08-11 18:00:00,EDR,902,950,ACTIVE
E001-T000764,E001,E001-AS006,2026-08-11 19:00:00,EDR,880,950,ACTIVE
E001-T000765,E001,E001-AS006,2026-08-11 20:00:00,EDR,940,950,ACTIVE
E001-T000766,E001,E001-AS006,2026-08-11 21:00:00,EDR,914,950,ACTIVE
E001-T000767,E001,E001-AS006,2026-08-11 22:00:00,EDR,1001,950,ACTIVE
E001-T000768,E001,E001-AS006,2026-08-11 23:00:00,EDR,959,950,ACTIVE
E001-T000769,E001,E001-AS006,2026-08-12 00:00:00,EDR,896,950,ACTIVE
E001-T000770,E001,E001-AS006,2026-08-12 01:00:00,EDR,979,950,ACTIVE
E001-T000771,E001,E001-AS006,2026-08-12 02:00:00,EDR,888,950,ACTIVE
E001-T000772,E001,E001-AS006,2026-08-12 03:00:00,EDR,975,950,ACTIVE
E001-T000773,E001,E001-AS006,2026-08-12 04:00:00,EDR,996,950,ACTIVE
E001-T000774,E001,E001-AS006,2026-08-12 05:00:00,EDR,936,950,ACTIVE
E001-T000775,E001,E001-AS006,2026-08-12 06:00:00,EDR,988,950,ACTIVE
E001-T000776,E001,E001-AS006,2026-08-12 07:00:00,EDR,908,950,ACTIVE
E001-T000777,E001,E001-AS006,2026-08-12 08:00:00,EDR,883,950,ACTIVE
E001-T000778,E001,E001-AS006,2026-08-12 09:00:00,EDR,932,950,ACTIVE
E001-T000779,E001,E001-AS006,2026-08-12 10:00:00,EDR,953,950,ACTIVE
E001-T000780,E001,E001-AS006,2026-08-12 11:00:00,EDR,1020,950,ACTIVE
E001-T000781,E001,E001-AS006,2026-08-12 12:00:00,EDR,978,950,ACTIVE
E001-T000782,E001,E001-AS006,2026-08-12 13:00:00,EDR,1016,950,ACTIVE
E001-T000783,E001,E001-AS006,2026-08-12 14:00:00,EDR,961,950,ACTIVE
E001-T000784,E001,E001-AS006,2026-08-12 15:00:00,EDR,909,950,ACTIVE
E001-T000785,E001,E001-AS006,2026-08-12 16:00:00,EDR,919,950,ACTIVE
E001-T000786,E001,E001-AS006,2026-08-12 17:00:00,EDR,934,950,ACTIVE
E001-T000787,E001,E001-AS006,2026-08-12 18:00:00,EDR,1003,950,ACTIVE
E001-T000788,E001,E001-AS006,2026-08-12 19:00:00,EDR,879,950,ACTIVE
E001-T000789,E001,E001-AS006,2026-08-12 20:00:00,EDR,960,950,ACTIVE
E001-T000790,E001,E001-AS006,2026-08-12 21:00:00,EDR,952,950,ACTIVE
E001-T000791,E001,E001-AS006,2026-08-12 22:00:00,EDR,960,950,ACTIVE
E001-T000792,E001,E001-AS006,2026-08-12 23:00:00,EDR,1023,950,ACTIVE
E001-T000793,E001,E001-AS006,2026-08-13 00:00:00,EDR,896,950,ACTIVE
E001-T000794,E001,E001-AS006,2026-08-13 01:00:00,EDR,1018,950,ACTIVE
E001-T000795,E001,E001-AS006,2026-08-13 02:00:00,EDR,942,950,ACTIVE
E001-T000796,E001,E001-AS006,2026-08-13 03:00:00,EDR,1018,950,ACTIVE
E001-T000797,E001,E001-AS006,2026-08-13 04:00:00,EDR,899,950,ACTIVE
E001-T000798,E001,E001-AS006,2026-08-13 05:00:00,EDR,906,950,ACTIVE
E001-T000799,E001,E001-AS006,2026-08-13 06:00:00,EDR,903,950,ACTIVE
E001-T000800,E001,E001-AS006,2026-08-13 07:00:00,EDR,880,950,ACTIVE
E001-T000801,E001,E001-AS006,2026-08-13 08:00:00,EDR,885,950,ACTIVE
E001-T000802,E001,E001-AS006,2026-08-13 09:00:00,EDR,977,950,ACTIVE
E001-T000803,E001,E001-AS006,2026-08-13 10:00:00,EDR,904,950,ACTIVE
E001-T000804,E001,E001-AS006,2026-08-13 11:00:00,EDR,999,950,ACTIVE
E001-T000805,E001,E001-AS006,2026-08-13 12:00:00,EDR,896,950,ACTIVE
E001-T000806,E001,E001-AS006,2026-08-13 13:00:00,EDR,964,950,ACTIVE
E001-T000807,E001,E001-AS006,2026-08-13 14:00:00,EDR,922,950,ACTIVE
E001-T000808,E001,E001-AS006,2026-08-13 15:00:00,EDR,984,950,ACTIVE
E001-T000809,E001,E001-AS006,2026-08-13 16:00:00,EDR,996,950,ACTIVE
E001-T000810,E001,E001-AS006,2026-08-13 17:00:00,EDR,887,950,ACTIVE
E001-T000811,E001,E001-AS006,2026-08-13 18:00:00,EDR,958,950,ACTIVE
E001-T000812,E001,E001-AS006,2026-08-13 19:00:00,EDR,957,950,ACTIVE
E001-T000813,E001,E001-AS006,2026-08-13 20:00:00,EDR,1004,950,ACTIVE
E001-T000814,E001,E001-AS006,2026-08-13 21:00:00,EDR,952,950,ACTIVE
E001-T000815,E001,E001-AS006,2026-08-13 22:00:00,EDR,1013,950,ACTIVE
E001-T000816,E001,E001-AS006,2026-08-13 23:00:00,EDR,875,950,ACTIVE
E001-T000817,E001,E001-AS006,2026-08-14 00:00:00,EDR,980,950,ACTIVE
E001-T000818,E001,E001-AS006,2026-08-14 01:00:00,EDR,963,950,ACTIVE
E001-T000819,E001,E001-AS006,2026-08-14 02:00:00,EDR,992,950,ACTIVE
E001-T000820,E001,E001-AS006,2026-08-14 03:00:00,EDR,891,950,ACTIVE
E001-T000821,E001,E001-AS006,2026-08-14 04:00:00,EDR,896,950,ACTIVE
E001-T000822,E001,E001-AS006,2026-08-14 05:00:00,EDR,960,950,ACTIVE
E001-T000823,E001,E001-AS006,2026-08-14 06:00:00,EDR,962,950,ACTIVE
E001-T000824,E001,E001-AS006,2026-08-14 07:00:00,EDR,1020,950,ACTIVE
E001-T000825,E001,E001-AS006,2026-08-14 08:00:00,EDR,889,950,ACTIVE
E001-T000826,E001,E001-AS006,2026-08-14 09:00:00,EDR,890,950,ACTIVE
E001-T000827,E001,E001-AS006,2026-08-14 10:00:00,EDR,992,950,ACTIVE
E001-T000828,E001,E001-AS006,2026-08-14 11:00:00,EDR,993,950,ACTIVE
E001-T000829,E001,E001-AS006,2026-08-14 12:00:00,EDR,1005,950,ACTIVE
E001-T000830,E001,E001-AS006,2026-08-14 13:00:00,EDR,1007,950,ACTIVE
E001-T000831,E001,E001-AS006,2026-08-14 14:00:00,EDR,1007,950,ACTIVE
E001-T000832,E001,E001-AS006,2026-08-14 15:00:00,EDR,914,950,ACTIVE
E001-T000833,E001,E001-AS006,2026-08-14 16:00:00,EDR,973,950,ACTIVE
E001-T000834,E001,E001-AS006,2026-08-14 17:00:00,EDR,960,950,ACTIVE
E001-T000835,E001,E001-AS006,2026-08-14 18:00:00,EDR,945,950,ACTIVE
E001-T000836,E001,E001-AS006,2026-08-14 19:00:00,EDR,900,950,ACTIVE
E001-T000837,E001,E001-AS006,2026-08-14 20:00:00,EDR,935,950,ACTIVE
E001-T000838,E001,E001-AS006,2026-08-14 21:00:00,EDR,967,950,ACTIVE
E001-T000839,E001,E001-AS006,2026-08-14 22:00:00,EDR,977,950,ACTIVE
E001-T000840,E001,E001-AS006,2026-08-14 23:00:00,EDR,935,950,ACTIVE
E001-T000841,E001,E001-AS006,2026-08-15 00:00:00,EDR,934,950,ACTIVE
E001-T000842,E001,E001-AS006,2026-08-15 01:00:00,EDR,1007,950,ACTIVE
E001-T000843,E001,E001-AS006,2026-08-15 02:00:00,EDR,978,950,ACTIVE
E001-T000844,E001,E001-AS006,2026-08-15 03:00:00,EDR,881,950,ACTIVE
E001-T000845,E001,E001-AS006,2026-08-15 04:00:00,EDR,946,950,ACTIVE
E001-T000846,E001,E001-AS006,2026-08-15 05:00:00,EDR,914,950,ACTIVE
E001-T000847,E001,E001-AS006,2026-08-15 06:00:00,EDR,930,950,ACTIVE
E001-T000848,E001,E001-AS006,2026-08-15 07:00:00,EDR,925,950,ACTIVE
E001-T000849,E001,E001-AS006,2026-08-15 08:00:00,EDR,994,950,ACTIVE
E001-T000850,E001,E001-AS006,2026-08-15 09:00:00,EDR,921,950,ACTIVE
E001-T000851,E001,E001-AS006,2026-08-15 10:00:00,EDR,1002,950,ACTIVE
E001-T000852,E001,E001-AS006,2026-08-15 11:00:00,EDR,1004,950,ACTIVE
E001-T000853,E001,E001-AS006,2026-08-15 12:00:00,EDR,978,950,ACTIVE
E001-T000854,E001,E001-AS006,2026-08-15 13:00:00,EDR,1021,950,ACTIVE
E001-T000855,E001,E001-AS006,2026-08-15 14:00:00,EDR,908,950,ACTIVE
E001-T000856,E001,E001-AS006,2026-08-15 15:00:00,EDR,919,950,ACTIVE
E001-T000857,E001,E001-AS006,2026-08-15 16:00:00,EDR,987,950,ACTIVE
E001-T000858,E001,E001-AS006,2026-08-15 17:00:00,EDR,991,950,ACTIVE
E001-T000859,E001,E001-AS006,2026-08-15 18:00:00,EDR,922,950,ACTIVE
E001-T000860,E001,E001-AS006,2026-08-15 19:00:00,EDR,984,950,ACTIVE
E001-T000861,E001,E001-AS006,2026-08-15 20:00:00,EDR,965,950,ACTIVE
E001-T000862,E001,E001-AS006,2026-08-15 21:00:00,EDR,887,950,ACTIVE
E001-T000863,E001,E001-AS006,2026-08-15 22:00:00,EDR,941,950,ACTIVE
E001-T000864,E001,E001-AS006,2026-08-15 23:00:00,EDR,1012,950,ACTIVE
E001-T000865,E001,E001-AS007,2026-08-10 00:00:00,EDR,935,950,ACTIVE
E001-T000866,E001,E001-AS007,2026-08-10 01:00:00,EDR,947,950,ACTIVE
E001-T000867,E001,E001-AS007,2026-08-10 02:00:00,EDR,952,950,ACTIVE
E001-T000868,E001,E001-AS007,2026-08-10 03:00:00,EDR,930,950,ACTIVE
E001-T000869,E001,E001-AS007,2026-08-10 04:00:00,EDR,882,950,ACTIVE
E001-T000870,E001,E001-AS007,2026-08-10 05:00:00,EDR,994,950,ACTIVE
E001-T000871,E001,E001-AS007,2026-08-10 06:00:00,EDR,883,950,ACTIVE
E001-T000872,E001,E001-AS007,2026-08-10 07:00:00,EDR,981,950,ACTIVE
E001-T000873,E001,E001-AS007,2026-08-10 08:00:00,EDR,935,950,ACTIVE
E001-T000874,E001,E001-AS007,2026-08-10 09:00:00,EDR,992,950,ACTIVE
E001-T000875,E001,E001-AS007,2026-08-10 10:00:00,EDR,953,950,ACTIVE
E001-T000876,E001,E001-AS007,2026-08-10 11:00:00,EDR,960,950,ACTIVE
E001-T000877,E001,E001-AS007,2026-08-10 12:00:00,EDR,900,950,ACTIVE
E001-T000878,E001,E001-AS007,2026-08-10 13:00:00,EDR,1007,950,ACTIVE
E001-T000879,E001,E001-AS007,2026-08-10 14:00:00,EDR,904,950,ACTIVE
E001-T000880,E001,E001-AS007,2026-08-10 15:00:00,EDR,882,950,ACTIVE
E001-T000881,E001,E001-AS007,2026-08-10 16:00:00,EDR,879,950,ACTIVE
E001-T000882,E001,E001-AS007,2026-08-10 17:00:00,EDR,881,950,ACTIVE
E001-T000883,E001,E001-AS007,2026-08-10 18:00:00,EDR,928,950,ACTIVE
E001-T000884,E001,E001-AS007,2026-08-10 19:00:00,EDR,904,950,ACTIVE
E001-T000885,E001,E001-AS007,2026-08-10 20:00:00,EDR,929,950,ACTIVE
E001-T000886,E001,E001-AS007,2026-08-10 21:00:00,EDR,944,950,ACTIVE
E001-T000887,E001,E001-AS007,2026-08-10 22:00:00,EDR,934,950,ACTIVE
E001-T000888,E001,E001-AS007,2026-08-10 23:00:00,EDR,1014,950,ACTIVE
E001-T000889,E001,E001-AS007,2026-08-11 00:00:00,EDR,977,950,ACTIVE
E001-T000890,E001,E001-AS007,2026-08-11 01:00:00,EDR,910,950,ACTIVE
E001-T000891,E001,E001-AS007,2026-08-11 02:00:00,EDR,948,950,ACTIVE
E001-T000892,E001,E001-AS007,2026-08-11 03:00:00,EDR,941,950,ACTIVE
E001-T000893,E001,E001-AS007,2026-08-11 04:00:00,EDR,1019,950,ACTIVE
E001-T000894,E001,E001-AS007,2026-08-11 05:00:00,EDR,946,950,ACTIVE
E001-T000895,E001,E001-AS007,2026-08-11 06:00:00,EDR,957,950,ACTIVE
E001-T000896,E001,E001-AS007,2026-08-11 07:00:00,EDR,926,950,ACTIVE
E001-T000897,E001,E001-AS007,2026-08-11 08:00:00,EDR,1001,950,ACTIVE
E001-T000898,E001,E001-AS007,2026-08-11 09:00:00,EDR,913,950,ACTIVE
E001-T000899,E001,E001-AS007,2026-08-11 10:00:00,EDR,1000,950,ACTIVE
E001-T000900,E001,E001-AS007,2026-08-11 11:00:00,EDR,887,950,ACTIVE
E001-T000901,E001,E001-AS007,2026-08-11 12:00:00,EDR,878,950,ACTIVE
E001-T000902,E001,E001-AS007,2026-08-11 13:00:00,EDR,881,950,ACTIVE
E001-T000903,E001,E001-AS007,2026-08-11 14:00:00,EDR,1003,950,ACTIVE
E001-T000904,E001,E001-AS007,2026-08-11 15:00:00,EDR,992,950,ACTIVE
E001-T000905,E001,E001-AS007,2026-08-11 16:00:00,EDR,906,950,ACTIVE
E001-T000906,E001,E001-AS007,2026-08-11 17:00:00,EDR,907,950,ACTIVE
E001-T000907,E001,E001-AS007,2026-08-11 18:00:00,EDR,908,950,ACTIVE
E001-T000908,E001,E001-AS007,2026-08-11 19:00:00,EDR,905,950,ACTIVE
E001-T000909,E001,E001-AS007,2026-08-11 20:00:00,EDR,973,950,ACTIVE
E001-T000910,E001,E001-AS007,2026-08-11 21:00:00,EDR,952,950,ACTIVE
E001-T000911,E001,E001-AS007,2026-08-11 22:00:00,EDR,1005,950,ACTIVE
E001-T000912,E001,E001-AS007,2026-08-11 23:00:00,EDR,1021,950,ACTIVE
E001-T000913,E001,E001-AS007,2026-08-12 00:00:00,EDR,977,950,ACTIVE
E001-T000914,E001,E001-AS007,2026-08-12 01:00:00,EDR,946,950,ACTIVE
E001-T000915,E001,E001-AS007,2026-08-12 02:00:00,EDR,894,950,ACTIVE
E001-T000916,E001,E001-AS007,2026-08-12 03:00:00,EDR,900,950,ACTIVE
E001-T000917,E001,E001-AS007,2026-08-12 04:00:00,EDR,995,950,ACTIVE
E001-T000918,E001,E001-AS007,2026-08-12 05:00:00,EDR,908,950,ACTIVE
E001-T000919,E001,E001-AS007,2026-08-12 06:00:00,EDR,966,950,ACTIVE
E001-T000920,E001,E001-AS007,2026-08-12 07:00:00,EDR,1017,950,ACTIVE
E001-T000921,E001,E001-AS007,2026-08-12 08:00:00,EDR,982,950,ACTIVE
E001-T000922,E001,E001-AS007,2026-08-12 09:00:00,EDR,981,950,ACTIVE
E001-T000923,E001,E001-AS007,2026-08-12 10:00:00,EDR,915,950,ACTIVE
E001-T000924,E001,E001-AS007,2026-08-12 11:00:00,EDR,1010,950,ACTIVE
E001-T000925,E001,E001-AS007,2026-08-12 12:00:00,EDR,1003,950,ACTIVE
E001-T000926,E001,E001-AS007,2026-08-12 13:00:00,EDR,943,950,ACTIVE
E001-T000927,E001,E001-AS007,2026-08-12 14:00:00,EDR,907,950,ACTIVE
E001-T000928,E001,E001-AS007,2026-08-12 15:00:00,EDR,919,950,ACTIVE
E001-T000929,E001,E001-AS007,2026-08-12 16:00:00,EDR,953,950,ACTIVE
E001-T000930,E001,E001-AS007,2026-08-12 17:00:00,EDR,968,950,ACTIVE
E001-T000931,E001,E001-AS007,2026-08-12 18:00:00,EDR,962,950,ACTIVE
E001-T000932,E001,E001-AS007,2026-08-12 19:00:00,EDR,875,950,ACTIVE
E001-T000933,E001,E001-AS007,2026-08-12 20:00:00,EDR,1025,950,ACTIVE
E001-T000934,E001,E001-AS007,2026-08-12 21:00:00,EDR,1020,950,ACTIVE
E001-T000935,E001,E001-AS007,2026-08-12 22:00:00,EDR,1001,950,ACTIVE
E001-T000936,E001,E001-AS007,2026-08-12 23:00:00,EDR,959,950,ACTIVE
E001-T000937,E001,E001-AS007,2026-08-13 00:00:00,EDR,964,950,ACTIVE
E001-T000938,E001,E001-AS007,2026-08-13 01:00:00,EDR,916,950,ACTIVE
E001-T000939,E001,E001-AS007,2026-08-13 02:00:00,EDR,978,950,ACTIVE
E001-T000940,E001,E001-AS007,2026-08-13 03:00:00,EDR,947,950,ACTIVE
E001-T000941,E001,E001-AS007,2026-08-13 04:00:00,EDR,925,950,ACTIVE
E001-T000942,E001,E001-AS007,2026-08-13 05:00:00,EDR,916,950,ACTIVE
E001-T000943,E001,E001-AS007,2026-08-13 06:00:00,EDR,923,950,ACTIVE
E001-T000944,E001,E001-AS007,2026-08-13 07:00:00,EDR,916,950,ACTIVE
E001-T000945,E001,E001-AS007,2026-08-13 08:00:00,EDR,973,950,ACTIVE
E001-T000946,E001,E001-AS007,2026-08-13 09:00:00,EDR,1018,950,ACTIVE
E001-T000947,E001,E001-AS007,2026-08-13 10:00:00,EDR,973,950,ACTIVE
E001-T000948,E001,E001-AS007,2026-08-13 11:00:00,EDR,902,950,ACTIVE
E001-T000949,E001,E001-AS007,2026-08-13 12:00:00,EDR,952,950,ACTIVE
E001-T000950,E001,E001-AS007,2026-08-13 13:00:00,EDR,910,950,ACTIVE
E001-T000951,E001,E001-AS007,2026-08-13 14:00:00,EDR,882,950,ACTIVE
E001-T000952,E001,E001-AS007,2026-08-13 15:00:00,EDR,1004,950,ACTIVE
E001-T000953,E001,E001-AS007,2026-08-13 16:00:00,EDR,997,950,ACTIVE
E001-T000954,E001,E001-AS007,2026-08-13 17:00:00,EDR,935,950,ACTIVE
E001-T000955,E001,E001-AS007,2026-08-13 18:00:00,EDR,922,950,ACTIVE
E001-T000956,E001,E001-AS007,2026-08-13 19:00:00,EDR,895,950,ACTIVE
E001-T000957,E001,E001-AS007,2026-08-13 20:00:00,EDR,877,950,ACTIVE
E001-T000958,E001,E001-AS007,2026-08-13 21:00:00,EDR,949,950,ACTIVE
E001-T000959,E001,E001-AS007,2026-08-13 22:00:00,EDR,918,950,ACTIVE
E001-T000960,E001,E001-AS007,2026-08-13 23:00:00,EDR,1011,950,ACTIVE
E001-T000961,E001,E001-AS007,2026-08-14 00:00:00,EDR,935,950,ACTIVE
E001-T000962,E001,E001-AS007,2026-08-14 01:00:00,EDR,985,950,ACTIVE
E001-T000963,E001,E001-AS007,2026-08-14 02:00:00,EDR,962,950,ACTIVE
E001-T000964,E001,E001-AS007,2026-08-14 03:00:00,EDR,1025,950,ACTIVE
E001-T000965,E001,E001-AS007,2026-08-14 04:00:00,EDR,998,950,ACTIVE
E001-T000966,E001,E001-AS007,2026-08-14 05:00:00,EDR,926,950,ACTIVE
E001-T000967,E001,E001-AS007,2026-08-14 06:00:00,EDR,982,950,ACTIVE
E001-T000968,E001,E001-AS007,2026-08-14 07:00:00,EDR,978,950,ACTIVE
E001-T000969,E001,E001-AS007,2026-08-14 08:00:00,EDR,971,950,ACTIVE
E001-T000970,E001,E001-AS007,2026-08-14 09:00:00,EDR,946,950,ACTIVE
E001-T000971,E001,E001-AS007,2026-08-14 10:00:00,EDR,1016,950,ACTIVE
E001-T000972,E001,E001-AS007,2026-08-14 11:00:00,EDR,928,950,ACTIVE
E001-T000973,E001,E001-AS007,2026-08-14 12:00:00,EDR,919,950,ACTIVE
E001-T000974,E001,E001-AS007,2026-08-14 13:00:00,EDR,899,950,ACTIVE
E001-T000975,E001,E001-AS007,2026-08-14 14:00:00,EDR,973,950,ACTIVE
E001-T000976,E001,E001-AS007,2026-08-14 15:00:00,EDR,958,950,ACTIVE
E001-T000977,E001,E001-AS007,2026-08-14 16:00:00,EDR,918,950,ACTIVE
E001-T000978,E001,E001-AS007,2026-08-14 17:00:00,EDR,945,950,ACTIVE
E001-T000979,E001,E001-AS007,2026-08-14 18:00:00,EDR,986,950,ACTIVE
E001-T000980,E001,E001-AS007,2026-08-14 19:00:00,EDR,984,950,ACTIVE
E001-T000981,E001,E001-AS007,2026-08-14 20:00:00,EDR,958,950,ACTIVE
E001-T000982,E001,E001-AS007,2026-08-14 21:00:00,EDR,1012,950,ACTIVE
E001-T000983,E001,E001-AS007,2026-08-14 22:00:00,EDR,1017,950,ACTIVE
E001-T000984,E001,E001-AS007,2026-08-14 23:00:00,EDR,1010,950,ACTIVE
E001-T000985,E001,E001-AS007,2026-08-15 00:00:00,EDR,973,950,ACTIVE
E001-T000986,E001,E001-AS007,2026-08-15 01:00:00,EDR,907,950,ACTIVE
E001-T000987,E001,E001-AS007,2026-08-15 02:00:00,EDR,907,950,ACTIVE
E001-T000988,E001,E001-AS007,2026-08-15 03:00:00,EDR,1006,950,ACTIVE
E001-T000989,E001,E001-AS007,2026-08-15 04:00:00,EDR,937,950,ACTIVE
E001-T000990,E001,E001-AS007,2026-08-15 05:00:00,EDR,1008,950,ACTIVE
E001-T000991,E001,E001-AS007,2026-08-15 06:00:00,EDR,930,950,ACTIVE
E001-T000992,E001,E001-AS007,2026-08-15 07:00:00,EDR,963,950,ACTIVE
E001-T000993,E001,E001-AS007,2026-08-15 08:00:00,EDR,944,950,ACTIVE
E001-T000994,E001,E001-AS007,2026-08-15 09:00:00,EDR,891,950,ACTIVE
E001-T000995,E001,E001-AS007,2026-08-15 10:00:00,EDR,882,950,ACTIVE
E001-T000996,E001,E001-AS007,2026-08-15 11:00:00,EDR,970,950,ACTIVE
E001-T000997,E001,E001-AS007,2026-08-15 12:00:00,EDR,962,950,ACTIVE
E001-T000998,E001,E001-AS007,2026-08-15 13:00:00,EDR,968,950,ACTIVE
E001-T000999,E001,E001-AS007,2026-08-15 14:00:00,EDR,945,950,ACTIVE
E001-T001000,E001,E001-AS007,2026-08-15 15:00:00,EDR,903,950,ACTIVE
E001-T001001,E001,E001-AS007,2026-08-15 16:00:00,EDR,892,950,ACTIVE
E001-T001002,E001,E001-AS007,2026-08-15 17:00:00,EDR,977,950,ACTIVE
E001-T001003,E001,E001-AS007,2026-08-15 18:00:00,EDR,954,950,ACTIVE
E001-T001004,E001,E001-AS007,2026-08-15 19:00:00,EDR,936,950,ACTIVE
E001-T001005,E001,E001-AS007,2026-08-15 20:00:00,EDR,1006,950,ACTIVE
E001-T001006,E001,E001-AS007,2026-08-15 21:00:00,EDR,896,950,ACTIVE
E001-T001007,E001,E001-AS007,2026-08-15 22:00:00,EDR,1024,950,ACTIVE
E001-T001008,E001,E001-AS007,2026-08-15 23:00:00,EDR,926,950,ACTIVE
E001-T001009,E001,E001-AS008,2026-08-10 00:00:00,FIREWALL,2371,2200,ACTIVE
E001-T001010,E001,E001-AS008,2026-08-10 01:00:00,FIREWALL,2338,2200,ACTIVE
E001-T001011,E001,E001-AS008,2026-08-10 02:00:00,FIREWALL,2371,2200,ACTIVE
E001-T001012,E001,E001-AS008,2026-08-10 03:00:00,FIREWALL,2074,2200,ACTIVE
E001-T001013,E001,E001-AS008,2026-08-10 04:00:00,FIREWALL,2327,2200,ACTIVE
E001-T001014,E001,E001-AS008,2026-08-10 05:00:00,FIREWALL,2087,2200,ACTIVE
E001-T001015,E001,E001-AS008,2026-08-10 06:00:00,FIREWALL,2052,2200,ACTIVE
E001-T001016,E001,E001-AS008,2026-08-10 07:00:00,FIREWALL,2141,2200,ACTIVE
E001-T001017,E001,E001-AS008,2026-08-10 08:00:00,FIREWALL,2371,2200,ACTIVE
E001-T001018,E001,E001-AS008,2026-08-10 09:00:00,FIREWALL,2134,2200,ACTIVE
E001-T001019,E001,E001-AS008,2026-08-10 10:00:00,FIREWALL,2044,2200,ACTIVE
E001-T001020,E001,E001-AS008,2026-08-10 11:00:00,FIREWALL,2183,2200,ACTIVE
E001-T001021,E001,E001-AS008,2026-08-10 12:00:00,FIREWALL,2097,2200,ACTIVE
E001-T001022,E001,E001-AS008,2026-08-10 13:00:00,FIREWALL,2296,2200,ACTIVE
E001-T001023,E001,E001-AS008,2026-08-10 14:00:00,FIREWALL,2226,2200,ACTIVE
E001-T001024,E001,E001-AS008,2026-08-10 15:00:00,FIREWALL,2079,2200,ACTIVE
E001-T001025,E001,E001-AS008,2026-08-10 16:00:00,FIREWALL,2300,2200,ACTIVE
E001-T001026,E001,E001-AS008,2026-08-10 17:00:00,FIREWALL,2298,2200,ACTIVE
E001-T001027,E001,E001-AS008,2026-08-10 18:00:00,FIREWALL,2069,2200,ACTIVE
E001-T001028,E001,E001-AS008,2026-08-10 19:00:00,FIREWALL,2176,2200,ACTIVE
E001-T001029,E001,E001-AS008,2026-08-10 20:00:00,FIREWALL,2175,2200,ACTIVE
E001-T001030,E001,E001-AS008,2026-08-10 21:00:00,FIREWALL,2175,2200,ACTIVE
E001-T001031,E001,E001-AS008,2026-08-10 22:00:00,FIREWALL,2192,2200,ACTIVE
E001-T001032,E001,E001-AS008,2026-08-10 23:00:00,FIREWALL,2025,2200,ACTIVE
E001-T001033,E001,E001-AS008,2026-08-11 00:00:00,FIREWALL,2211,2200,ACTIVE
E001-T001034,E001,E001-AS008,2026-08-11 01:00:00,FIREWALL,2281,2200,ACTIVE
E001-T001035,E001,E001-AS008,2026-08-11 02:00:00,FIREWALL,2358,2200,ACTIVE
E001-T001036,E001,E001-AS008,2026-08-11 03:00:00,FIREWALL,2337,2200,ACTIVE
E001-T001037,E001,E001-AS008,2026-08-11 04:00:00,FIREWALL,2290,2200,ACTIVE
E001-T001038,E001,E001-AS008,2026-08-11 05:00:00,FIREWALL,2210,2200,ACTIVE
E001-T001039,E001,E001-AS008,2026-08-11 06:00:00,FIREWALL,2030,2200,ACTIVE
E001-T001040,E001,E001-AS008,2026-08-11 07:00:00,FIREWALL,2025,2200,ACTIVE
E001-T001041,E001,E001-AS008,2026-08-11 08:00:00,FIREWALL,2282,2200,ACTIVE
E001-T001042,E001,E001-AS008,2026-08-11 09:00:00,FIREWALL,2103,2200,ACTIVE
E001-T001043,E001,E001-AS008,2026-08-11 10:00:00,FIREWALL,2332,2200,ACTIVE
E001-T001044,E001,E001-AS008,2026-08-11 11:00:00,FIREWALL,2133,2200,ACTIVE
E001-T001045,E001,E001-AS008,2026-08-11 12:00:00,FIREWALL,2060,2200,ACTIVE
E001-T001046,E001,E001-AS008,2026-08-11 13:00:00,FIREWALL,2201,2200,ACTIVE
E001-T001047,E001,E001-AS008,2026-08-11 14:00:00,FIREWALL,2131,2200,ACTIVE
E001-T001048,E001,E001-AS008,2026-08-11 15:00:00,FIREWALL,2046,2200,ACTIVE
E001-T001049,E001,E001-AS008,2026-08-11 16:00:00,FIREWALL,2040,2200,ACTIVE
E001-T001050,E001,E001-AS008,2026-08-11 17:00:00,FIREWALL,2357,2200,ACTIVE
E001-T001051,E001,E001-AS008,2026-08-11 18:00:00,FIREWALL,2184,2200,ACTIVE
E001-T001052,E001,E001-AS008,2026-08-11 19:00:00,FIREWALL,2207,2200,ACTIVE
E001-T001053,E001,E001-AS008,2026-08-11 20:00:00,FIREWALL,2208,2200,ACTIVE
E001-T001054,E001,E001-AS008,2026-08-11 21:00:00,FIREWALL,2176,2200,ACTIVE
E001-T001055,E001,E001-AS008,2026-08-11 22:00:00,FIREWALL,2265,2200,ACTIVE
E001-T001056,E001,E001-AS008,2026-08-11 23:00:00,FIREWALL,2071,2200,ACTIVE
E001-T001057,E001,E001-AS008,2026-08-12 00:00:00,FIREWALL,2374,2200,ACTIVE
E001-T001058,E001,E001-AS008,2026-08-12 01:00:00,FIREWALL,2196,2200,ACTIVE
E001-T001059,E001,E001-AS008,2026-08-12 02:00:00,FIREWALL,2288,2200,ACTIVE
E001-T001060,E001,E001-AS008,2026-08-12 03:00:00,FIREWALL,2082,2200,ACTIVE
E001-T001061,E001,E001-AS008,2026-08-12 04:00:00,FIREWALL,2343,2200,ACTIVE
E001-T001062,E001,E001-AS008,2026-08-12 05:00:00,FIREWALL,2309,2200,ACTIVE
E001-T001063,E001,E001-AS008,2026-08-12 06:00:00,FIREWALL,2030,2200,ACTIVE
E001-T001064,E001,E001-AS008,2026-08-12 07:00:00,FIREWALL,2102,2200,ACTIVE
E001-T001065,E001,E001-AS008,2026-08-12 08:00:00,FIREWALL,2370,2200,ACTIVE
E001-T001066,E001,E001-AS008,2026-08-12 09:00:00,FIREWALL,2098,2200,ACTIVE
E001-T001067,E001,E001-AS008,2026-08-12 10:00:00,FIREWALL,2031,2200,ACTIVE
E001-T001068,E001,E001-AS008,2026-08-12 11:00:00,FIREWALL,2201,2200,ACTIVE
E001-T001069,E001,E001-AS008,2026-08-12 12:00:00,FIREWALL,2067,2200,ACTIVE
E001-T001070,E001,E001-AS008,2026-08-12 13:00:00,FIREWALL,2274,2200,ACTIVE
E001-T001071,E001,E001-AS008,2026-08-12 14:00:00,FIREWALL,2302,2200,ACTIVE
E001-T001072,E001,E001-AS008,2026-08-12 15:00:00,FIREWALL,2156,2200,ACTIVE
E001-T001073,E001,E001-AS008,2026-08-12 16:00:00,FIREWALL,2249,2200,ACTIVE
E001-T001074,E001,E001-AS008,2026-08-12 17:00:00,FIREWALL,2295,2200,ACTIVE
E001-T001075,E001,E001-AS008,2026-08-12 18:00:00,FIREWALL,2243,2200,ACTIVE
E001-T001076,E001,E001-AS008,2026-08-12 19:00:00,FIREWALL,2233,2200,ACTIVE
E001-T001077,E001,E001-AS008,2026-08-12 20:00:00,FIREWALL,2040,2200,ACTIVE
E001-T001078,E001,E001-AS008,2026-08-12 21:00:00,FIREWALL,2062,2200,ACTIVE
E001-T001079,E001,E001-AS008,2026-08-12 22:00:00,FIREWALL,2318,2200,ACTIVE
E001-T001080,E001,E001-AS008,2026-08-12 23:00:00,FIREWALL,2040,2200,ACTIVE
E001-T001081,E001,E001-AS008,2026-08-13 00:00:00,FIREWALL,2064,2200,ACTIVE
E001-T001082,E001,E001-AS008,2026-08-13 01:00:00,FIREWALL,2180,2200,ACTIVE
E001-T001083,E001,E001-AS008,2026-08-13 02:00:00,FIREWALL,2067,2200,ACTIVE
E001-T001084,E001,E001-AS008,2026-08-13 03:00:00,FIREWALL,2112,2200,ACTIVE
E001-T001085,E001,E001-AS008,2026-08-13 04:00:00,FIREWALL,2271,2200,ACTIVE
E001-T001086,E001,E001-AS008,2026-08-13 05:00:00,FIREWALL,2096,2200,ACTIVE
E001-T001087,E001,E001-AS008,2026-08-13 06:00:00,FIREWALL,2265,2200,ACTIVE
E001-T001088,E001,E001-AS008,2026-08-13 07:00:00,FIREWALL,2027,2200,ACTIVE
E001-T001089,E001,E001-AS008,2026-08-13 08:00:00,FIREWALL,2172,2200,ACTIVE
E001-T001090,E001,E001-AS008,2026-08-13 09:00:00,FIREWALL,2059,2200,ACTIVE
E001-T001091,E001,E001-AS008,2026-08-13 10:00:00,FIREWALL,2207,2200,ACTIVE
E001-T001092,E001,E001-AS008,2026-08-13 11:00:00,FIREWALL,2243,2200,ACTIVE
E001-T001093,E001,E001-AS008,2026-08-13 12:00:00,FIREWALL,2270,2200,ACTIVE
E001-T001094,E001,E001-AS008,2026-08-13 13:00:00,FIREWALL,2171,2200,ACTIVE
E001-T001095,E001,E001-AS008,2026-08-13 14:00:00,FIREWALL,2340,2200,ACTIVE
E001-T001096,E001,E001-AS008,2026-08-13 15:00:00,FIREWALL,2204,2200,ACTIVE
E001-T001097,E001,E001-AS008,2026-08-13 16:00:00,FIREWALL,2241,2200,ACTIVE
E001-T001098,E001,E001-AS008,2026-08-13 17:00:00,FIREWALL,2123,2200,ACTIVE
E001-T001099,E001,E001-AS008,2026-08-13 18:00:00,FIREWALL,2300,2200,ACTIVE
E001-T001100,E001,E001-AS008,2026-08-13 19:00:00,FIREWALL,2199,2200,ACTIVE
E001-T001101,E001,E001-AS008,2026-08-13 20:00:00,FIREWALL,2238,2200,ACTIVE
E001-T001102,E001,E001-AS008,2026-08-13 21:00:00,FIREWALL,2297,2200,ACTIVE
E001-T001103,E001,E001-AS008,2026-08-13 22:00:00,FIREWALL,2316,2200,ACTIVE
E001-T001104,E001,E001-AS008,2026-08-13 23:00:00,FIREWALL,2366,2200,ACTIVE
E001-T001105,E001,E001-AS008,2026-08-14 00:00:00,FIREWALL,2149,2200,ACTIVE
E001-T001106,E001,E001-AS008,2026-08-14 01:00:00,FIREWALL,2168,2200,ACTIVE
E001-T001107,E001,E001-AS008,2026-08-14 02:00:00,FIREWALL,2080,2200,ACTIVE
E001-T001108,E001,E001-AS008,2026-08-14 03:00:00,FIREWALL,2216,2200,ACTIVE
E001-T001109,E001,E001-AS008,2026-08-14 04:00:00,FIREWALL,2344,2200,ACTIVE
E001-T001110,E001,E001-AS008,2026-08-14 05:00:00,FIREWALL,2266,2200,ACTIVE
E001-T001111,E001,E001-AS008,2026-08-14 06:00:00,FIREWALL,2193,2200,ACTIVE
E001-T001112,E001,E001-AS008,2026-08-14 07:00:00,FIREWALL,2106,2200,ACTIVE
E001-T001113,E001,E001-AS008,2026-08-14 08:00:00,FIREWALL,2028,2200,ACTIVE
E001-T001114,E001,E001-AS008,2026-08-14 09:00:00,FIREWALL,2055,2200,ACTIVE
E001-T001115,E001,E001-AS008,2026-08-14 10:00:00,FIREWALL,2062,2200,ACTIVE
E001-T001116,E001,E001-AS008,2026-08-14 11:00:00,FIREWALL,2226,2200,ACTIVE
E001-T001117,E001,E001-AS008,2026-08-14 12:00:00,FIREWALL,2197,2200,ACTIVE
E001-T001118,E001,E001-AS008,2026-08-14 13:00:00,FIREWALL,2358,2200,ACTIVE
E001-T001119,E001,E001-AS008,2026-08-14 14:00:00,FIREWALL,2298,2200,ACTIVE
E001-T001120,E001,E001-AS008,2026-08-14 15:00:00,FIREWALL,2050,2200,ACTIVE
E001-T001121,E001,E001-AS008,2026-08-14 16:00:00,FIREWALL,2278,2200,ACTIVE
E001-T001122,E001,E001-AS008,2026-08-14 17:00:00,FIREWALL,2342,2200,ACTIVE
E001-T001123,E001,E001-AS008,2026-08-14 18:00:00,FIREWALL,2250,2200,ACTIVE
E001-T001124,E001,E001-AS008,2026-08-14 19:00:00,FIREWALL,2184,2200,ACTIVE
E001-T001125,E001,E001-AS008,2026-08-14 20:00:00,FIREWALL,2368,2200,ACTIVE
E001-T001126,E001,E001-AS008,2026-08-14 21:00:00,FIREWALL,2116,2200,ACTIVE
E001-T001127,E001,E001-AS008,2026-08-14 22:00:00,FIREWALL,2041,2200,ACTIVE
E001-T001128,E001,E001-AS008,2026-08-14 23:00:00,FIREWALL,2310,2200,ACTIVE
E001-T001129,E001,E001-AS008,2026-08-15 00:00:00,FIREWALL,2331,2200,ACTIVE
E001-T001130,E001,E001-AS008,2026-08-15 01:00:00,FIREWALL,2323,2200,ACTIVE
E001-T001131,E001,E001-AS008,2026-08-15 02:00:00,FIREWALL,2150,2200,ACTIVE
E001-T001132,E001,E001-AS008,2026-08-15 03:00:00,FIREWALL,2262,2200,ACTIVE
E001-T001133,E001,E001-AS008,2026-08-15 04:00:00,FIREWALL,2173,2200,ACTIVE
E001-T001134,E001,E001-AS008,2026-08-15 05:00:00,FIREWALL,2064,2200,ACTIVE
E001-T001135,E001,E001-AS008,2026-08-15 06:00:00,FIREWALL,2323,2200,ACTIVE
E001-T001136,E001,E001-AS008,2026-08-15 07:00:00,FIREWALL,2337,2200,ACTIVE
E001-T001137,E001,E001-AS008,2026-08-15 08:00:00,FIREWALL,2027,2200,ACTIVE
E001-T001138,E001,E001-AS008,2026-08-15 09:00:00,FIREWALL,2072,2200,ACTIVE
E001-T001139,E001,E001-AS008,2026-08-15 10:00:00,FIREWALL,2251,2200,ACTIVE
E001-T001140,E001,E001-AS008,2026-08-15 11:00:00,FIREWALL,2139,2200,ACTIVE
E001-T001141,E001,E001-AS008,2026-08-15 12:00:00,FIREWALL,2338,2200,ACTIVE
E001-T001142,E001,E001-AS008,2026-08-15 13:00:00,FIREWALL,2360,2200,ACTIVE
E001-T001143,E001,E001-AS008,2026-08-15 14:00:00,FIREWALL,2118,2200,ACTIVE
E001-T001144,E001,E001-AS008,2026-08-15 15:00:00,FIREWALL,2282,2200,ACTIVE
E001-T001145,E001,E001-AS008,2026-08-15 16:00:00,FIREWALL,2155,2200,ACTIVE
E001-T001146,E001,E001-AS008,2026-08-15 17:00:00,FIREWALL,2144,2200,ACTIVE
E001-T001147,E001,E001-AS008,2026-08-15 18:00:00,FIREWALL,2064,2200,ACTIVE
E001-T001148,E001,E001-AS008,2026-08-15 19:00:00,FIREWALL,2164,2200,ACTIVE
E001-T001149,E001,E001-AS008,2026-08-15 20:00:00,FIREWALL,2184,2200,ACTIVE
E001-T001150,E001,E001-AS008,2026-08-15 21:00:00,FIREWALL,2318,2200,ACTIVE
E001-T001151,E001,E001-AS008,2026-08-15 22:00:00,FIREWALL,2266,2200,ACTIVE
E001-T001152,E001,E001-AS008,2026-08-15 23:00:00,FIREWALL,2192,2200,ACTIVE
E001-T001153,E001,E001-AS009,2026-08-10 00:00:00,FIREWALL,2172,2200,ACTIVE
E001-T001154,E001,E001-AS009,2026-08-10 01:00:00,FIREWALL,2335,2200,ACTIVE
E001-T001155,E001,E001-AS009,2026-08-10 02:00:00,FIREWALL,2082,2200,ACTIVE
E001-T001156,E001,E001-AS009,2026-08-10 03:00:00,FIREWALL,2070,2200,ACTIVE
E001-T001157,E001,E001-AS009,2026-08-10 04:00:00,FIREWALL,2279,2200,ACTIVE
E001-T001158,E001,E001-AS009,2026-08-10 05:00:00,FIREWALL,2369,2200,ACTIVE
E001-T001159,E001,E001-AS009,2026-08-10 06:00:00,FIREWALL,2321,2200,ACTIVE
E001-T001160,E001,E001-AS009,2026-08-10 07:00:00,FIREWALL,2060,2200,ACTIVE
E001-T001161,E001,E001-AS009,2026-08-10 08:00:00,FIREWALL,2344,2200,ACTIVE
E001-T001162,E001,E001-AS009,2026-08-10 09:00:00,FIREWALL,2193,2200,ACTIVE
E001-T001163,E001,E001-AS009,2026-08-10 10:00:00,FIREWALL,2224,2200,ACTIVE
E001-T001164,E001,E001-AS009,2026-08-10 11:00:00,FIREWALL,2178,2200,ACTIVE
E001-T001165,E001,E001-AS009,2026-08-10 12:00:00,FIREWALL,2239,2200,ACTIVE
E001-T001166,E001,E001-AS009,2026-08-10 13:00:00,FIREWALL,2298,2200,ACTIVE
E001-T001167,E001,E001-AS009,2026-08-10 14:00:00,FIREWALL,2239,2200,ACTIVE
E001-T001168,E001,E001-AS009,2026-08-10 15:00:00,FIREWALL,2327,2200,ACTIVE
E001-T001169,E001,E001-AS009,2026-08-10 16:00:00,FIREWALL,2333,2200,ACTIVE
E001-T001170,E001,E001-AS009,2026-08-10 17:00:00,FIREWALL,2280,2200,ACTIVE
E001-T001171,E001,E001-AS009,2026-08-10 18:00:00,FIREWALL,2337,2200,ACTIVE
E001-T001172,E001,E001-AS009,2026-08-10 19:00:00,FIREWALL,2194,2200,ACTIVE
E001-T001173,E001,E001-AS009,2026-08-10 20:00:00,FIREWALL,2195,2200,ACTIVE
E001-T001174,E001,E001-AS009,2026-08-10 21:00:00,FIREWALL,2336,2200,ACTIVE
E001-T001175,E001,E001-AS009,2026-08-10 22:00:00,FIREWALL,2179,2200,ACTIVE
E001-T001176,E001,E001-AS009,2026-08-10 23:00:00,FIREWALL,2046,2200,ACTIVE
E001-T001177,E001,E001-AS009,2026-08-11 00:00:00,FIREWALL,2254,2200,ACTIVE
E001-T001178,E001,E001-AS009,2026-08-11 01:00:00,FIREWALL,2028,2200,ACTIVE
E001-T001179,E001,E001-AS009,2026-08-11 02:00:00,FIREWALL,2329,2200,ACTIVE
E001-T001180,E001,E001-AS009,2026-08-11 03:00:00,FIREWALL,2208,2200,ACTIVE
E001-T001181,E001,E001-AS009,2026-08-11 04:00:00,FIREWALL,2285,2200,ACTIVE
E001-T001182,E001,E001-AS009,2026-08-11 05:00:00,FIREWALL,2278,2200,ACTIVE
E001-T001183,E001,E001-AS009,2026-08-11 06:00:00,FIREWALL,2102,2200,ACTIVE
E001-T001184,E001,E001-AS009,2026-08-11 07:00:00,FIREWALL,2360,2200,ACTIVE
E001-T001185,E001,E001-AS009,2026-08-11 08:00:00,FIREWALL,2331,2200,ACTIVE
E001-T001186,E001,E001-AS009,2026-08-11 09:00:00,FIREWALL,2206,2200,ACTIVE
E001-T001187,E001,E001-AS009,2026-08-11 10:00:00,FIREWALL,2266,2200,ACTIVE
E001-T001188,E001,E001-AS009,2026-08-11 11:00:00,FIREWALL,2241,2200,ACTIVE
E001-T001189,E001,E001-AS009,2026-08-11 12:00:00,FIREWALL,2176,2200,ACTIVE
E001-T001190,E001,E001-AS009,2026-08-11 13:00:00,FIREWALL,2279,2200,ACTIVE
E001-T001191,E001,E001-AS009,2026-08-11 14:00:00,FIREWALL,2193,2200,ACTIVE
E001-T001192,E001,E001-AS009,2026-08-11 15:00:00,FIREWALL,2257,2200,ACTIVE
E001-T001193,E001,E001-AS009,2026-08-11 16:00:00,FIREWALL,2249,2200,ACTIVE
E001-T001194,E001,E001-AS009,2026-08-11 17:00:00,FIREWALL,2076,2200,ACTIVE
E001-T001195,E001,E001-AS009,2026-08-11 18:00:00,FIREWALL,2314,2200,ACTIVE
E001-T001196,E001,E001-AS009,2026-08-11 19:00:00,FIREWALL,2338,2200,ACTIVE
E001-T001197,E001,E001-AS009,2026-08-11 20:00:00,FIREWALL,2239,2200,ACTIVE
E001-T001198,E001,E001-AS009,2026-08-11 21:00:00,FIREWALL,2028,2200,ACTIVE
E001-T001199,E001,E001-AS009,2026-08-11 22:00:00,FIREWALL,2352,2200,ACTIVE
E001-T001200,E001,E001-AS009,2026-08-11 23:00:00,FIREWALL,2201,2200,ACTIVE
E001-T001201,E001,E001-AS009,2026-08-12 00:00:00,FIREWALL,2189,2200,ACTIVE
E001-T001202,E001,E001-AS009,2026-08-12 01:00:00,FIREWALL,2198,2200,ACTIVE
E001-T001203,E001,E001-AS009,2026-08-12 02:00:00,FIREWALL,2082,2200,ACTIVE
E001-T001204,E001,E001-AS009,2026-08-12 03:00:00,FIREWALL,2288,2200,ACTIVE
E001-T001205,E001,E001-AS009,2026-08-12 04:00:00,FIREWALL,2136,2200,ACTIVE
E001-T001206,E001,E001-AS009,2026-08-12 05:00:00,FIREWALL,2140,2200,ACTIVE
E001-T001207,E001,E001-AS009,2026-08-12 06:00:00,FIREWALL,2121,2200,ACTIVE
E001-T001208,E001,E001-AS009,2026-08-12 07:00:00,FIREWALL,2202,2200,ACTIVE
E001-T001209,E001,E001-AS009,2026-08-12 08:00:00,FIREWALL,2217,2200,ACTIVE
E001-T001210,E001,E001-AS009,2026-08-12 09:00:00,FIREWALL,2157,2200,ACTIVE
E001-T001211,E001,E001-AS009,2026-08-12 10:00:00,FIREWALL,2311,2200,ACTIVE
E001-T001212,E001,E001-AS009,2026-08-12 11:00:00,FIREWALL,2051,2200,ACTIVE
E001-T001213,E001,E001-AS009,2026-08-12 12:00:00,FIREWALL,2180,2200,ACTIVE
E001-T001214,E001,E001-AS009,2026-08-12 13:00:00,FIREWALL,2225,2200,ACTIVE
E001-T001215,E001,E001-AS009,2026-08-12 14:00:00,FIREWALL,2054,2200,ACTIVE
E001-T001216,E001,E001-AS009,2026-08-12 15:00:00,FIREWALL,2199,2200,ACTIVE
E001-T001217,E001,E001-AS009,2026-08-12 16:00:00,FIREWALL,2135,2200,ACTIVE
E001-T001218,E001,E001-AS009,2026-08-12 17:00:00,FIREWALL,2369,2200,ACTIVE
E001-T001219,E001,E001-AS009,2026-08-12 18:00:00,FIREWALL,2286,2200,ACTIVE
E001-T001220,E001,E001-AS009,2026-08-12 19:00:00,FIREWALL,2030,2200,ACTIVE
E001-T001221,E001,E001-AS009,2026-08-12 20:00:00,FIREWALL,2166,2200,ACTIVE
E001-T001222,E001,E001-AS009,2026-08-12 21:00:00,FIREWALL,2036,2200,ACTIVE
E001-T001223,E001,E001-AS009,2026-08-12 22:00:00,FIREWALL,2217,2200,ACTIVE
E001-T001224,E001,E001-AS009,2026-08-12 23:00:00,FIREWALL,2314,2200,ACTIVE
E001-T001225,E001,E001-AS009,2026-08-13 00:00:00,FIREWALL,2302,2200,ACTIVE
E001-T001226,E001,E001-AS009,2026-08-13 01:00:00,FIREWALL,2363,2200,ACTIVE
E001-T001227,E001,E001-AS009,2026-08-13 02:00:00,FIREWALL,2248,2200,ACTIVE
E001-T001228,E001,E001-AS009,2026-08-13 03:00:00,FIREWALL,2337,2200,ACTIVE
E001-T001229,E001,E001-AS009,2026-08-13 04:00:00,FIREWALL,2221,2200,ACTIVE
E001-T001230,E001,E001-AS009,2026-08-13 05:00:00,FIREWALL,2254,2200,ACTIVE
E001-T001231,E001,E001-AS009,2026-08-13 06:00:00,FIREWALL,2184,2200,ACTIVE
E001-T001232,E001,E001-AS009,2026-08-13 07:00:00,FIREWALL,2143,2200,ACTIVE
E001-T001233,E001,E001-AS009,2026-08-13 08:00:00,FIREWALL,2314,2200,ACTIVE
E001-T001234,E001,E001-AS009,2026-08-13 09:00:00,FIREWALL,2311,2200,ACTIVE
E001-T001235,E001,E001-AS009,2026-08-13 10:00:00,FIREWALL,2321,2200,ACTIVE
E001-T001236,E001,E001-AS009,2026-08-13 11:00:00,FIREWALL,2140,2200,ACTIVE
E001-T001237,E001,E001-AS009,2026-08-13 12:00:00,FIREWALL,2294,2200,ACTIVE
E001-T001238,E001,E001-AS009,2026-08-13 13:00:00,FIREWALL,2235,2200,ACTIVE
E001-T001239,E001,E001-AS009,2026-08-13 14:00:00,FIREWALL,2276,2200,ACTIVE
E001-T001240,E001,E001-AS009,2026-08-13 15:00:00,FIREWALL,2151,2200,ACTIVE
E001-T001241,E001,E001-AS009,2026-08-13 16:00:00,FIREWALL,2183,2200,ACTIVE
E001-T001242,E001,E001-AS009,2026-08-13 17:00:00,FIREWALL,2058,2200,ACTIVE
E001-T001243,E001,E001-AS009,2026-08-13 18:00:00,FIREWALL,2255,2200,ACTIVE
E001-T001244,E001,E001-AS009,2026-08-13 19:00:00,FIREWALL,2024,2200,ACTIVE
E001-T001245,E001,E001-AS009,2026-08-13 20:00:00,FIREWALL,2149,2200,ACTIVE
E001-T001246,E001,E001-AS009,2026-08-13 21:00:00,FIREWALL,2247,2200,ACTIVE
E001-T001247,E001,E001-AS009,2026-08-13 22:00:00,FIREWALL,2305,2200,ACTIVE
E001-T001248,E001,E001-AS009,2026-08-13 23:00:00,FIREWALL,2216,2200,ACTIVE
E001-T001249,E001,E001-AS009,2026-08-14 00:00:00,FIREWALL,2155,2200,ACTIVE
E001-T001250,E001,E001-AS009,2026-08-14 01:00:00,FIREWALL,2061,2200,ACTIVE
E001-T001251,E001,E001-AS009,2026-08-14 02:00:00,FIREWALL,2339,2200,ACTIVE
E001-T001252,E001,E001-AS009,2026-08-14 03:00:00,FIREWALL,2197,2200,ACTIVE
E001-T001253,E001,E001-AS009,2026-08-14 04:00:00,FIREWALL,2313,2200,ACTIVE
E001-T001254,E001,E001-AS009,2026-08-14 05:00:00,FIREWALL,2285,2200,ACTIVE
E001-T001255,E001,E001-AS009,2026-08-14 06:00:00,FIREWALL,2168,2200,ACTIVE
E001-T001256,E001,E001-AS009,2026-08-14 07:00:00,FIREWALL,2113,2200,ACTIVE
E001-T001257,E001,E001-AS009,2026-08-14 08:00:00,FIREWALL,2092,2200,ACTIVE
E001-T001258,E001,E001-AS009,2026-08-14 09:00:00,FIREWALL,2066,2200,ACTIVE
E001-T001259,E001,E001-AS009,2026-08-14 10:00:00,FIREWALL,2323,2200,ACTIVE
E001-T001260,E001,E001-AS009,2026-08-14 11:00:00,FIREWALL,2099,2200,ACTIVE
E001-T001261,E001,E001-AS009,2026-08-14 12:00:00,FIREWALL,2314,2200,ACTIVE
E001-T001262,E001,E001-AS009,2026-08-14 13:00:00,FIREWALL,2091,2200,ACTIVE
E001-T001263,E001,E001-AS009,2026-08-14 14:00:00,FIREWALL,2142,2200,ACTIVE
E001-T001264,E001,E001-AS009,2026-08-14 15:00:00,FIREWALL,2290,2200,ACTIVE
E001-T001265,E001,E001-AS009,2026-08-14 16:00:00,FIREWALL,2040,2200,ACTIVE
E001-T001266,E001,E001-AS009,2026-08-14 17:00:00,FIREWALL,2246,2200,ACTIVE
E001-T001267,E001,E001-AS009,2026-08-14 18:00:00,FIREWALL,2260,2200,ACTIVE
E001-T001268,E001,E001-AS009,2026-08-14 19:00:00,FIREWALL,2067,2200,ACTIVE
E001-T001269,E001,E001-AS009,2026-08-14 20:00:00,FIREWALL,2337,2200,ACTIVE
E001-T001270,E001,E001-AS009,2026-08-14 21:00:00,FIREWALL,2185,2200,ACTIVE
E001-T001271,E001,E001-AS009,2026-08-14 22:00:00,FIREWALL,2231,2200,ACTIVE
E001-T001272,E001,E001-AS009,2026-08-14 23:00:00,FIREWALL,2201,2200,ACTIVE
E001-T001273,E001,E001-AS009,2026-08-15 00:00:00,FIREWALL,2363,2200,ACTIVE
E001-T001274,E001,E001-AS009,2026-08-15 01:00:00,FIREWALL,2025,2200,ACTIVE
E001-T001275,E001,E001-AS009,2026-08-15 02:00:00,FIREWALL,2283,2200,ACTIVE
E001-T001276,E001,E001-AS009,2026-08-15 03:00:00,FIREWALL,2218,2200,ACTIVE
E001-T001277,E001,E001-AS009,2026-08-15 04:00:00,FIREWALL,2176,2200,ACTIVE
E001-T001278,E001,E001-AS009,2026-08-15 05:00:00,FIREWALL,2229,2200,ACTIVE
E001-T001279,E001,E001-AS009,2026-08-15 06:00:00,FIREWALL,2349,2200,ACTIVE
E001-T001280,E001,E001-AS009,2026-08-15 07:00:00,FIREWALL,2298,2200,ACTIVE
E001-T001281,E001,E001-AS009,2026-08-15 08:00:00,FIREWALL,2344,2200,ACTIVE
E001-T001282,E001,E001-AS009,2026-08-15 09:00:00,FIREWALL,2267,2200,ACTIVE
E001-T001283,E001,E001-AS009,2026-08-15 10:00:00,FIREWALL,2085,2200,ACTIVE
E001-T001284,E001,E001-AS009,2026-08-15 11:00:00,FIREWALL,2310,2200,ACTIVE
E001-T001285,E001,E001-AS009,2026-08-15 12:00:00,FIREWALL,2060,2200,ACTIVE
E001-T001286,E001,E001-AS009,2026-08-15 13:00:00,FIREWALL,2255,2200,ACTIVE
E001-T001287,E001,E001-AS009,2026-08-15 14:00:00,FIREWALL,2237,2200,ACTIVE
E001-T001288,E001,E001-AS009,2026-08-15 15:00:00,FIREWALL,2137,2200,ACTIVE
E001-T001289,E001,E001-AS009,2026-08-15 16:00:00,FIREWALL,2334,2200,ACTIVE
E001-T001290,E001,E001-AS009,2026-08-15 17:00:00,FIREWALL,2171,2200,ACTIVE
E001-T001291,E001,E001-AS009,2026-08-15 18:00:00,FIREWALL,2238,2200,ACTIVE
E001-T001292,E001,E001-AS009,2026-08-15 19:00:00,FIREWALL,2267,2200,ACTIVE
E001-T001293,E001,E001-AS009,2026-08-15 20:00:00,FIREWALL,2111,2200,ACTIVE
E001-T001294,E001,E001-AS009,2026-08-15 21:00:00,FIREWALL,2164,2200,ACTIVE
E001-T001295,E001,E001-AS009,2026-08-15 22:00:00,FIREWALL,2144,2200,ACTIVE
E001-T001296,E001,E001-AS009,2026-08-15 23:00:00,FIREWALL,2127,2200,ACTIVE
E001-T001297,E001,E001-AS010,2026-08-10 00:00:00,EDR,996,950,ACTIVE
E001-T001298,E001,E001-AS010,2026-08-10 01:00:00,EDR,895,950,ACTIVE
E001-T001299,E001,E001-AS010,2026-08-10 02:00:00,EDR,965,950,ACTIVE
E001-T001300,E001,E001-AS010,2026-08-10 03:00:00,EDR,1008,950,ACTIVE
E001-T001301,E001,E001-AS010,2026-08-10 04:00:00,EDR,951,950,ACTIVE
E001-T001302,E001,E001-AS010,2026-08-10 05:00:00,EDR,1002,950,ACTIVE
E001-T001303,E001,E001-AS010,2026-08-10 06:00:00,EDR,957,950,ACTIVE
E001-T001304,E001,E001-AS010,2026-08-10 07:00:00,EDR,921,950,ACTIVE
E001-T001305,E001,E001-AS010,2026-08-10 08:00:00,EDR,985,950,ACTIVE
E001-T001306,E001,E001-AS010,2026-08-10 09:00:00,EDR,958,950,ACTIVE
E001-T001307,E001,E001-AS010,2026-08-10 10:00:00,EDR,907,950,ACTIVE
E001-T001308,E001,E001-AS010,2026-08-10 11:00:00,EDR,905,950,ACTIVE
E001-T001309,E001,E001-AS010,2026-08-10 12:00:00,EDR,982,950,ACTIVE
E001-T001310,E001,E001-AS010,2026-08-10 13:00:00,EDR,978,950,ACTIVE
E001-T001311,E001,E001-AS010,2026-08-10 14:00:00,EDR,1014,950,ACTIVE
E001-T001312,E001,E001-AS010,2026-08-10 15:00:00,EDR,894,950,ACTIVE
E001-T001313,E001,E001-AS010,2026-08-10 16:00:00,EDR,981,950,ACTIVE
E001-T001314,E001,E001-AS010,2026-08-10 17:00:00,EDR,1022,950,ACTIVE
E001-T001315,E001,E001-AS010,2026-08-10 18:00:00,EDR,901,950,ACTIVE
E001-T001316,E001,E001-AS010,2026-08-10 19:00:00,EDR,956,950,ACTIVE
E001-T001317,E001,E001-AS010,2026-08-10 20:00:00,EDR,970,950,ACTIVE
E001-T001318,E001,E001-AS010,2026-08-10 21:00:00,EDR,981,950,ACTIVE
E001-T001319,E001,E001-AS010,2026-08-10 22:00:00,EDR,989,950,ACTIVE
E001-T001320,E001,E001-AS010,2026-08-10 23:00:00,EDR,959,950,ACTIVE
E001-T001321,E001,E001-AS010,2026-08-11 00:00:00,EDR,962,950,ACTIVE
E001-T001322,E001,E001-AS010,2026-08-11 01:00:00,EDR,1017,950,ACTIVE
E001-T001323,E001,E001-AS010,2026-08-11 02:00:00,EDR,981,950,ACTIVE
E001-T001324,E001,E001-AS010,2026-08-11 03:00:00,EDR,976,950,ACTIVE
E001-T001325,E001,E001-AS010,2026-08-11 04:00:00,EDR,1009,950,ACTIVE
E001-T001326,E001,E001-AS010,2026-08-11 05:00:00,EDR,955,950,ACTIVE
E001-T001327,E001,E001-AS010,2026-08-11 06:00:00,EDR,1007,950,ACTIVE
E001-T001328,E001,E001-AS010,2026-08-11 07:00:00,EDR,938,950,ACTIVE
E001-T001329,E001,E001-AS010,2026-08-11 08:00:00,EDR,875,950,ACTIVE
E001-T001330,E001,E001-AS010,2026-08-11 09:00:00,EDR,890,950,ACTIVE
E001-T001331,E001,E001-AS010,2026-08-11 10:00:00,EDR,931,950,ACTIVE
E001-T001332,E001,E001-AS010,2026-08-11 11:00:00,EDR,882,950,ACTIVE
E001-T001333,E001,E001-AS010,2026-08-11 12:00:00,EDR,882,950,ACTIVE
E001-T001334,E001,E001-AS010,2026-08-11 13:00:00,EDR,914,950,ACTIVE
E001-T001335,E001,E001-AS010,2026-08-11 14:00:00,EDR,993,950,ACTIVE
E001-T001336,E001,E001-AS010,2026-08-11 15:00:00,EDR,1023,950,ACTIVE
E001-T001337,E001,E001-AS010,2026-08-11 16:00:00,EDR,977,950,ACTIVE
E001-T001338,E001,E001-AS010,2026-08-11 17:00:00,EDR,896,950,ACTIVE
E001-T001339,E001,E001-AS010,2026-08-11 18:00:00,EDR,883,950,ACTIVE
E001-T001340,E001,E001-AS010,2026-08-11 19:00:00,EDR,993,950,ACTIVE
E001-T001341,E001,E001-AS010,2026-08-11 20:00:00,EDR,905,950,ACTIVE
E001-T001342,E001,E001-AS010,2026-08-11 21:00:00,EDR,956,950,ACTIVE
E001-T001343,E001,E001-AS010,2026-08-11 22:00:00,EDR,928,950,ACTIVE
E001-T001344,E001,E001-AS010,2026-08-11 23:00:00,EDR,942,950,ACTIVE
E001-T001345,E001,E001-AS010,2026-08-12 00:00:00,EDR,967,950,ACTIVE
E001-T001346,E001,E001-AS010,2026-08-12 01:00:00,EDR,976,950,ACTIVE
E001-T001347,E001,E001-AS010,2026-08-12 02:00:00,EDR,959,950,ACTIVE
E001-T001348,E001,E001-AS010,2026-08-12 03:00:00,EDR,908,950,ACTIVE
E001-T001349,E001,E001-AS010,2026-08-12 04:00:00,EDR,972,950,ACTIVE
E001-T001350,E001,E001-AS010,2026-08-12 05:00:00,EDR,933,950,ACTIVE
E001-T001351,E001,E001-AS010,2026-08-12 06:00:00,EDR,951,950,ACTIVE
E001-T001352,E001,E001-AS010,2026-08-12 07:00:00,EDR,995,950,ACTIVE
E001-T001353,E001,E001-AS010,2026-08-12 08:00:00,EDR,979,950,ACTIVE
E001-T001354,E001,E001-AS010,2026-08-12 09:00:00,EDR,979,950,ACTIVE
E001-T001355,E001,E001-AS010,2026-08-12 10:00:00,EDR,881,950,ACTIVE
E001-T001356,E001,E001-AS010,2026-08-12 11:00:00,EDR,932,950,ACTIVE
E001-T001357,E001,E001-AS010,2026-08-12 12:00:00,EDR,937,950,ACTIVE
E001-T001358,E001,E001-AS010,2026-08-12 13:00:00,EDR,993,950,ACTIVE
E001-T001359,E001,E001-AS010,2026-08-12 14:00:00,EDR,978,950,ACTIVE
E001-T001360,E001,E001-AS010,2026-08-12 15:00:00,EDR,1020,950,ACTIVE
E001-T001361,E001,E001-AS010,2026-08-12 16:00:00,EDR,882,950,ACTIVE
E001-T001362,E001,E001-AS010,2026-08-12 17:00:00,EDR,987,950,ACTIVE
E001-T001363,E001,E001-AS010,2026-08-12 18:00:00,EDR,904,950,ACTIVE
E001-T001364,E001,E001-AS010,2026-08-12 19:00:00,EDR,1006,950,ACTIVE
E001-T001365,E001,E001-AS010,2026-08-12 20:00:00,EDR,1004,950,ACTIVE
E001-T001366,E001,E001-AS010,2026-08-12 21:00:00,EDR,941,950,ACTIVE
E001-T001367,E001,E001-AS010,2026-08-12 22:00:00,EDR,908,950,ACTIVE
E001-T001368,E001,E001-AS010,2026-08-12 23:00:00,EDR,970,950,ACTIVE
E001-T001369,E001,E001-AS010,2026-08-13 00:00:00,EDR,981,950,ACTIVE
E001-T001370,E001,E001-AS010,2026-08-13 01:00:00,EDR,929,950,ACTIVE
E001-T001371,E001,E001-AS010,2026-08-13 02:00:00,EDR,963,950,ACTIVE
E001-T001372,E001,E001-AS010,2026-08-13 03:00:00,EDR,986,950,ACTIVE
E001-T001373,E001,E001-AS010,2026-08-13 04:00:00,EDR,903,950,ACTIVE
E001-T001374,E001,E001-AS010,2026-08-13 05:00:00,EDR,984,950,ACTIVE
E001-T001375,E001,E001-AS010,2026-08-13 06:00:00,EDR,903,950,ACTIVE
E001-T001376,E001,E001-AS010,2026-08-13 07:00:00,EDR,942,950,ACTIVE
E001-T001377,E001,E001-AS010,2026-08-13 08:00:00,EDR,1023,950,ACTIVE
E001-T001378,E001,E001-AS010,2026-08-13 09:00:00,EDR,885,950,ACTIVE
E001-T001379,E001,E001-AS010,2026-08-13 10:00:00,EDR,1020,950,ACTIVE
E001-T001380,E001,E001-AS010,2026-08-13 11:00:00,EDR,985,950,ACTIVE
E001-T001381,E001,E001-AS010,2026-08-13 12:00:00,EDR,892,950,ACTIVE
E001-T001382,E001,E001-AS010,2026-08-13 13:00:00,EDR,880,950,ACTIVE
E001-T001383,E001,E001-AS010,2026-08-13 14:00:00,EDR,916,950,ACTIVE
E001-T001384,E001,E001-AS010,2026-08-13 15:00:00,EDR,914,950,ACTIVE
E001-T001385,E001,E001-AS010,2026-08-13 16:00:00,EDR,898,950,ACTIVE
E001-T001386,E001,E001-AS010,2026-08-13 17:00:00,EDR,1002,950,ACTIVE
E001-T001387,E001,E001-AS010,2026-08-13 18:00:00,EDR,874,950,ACTIVE
E001-T001388,E001,E001-AS010,2026-08-13 19:00:00,EDR,944,950,ACTIVE
E001-T001389,E001,E001-AS010,2026-08-13 20:00:00,EDR,1016,950,ACTIVE
E001-T001390,E001,E001-AS010,2026-08-13 21:00:00,EDR,880,950,ACTIVE
E001-T001391,E001,E001-AS010,2026-08-13 22:00:00,EDR,1015,950,ACTIVE
E001-T001392,E001,E001-AS010,2026-08-13 23:00:00,EDR,964,950,ACTIVE
E001-T001393,E001,E001-AS010,2026-08-14 00:00:00,EDR,991,950,ACTIVE
E001-T001394,E001,E001-AS010,2026-08-14 01:00:00,EDR,969,950,ACTIVE
E001-T001395,E001,E001-AS010,2026-08-14 02:00:00,EDR,1002,950,ACTIVE
E001-T001396,E001,E001-AS010,2026-08-14 03:00:00,EDR,919,950,ACTIVE
E001-T001397,E001,E001-AS010,2026-08-14 04:00:00,EDR,994,950,ACTIVE
E001-T001398,E001,E001-AS010,2026-08-14 05:00:00,EDR,957,950,ACTIVE
E001-T001399,E001,E001-AS010,2026-08-14 06:00:00,EDR,885,950,ACTIVE
E001-T001400,E001,E001-AS010,2026-08-14 07:00:00,EDR,981,950,ACTIVE
E001-T001401,E001,E001-AS010,2026-08-14 08:00:00,EDR,953,950,ACTIVE
E001-T001402,E001,E001-AS010,2026-08-14 09:00:00,EDR,1019,950,ACTIVE
E001-T001403,E001,E001-AS010,2026-08-14 10:00:00,EDR,953,950,ACTIVE
E001-T001404,E001,E001-AS010,2026-08-14 11:00:00,EDR,993,950,ACTIVE
E001-T001405,E001,E001-AS010,2026-08-14 12:00:00,EDR,898,950,ACTIVE
E001-T001406,E001,E001-AS010,2026-08-14 13:00:00,EDR,956,950,ACTIVE
E001-T001407,E001,E001-AS010,2026-08-14 14:00:00,EDR,935,950,ACTIVE
E001-T001408,E001,E001-AS010,2026-08-14 15:00:00,EDR,927,950,ACTIVE
E001-T001409,E001,E001-AS010,2026-08-14 16:00:00,EDR,1008,950,ACTIVE
E001-T001410,E001,E001-AS010,2026-08-14 17:00:00,EDR,974,950,ACTIVE
E001-T001411,E001,E001-AS010,2026-08-14 18:00:00,EDR,924,950,ACTIVE
E001-T001412,E001,E001-AS010,2026-08-14 19:00:00,EDR,918,950,ACTIVE
E001-T001413,E001,E001-AS010,2026-08-14 20:00:00,EDR,1018,950,ACTIVE
E001-T001414,E001,E001-AS010,2026-08-14 21:00:00,EDR,967,950,ACTIVE
E001-T001415,E001,E001-AS010,2026-08-14 22:00:00,EDR,946,950,ACTIVE
E001-T001416,E001,E001-AS010,2026-08-14 23:00:00,EDR,959,950,ACTIVE
E001-T001417,E001,E001-AS010,2026-08-15 00:00:00,EDR,988,950,ACTIVE
E001-T001418,E001,E001-AS010,2026-08-15 01:00:00,EDR,972,950,ACTIVE
E001-T001419,E001,E001-AS010,2026-08-15 02:00:00,EDR,891,950,ACTIVE
E001-T001420,E001,E001-AS010,2026-08-15 03:00:00,EDR,926,950,ACTIVE
E001-T001421,E001,E001-AS010,2026-08-15 04:00:00,EDR,910,950,ACTIVE
E001-T001422,E001,E001-AS010,2026-08-15 05:00:00,EDR,971,950,ACTIVE
E001-T001423,E001,E001-AS010,2026-08-15 06:00:00,EDR,1013,950,ACTIVE
E001-T001424,E001,E001-AS010,2026-08-15 07:00:00,EDR,911,950,ACTIVE
E001-T001425,E001,E001-AS010,2026-08-15 08:00:00,EDR,880,950,ACTIVE
E001-T001426,E001,E001-AS010,2026-08-15 09:00:00,EDR,1008,950,ACTIVE
E001-T001427,E001,E001-AS010,2026-08-15 10:00:00,EDR,931,950,ACTIVE
E001-T001428,E001,E001-AS010,2026-08-15 11:00:00,EDR,995,950,ACTIVE
E001-T001429,E001,E001-AS010,2026-08-15 12:00:00,EDR,891,950,ACTIVE
E001-T001430,E001,E001-AS010,2026-08-15 13:00:00,EDR,913,950,ACTIVE
E001-T001431,E001,E001-AS010,2026-08-15 14:00:00,EDR,984,950,ACTIVE
E001-T001432,E001,E001-AS010,2026-08-15 15:00:00,EDR,877,950,ACTIVE
E001-T001433,E001,E001-AS010,2026-08-15 16:00:00,EDR,952,950,ACTIVE
E001-T001434,E001,E001-AS010,2026-08-15 17:00:00,EDR,991,950,ACTIVE
E001-T001435,E001,E001-AS010,2026-08-15 18:00:00,EDR,952,950,ACTIVE
E001-T001436,E001,E001-AS010,2026-08-15 19:00:00,EDR,951,950,ACTIVE
E001-T001437,E001,E001-AS010,2026-08-15 20:00:00,EDR,947,950,ACTIVE
E001-T001438,E001,E001-AS010,2026-08-15 21:00:00,EDR,919,950,ACTIVE
E001-T001439,E001,E001-AS010,2026-08-15 22:00:00,EDR,973,950,ACTIVE
E001-T001440,E001,E001-AS010,2026-08-15 23:00:00,EDR,922,950,ACTIVE
E001-T001441,E001,E001-AS011,2026-08-10 00:00:00,EDR,886,950,ACTIVE
E001-T001442,E001,E001-AS011,2026-08-10 01:00:00,EDR,888,950,ACTIVE
E001-T001443,E001,E001-AS011,2026-08-10 02:00:00,EDR,1021,950,ACTIVE
E001-T001444,E001,E001-AS011,2026-08-10 03:00:00,EDR,991,950,ACTIVE
E001-T001445,E001,E001-AS011,2026-08-10 04:00:00,EDR,955,950,ACTIVE
E001-T001446,E001,E001-AS011,2026-08-10 05:00:00,EDR,969,950,ACTIVE
E001-T001447,E001,E001-AS011,2026-08-10 06:00:00,EDR,906,950,ACTIVE
E001-T001448,E001,E001-AS011,2026-08-10 07:00:00,EDR,969,950,ACTIVE
E001-T001449,E001,E001-AS011,2026-08-10 08:00:00,EDR,906,950,ACTIVE
E001-T001450,E001,E001-AS011,2026-08-10 09:00:00,EDR,978,950,ACTIVE
E001-T001451,E001,E001-AS011,2026-08-10 10:00:00,EDR,1001,950,ACTIVE
E001-T001452,E001,E001-AS011,2026-08-10 11:00:00,EDR,905,950,ACTIVE
E001-T001453,E001,E001-AS011,2026-08-10 12:00:00,EDR,999,950,ACTIVE
E001-T001454,E001,E001-AS011,2026-08-10 13:00:00,EDR,1007,950,ACTIVE
E001-T001455,E001,E001-AS011,2026-08-10 14:00:00,EDR,986,950,ACTIVE
E001-T001456,E001,E001-AS011,2026-08-10 15:00:00,EDR,940,950,ACTIVE
E001-T001457,E001,E001-AS011,2026-08-10 16:00:00,EDR,998,950,ACTIVE
E001-T001458,E001,E001-AS011,2026-08-10 17:00:00,EDR,884,950,ACTIVE
E001-T001459,E001,E001-AS011,2026-08-10 18:00:00,EDR,978,950,ACTIVE
E001-T001460,E001,E001-AS011,2026-08-10 19:00:00,EDR,877,950,ACTIVE
E001-T001461,E001,E001-AS011,2026-08-10 20:00:00,EDR,982,950,ACTIVE
E001-T001462,E001,E001-AS011,2026-08-10 21:00:00,EDR,879,950,ACTIVE
E001-T001463,E001,E001-AS011,2026-08-10 22:00:00,EDR,885,950,ACTIVE
E001-T001464,E001,E001-AS011,2026-08-10 23:00:00,EDR,901,950,ACTIVE
E001-T001465,E001,E001-AS011,2026-08-11 00:00:00,EDR,912,950,ACTIVE
E001-T001466,E001,E001-AS011,2026-08-11 01:00:00,EDR,884,950,ACTIVE
E001-T001467,E001,E001-AS011,2026-08-11 02:00:00,EDR,998,950,ACTIVE
E001-T001468,E001,E001-AS011,2026-08-11 03:00:00,EDR,1012,950,ACTIVE
E001-T001469,E001,E001-AS011,2026-08-11 04:00:00,EDR,935,950,ACTIVE
E001-T001470,E001,E001-AS011,2026-08-11 05:00:00,EDR,942,950,ACTIVE
E001-T001471,E001,E001-AS011,2026-08-11 06:00:00,EDR,935,950,ACTIVE
E001-T001472,E001,E001-AS011,2026-08-11 07:00:00,EDR,922,950,ACTIVE
E001-T001473,E001,E001-AS011,2026-08-11 08:00:00,EDR,933,950,ACTIVE
E001-T001474,E001,E001-AS011,2026-08-11 09:00:00,EDR,891,950,ACTIVE
E001-T001475,E001,E001-AS011,2026-08-11 10:00:00,EDR,874,950,ACTIVE
E001-T001476,E001,E001-AS011,2026-08-11 11:00:00,EDR,983,950,ACTIVE
E001-T001477,E001,E001-AS011,2026-08-11 12:00:00,EDR,883,950,ACTIVE
E001-T001478,E001,E001-AS011,2026-08-11 13:00:00,EDR,987,950,ACTIVE
E001-T001479,E001,E001-AS011,2026-08-11 14:00:00,EDR,880,950,ACTIVE
E001-T001480,E001,E001-AS011,2026-08-11 15:00:00,EDR,1002,950,ACTIVE
E001-T001481,E001,E001-AS011,2026-08-11 16:00:00,EDR,928,950,ACTIVE
E001-T001482,E001,E001-AS011,2026-08-11 17:00:00,EDR,950,950,ACTIVE
E001-T001483,E001,E001-AS011,2026-08-11 18:00:00,EDR,918,950,ACTIVE
E001-T001484,E001,E001-AS011,2026-08-11 19:00:00,EDR,978,950,ACTIVE
E001-T001485,E001,E001-AS011,2026-08-11 20:00:00,EDR,966,950,ACTIVE
E001-T001486,E001,E001-AS011,2026-08-11 21:00:00,EDR,916,950,ACTIVE
E001-T001487,E001,E001-AS011,2026-08-11 22:00:00,EDR,1014,950,ACTIVE
E001-T001488,E001,E001-AS011,2026-08-11 23:00:00,EDR,931,950,ACTIVE
E001-T001489,E001,E001-AS011,2026-08-12 00:00:00,EDR,998,950,ACTIVE
E001-T001490,E001,E001-AS011,2026-08-12 01:00:00,EDR,878,950,ACTIVE
E001-T001491,E001,E001-AS011,2026-08-12 02:00:00,EDR,897,950,ACTIVE
E001-T001492,E001,E001-AS011,2026-08-12 03:00:00,EDR,907,950,ACTIVE
E001-T001493,E001,E001-AS011,2026-08-12 04:00:00,EDR,987,950,ACTIVE
E001-T001494,E001,E001-AS011,2026-08-12 05:00:00,EDR,995,950,ACTIVE
E001-T001495,E001,E001-AS011,2026-08-12 06:00:00,EDR,1003,950,ACTIVE
E001-T001496,E001,E001-AS011,2026-08-12 07:00:00,EDR,918,950,ACTIVE
E001-T001497,E001,E001-AS011,2026-08-12 08:00:00,EDR,970,950,ACTIVE
E001-T001498,E001,E001-AS011,2026-08-12 09:00:00,EDR,919,950,ACTIVE
E001-T001499,E001,E001-AS011,2026-08-12 10:00:00,EDR,1008,950,ACTIVE
E001-T001500,E001,E001-AS011,2026-08-12 11:00:00,EDR,1020,950,ACTIVE
E001-T001501,E001,E001-AS011,2026-08-12 12:00:00,EDR,1005,950,ACTIVE
E001-T001502,E001,E001-AS011,2026-08-12 13:00:00,EDR,972,950,ACTIVE
E001-T001503,E001,E001-AS011,2026-08-12 14:00:00,EDR,1019,950,ACTIVE
E001-T001504,E001,E001-AS011,2026-08-12 15:00:00,EDR,875,950,ACTIVE
E001-T001505,E001,E001-AS011,2026-08-12 16:00:00,EDR,1006,950,ACTIVE
E001-T001506,E001,E001-AS011,2026-08-12 17:00:00,EDR,895,950,ACTIVE
E001-T001507,E001,E001-AS011,2026-08-12 18:00:00,EDR,880,950,ACTIVE
E001-T001508,E001,E001-AS011,2026-08-12 19:00:00,EDR,961,950,ACTIVE
E001-T001509,E001,E001-AS011,2026-08-12 20:00:00,EDR,933,950,ACTIVE
E001-T001510,E001,E001-AS011,2026-08-12 21:00:00,EDR,957,950,ACTIVE
E001-T001511,E001,E001-AS011,2026-08-12 22:00:00,EDR,886,950,ACTIVE
E001-T001512,E001,E001-AS011,2026-08-12 23:00:00,EDR,905,950,ACTIVE
E001-T001513,E001,E001-AS011,2026-08-13 00:00:00,EDR,986,950,ACTIVE
E001-T001514,E001,E001-AS011,2026-08-13 01:00:00,EDR,984,950,ACTIVE
E001-T001515,E001,E001-AS011,2026-08-13 02:00:00,EDR,906,950,ACTIVE
E001-T001516,E001,E001-AS011,2026-08-13 03:00:00,EDR,1011,950,ACTIVE
E001-T001517,E001,E001-AS011,2026-08-13 04:00:00,EDR,1003,950,ACTIVE
E001-T001518,E001,E001-AS011,2026-08-13 05:00:00,EDR,895,950,ACTIVE
E001-T001519,E001,E001-AS011,2026-08-13 06:00:00,EDR,901,950,ACTIVE
E001-T001520,E001,E001-AS011,2026-08-13 07:00:00,EDR,967,950,ACTIVE
E001-T001521,E001,E001-AS011,2026-08-13 08:00:00,EDR,912,950,ACTIVE
E001-T001522,E001,E001-AS011,2026-08-13 09:00:00,EDR,891,950,ACTIVE
E001-T001523,E001,E001-AS011,2026-08-13 10:00:00,EDR,975,950,ACTIVE
E001-T001524,E001,E001-AS011,2026-08-13 11:00:00,EDR,960,950,ACTIVE
E001-T001525,E001,E001-AS011,2026-08-13 12:00:00,EDR,882,950,ACTIVE
E001-T001526,E001,E001-AS011,2026-08-13 13:00:00,EDR,988,950,ACTIVE
E001-T001527,E001,E001-AS011,2026-08-13 14:00:00,EDR,1024,950,ACTIVE
E001-T001528,E001,E001-AS011,2026-08-13 15:00:00,EDR,957,950,ACTIVE
E001-T001529,E001,E001-AS011,2026-08-13 16:00:00,EDR,971,950,ACTIVE
E001-T001530,E001,E001-AS011,2026-08-13 17:00:00,EDR,885,950,ACTIVE
E001-T001531,E001,E001-AS011,2026-08-13 18:00:00,EDR,976,950,ACTIVE
E001-T001532,E001,E001-AS011,2026-08-13 19:00:00,EDR,912,950,ACTIVE
E001-T001533,E001,E001-AS011,2026-08-13 20:00:00,EDR,904,950,ACTIVE
E001-T001534,E001,E001-AS011,2026-08-13 21:00:00,EDR,962,950,ACTIVE
E001-T001535,E001,E001-AS011,2026-08-13 22:00:00,EDR,1018,950,ACTIVE
E001-T001536,E001,E001-AS011,2026-08-13 23:00:00,EDR,928,950,ACTIVE
E001-T001537,E001,E001-AS011,2026-08-14 00:00:00,EDR,976,950,ACTIVE
E001-T001538,E001,E001-AS011,2026-08-14 01:00:00,EDR,909,950,ACTIVE
E001-T001539,E001,E001-AS011,2026-08-14 02:00:00,EDR,917,950,ACTIVE
E001-T001540,E001,E001-AS011,2026-08-14 03:00:00,EDR,884,950,ACTIVE
E001-T001541,E001,E001-AS011,2026-08-14 04:00:00,EDR,903,950,ACTIVE
E001-T001542,E001,E001-AS011,2026-08-14 05:00:00,EDR,947,950,ACTIVE
E001-T001543,E001,E001-AS011,2026-08-14 06:00:00,EDR,923,950,ACTIVE
E001-T001544,E001,E001-AS011,2026-08-14 07:00:00,EDR,974,950,ACTIVE
E001-T001545,E001,E001-AS011,2026-08-14 08:00:00,EDR,979,950,ACTIVE
E001-T001546,E001,E001-AS011,2026-08-14 09:00:00,EDR,897,950,ACTIVE
E001-T001547,E001,E001-AS011,2026-08-14 10:00:00,EDR,960,950,ACTIVE
E001-T001548,E001,E001-AS011,2026-08-14 11:00:00,EDR,996,950,ACTIVE
E001-T001549,E001,E001-AS011,2026-08-14 12:00:00,EDR,1019,950,ACTIVE
E001-T001550,E001,E001-AS011,2026-08-14 13:00:00,EDR,899,950,ACTIVE
E001-T001551,E001,E001-AS011,2026-08-14 14:00:00,EDR,921,950,ACTIVE
E001-T001552,E001,E001-AS011,2026-08-14 15:00:00,EDR,993,950,ACTIVE
E001-T001553,E001,E001-AS011,2026-08-14 16:00:00,EDR,982,950,ACTIVE
E001-T001554,E001,E001-AS011,2026-08-14 17:00:00,EDR,971,950,ACTIVE
E001-T001555,E001,E001-AS011,2026-08-14 18:00:00,EDR,916,950,ACTIVE
E001-T001556,E001,E001-AS011,2026-08-14 19:00:00,EDR,928,950,ACTIVE
E001-T001557,E001,E001-AS011,2026-08-14 20:00:00,EDR,977,950,ACTIVE
E001-T001558,E001,E001-AS011,2026-08-14 21:00:00,EDR,924,950,ACTIVE
E001-T001559,E001,E001-AS011,2026-08-14 22:00:00,EDR,946,950,ACTIVE
E001-T001560,E001,E001-AS011,2026-08-14 23:00:00,EDR,941,950,ACTIVE
E001-T001561,E001,E001-AS011,2026-08-15 00:00:00,EDR,991,950,ACTIVE
E001-T001562,E001,E001-AS011,2026-08-15 01:00:00,EDR,948,950,ACTIVE
E001-T001563,E001,E001-AS011,2026-08-15 02:00:00,EDR,890,950,ACTIVE
E001-T001564,E001,E001-AS011,2026-08-15 03:00:00,EDR,972,950,ACTIVE
E001-T001565,E001,E001-AS011,2026-08-15 04:00:00,EDR,886,950,ACTIVE
E001-T001566,E001,E001-AS011,2026-08-15 05:00:00,EDR,916,950,ACTIVE
E001-T001567,E001,E001-AS011,2026-08-15 06:00:00,EDR,999,950,ACTIVE
E001-T001568,E001,E001-AS011,2026-08-15 07:00:00,EDR,1009,950,ACTIVE
E001-T001569,E001,E001-AS011,2026-08-15 08:00:00,EDR,903,950,ACTIVE
E001-T001570,E001,E001-AS011,2026-08-15 09:00:00,EDR,985,950,ACTIVE
E001-T001571,E001,E001-AS011,2026-08-15 10:00:00,EDR,969,950,ACTIVE
E001-T001572,E001,E001-AS011,2026-08-15 11:00:00,EDR,984,950,ACTIVE
E001-T001573,E001,E001-AS011,2026-08-15 12:00:00,EDR,1009,950,ACTIVE
E001-T001574,E001,E001-AS011,2026-08-15 13:00:00,EDR,1003,950,ACTIVE
E001-T001575,E001,E001-AS011,2026-08-15 14:00:00,EDR,970,950,ACTIVE
E001-T001576,E001,E001-AS011,2026-08-15 15:00:00,EDR,997,950,ACTIVE
E001-T001577,E001,E001-AS011,2026-08-15 16:00:00,EDR,961,950,ACTIVE
E001-T001578,E001,E001-AS011,2026-08-15 17:00:00,EDR,990,950,ACTIVE
E001-T001579,E001,E001-AS011,2026-08-15 18:00:00,EDR,906,950,ACTIVE
E001-T001580,E001,E001-AS011,2026-08-15 19:00:00,EDR,879,950,ACTIVE
E001-T001581,E001,E001-AS011,2026-08-15 20:00:00,EDR,913,950,ACTIVE
E001-T001582,E001,E001-AS011,2026-08-15 21:00:00,EDR,1009,950,ACTIVE
E001-T001583,E001,E001-AS011,2026-08-15 22:00:00,EDR,956,950,ACTIVE
E001-T001584,E001,E001-AS011,2026-08-15 23:00:00,EDR,973,950,ACTIVE
E001-T001585,E001,E001-AS016,2026-08-10 00:00:00,EMAIL_SECURITY,566,600,ACTIVE
E001-T001586,E001,E001-AS016,2026-08-10 01:00:00,EMAIL_SECURITY,589,600,ACTIVE
E001-T001587,E001,E001-AS016,2026-08-10 02:00:00,EMAIL_SECURITY,637,600,ACTIVE
E001-T001588,E001,E001-AS016,2026-08-10 03:00:00,EMAIL_SECURITY,608,600,ACTIVE
E001-T001589,E001,E001-AS016,2026-08-10 04:00:00,EMAIL_SECURITY,634,600,ACTIVE
E001-T001590,E001,E001-AS016,2026-08-10 05:00:00,EMAIL_SECURITY,564,600,ACTIVE
E001-T001591,E001,E001-AS016,2026-08-10 06:00:00,EMAIL_SECURITY,600,600,ACTIVE
E001-T001592,E001,E001-AS016,2026-08-10 07:00:00,EMAIL_SECURITY,560,600,ACTIVE
E001-T001593,E001,E001-AS016,2026-08-10 08:00:00,EMAIL_SECURITY,586,600,ACTIVE
E001-T001594,E001,E001-AS016,2026-08-10 09:00:00,EMAIL_SECURITY,553,600,ACTIVE
E001-T001595,E001,E001-AS016,2026-08-10 10:00:00,EMAIL_SECURITY,574,600,ACTIVE
E001-T001596,E001,E001-AS016,2026-08-10 11:00:00,EMAIL_SECURITY,644,600,ACTIVE
E001-T001597,E001,E001-AS016,2026-08-10 12:00:00,EMAIL_SECURITY,646,600,ACTIVE
E001-T001598,E001,E001-AS016,2026-08-10 13:00:00,EMAIL_SECURITY,617,600,ACTIVE
E001-T001599,E001,E001-AS016,2026-08-10 14:00:00,EMAIL_SECURITY,624,600,ACTIVE
E001-T001600,E001,E001-AS016,2026-08-10 15:00:00,EMAIL_SECURITY,565,600,ACTIVE
E001-T001601,E001,E001-AS016,2026-08-10 16:00:00,EMAIL_SECURITY,567,600,ACTIVE
E001-T001602,E001,E001-AS016,2026-08-10 17:00:00,EMAIL_SECURITY,606,600,ACTIVE
E001-T001603,E001,E001-AS016,2026-08-10 18:00:00,EMAIL_SECURITY,606,600,ACTIVE
E001-T001604,E001,E001-AS016,2026-08-10 19:00:00,EMAIL_SECURITY,635,600,ACTIVE
E001-T001605,E001,E001-AS016,2026-08-10 20:00:00,EMAIL_SECURITY,566,600,ACTIVE
E001-T001606,E001,E001-AS016,2026-08-10 21:00:00,EMAIL_SECURITY,622,600,ACTIVE
E001-T001607,E001,E001-AS016,2026-08-10 22:00:00,EMAIL_SECURITY,642,600,ACTIVE
E001-T001608,E001,E001-AS016,2026-08-10 23:00:00,EMAIL_SECURITY,555,600,ACTIVE
E001-T001609,E001,E001-AS016,2026-08-11 00:00:00,EMAIL_SECURITY,625,600,ACTIVE
E001-T001610,E001,E001-AS016,2026-08-11 01:00:00,EMAIL_SECURITY,574,600,ACTIVE
E001-T001611,E001,E001-AS016,2026-08-11 02:00:00,EMAIL_SECURITY,577,600,ACTIVE
E001-T001612,E001,E001-AS016,2026-08-11 03:00:00,EMAIL_SECURITY,574,600,ACTIVE
E001-T001613,E001,E001-AS016,2026-08-11 04:00:00,EMAIL_SECURITY,616,600,ACTIVE
E001-T001614,E001,E001-AS016,2026-08-11 05:00:00,EMAIL_SECURITY,601,600,ACTIVE
E001-T001615,E001,E001-AS016,2026-08-11 06:00:00,EMAIL_SECURITY,627,600,ACTIVE
E001-T001616,E001,E001-AS016,2026-08-11 07:00:00,EMAIL_SECURITY,589,600,ACTIVE
E001-T001617,E001,E001-AS016,2026-08-11 08:00:00,EMAIL_SECURITY,640,600,ACTIVE
E001-T001618,E001,E001-AS016,2026-08-11 09:00:00,EMAIL_SECURITY,636,600,ACTIVE
E001-T001619,E001,E001-AS016,2026-08-11 10:00:00,EMAIL_SECURITY,555,600,ACTIVE
E001-T001620,E001,E001-AS016,2026-08-11 11:00:00,EMAIL_SECURITY,614,600,ACTIVE
E001-T001621,E001,E001-AS016,2026-08-11 12:00:00,EMAIL_SECURITY,561,600,ACTIVE
E001-T001622,E001,E001-AS016,2026-08-11 13:00:00,EMAIL_SECURITY,644,600,ACTIVE
E001-T001623,E001,E001-AS016,2026-08-11 14:00:00,EMAIL_SECURITY,612,600,ACTIVE
E001-T001624,E001,E001-AS016,2026-08-11 15:00:00,EMAIL_SECURITY,578,600,ACTIVE
E001-T001625,E001,E001-AS016,2026-08-11 16:00:00,EMAIL_SECURITY,623,600,ACTIVE
E001-T001626,E001,E001-AS016,2026-08-11 17:00:00,EMAIL_SECURITY,607,600,ACTIVE
E001-T001627,E001,E001-AS016,2026-08-11 18:00:00,EMAIL_SECURITY,606,600,ACTIVE
E001-T001628,E001,E001-AS016,2026-08-11 19:00:00,EMAIL_SECURITY,588,600,ACTIVE
E001-T001629,E001,E001-AS016,2026-08-11 20:00:00,EMAIL_SECURITY,588,600,ACTIVE
E001-T001630,E001,E001-AS016,2026-08-11 21:00:00,EMAIL_SECURITY,608,600,ACTIVE
E001-T001631,E001,E001-AS016,2026-08-11 22:00:00,EMAIL_SECURITY,638,600,ACTIVE
E001-T001632,E001,E001-AS016,2026-08-11 23:00:00,EMAIL_SECURITY,559,600,ACTIVE
E001-T001633,E001,E001-AS016,2026-08-12 00:00:00,EMAIL_SECURITY,576,600,ACTIVE
E001-T001634,E001,E001-AS016,2026-08-12 01:00:00,EMAIL_SECURITY,645,600,ACTIVE
E001-T001635,E001,E001-AS016,2026-08-12 02:00:00,EMAIL_SECURITY,573,600,ACTIVE
E001-T001636,E001,E001-AS016,2026-08-12 03:00:00,EMAIL_SECURITY,590,600,ACTIVE
E001-T001637,E001,E001-AS016,2026-08-12 04:00:00,EMAIL_SECURITY,630,600,ACTIVE
E001-T001638,E001,E001-AS016,2026-08-12 05:00:00,EMAIL_SECURITY,585,600,ACTIVE
E001-T001639,E001,E001-AS016,2026-08-12 06:00:00,EMAIL_SECURITY,628,600,ACTIVE
E001-T001640,E001,E001-AS016,2026-08-12 07:00:00,EMAIL_SECURITY,637,600,ACTIVE
E001-T001641,E001,E001-AS016,2026-08-12 08:00:00,EMAIL_SECURITY,552,600,ACTIVE
E001-T001642,E001,E001-AS016,2026-08-12 09:00:00,EMAIL_SECURITY,636,600,ACTIVE
E001-T001643,E001,E001-AS016,2026-08-12 10:00:00,EMAIL_SECURITY,594,600,ACTIVE
E001-T001644,E001,E001-AS016,2026-08-12 11:00:00,EMAIL_SECURITY,574,600,ACTIVE
E001-T001645,E001,E001-AS016,2026-08-12 12:00:00,EMAIL_SECURITY,601,600,ACTIVE
E001-T001646,E001,E001-AS016,2026-08-12 13:00:00,EMAIL_SECURITY,578,600,ACTIVE
E001-T001647,E001,E001-AS016,2026-08-12 14:00:00,EMAIL_SECURITY,566,600,ACTIVE
E001-T001648,E001,E001-AS016,2026-08-12 15:00:00,EMAIL_SECURITY,567,600,ACTIVE
E001-T001649,E001,E001-AS016,2026-08-12 16:00:00,EMAIL_SECURITY,609,600,ACTIVE
E001-T001650,E001,E001-AS016,2026-08-12 17:00:00,EMAIL_SECURITY,630,600,ACTIVE
E001-T001651,E001,E001-AS016,2026-08-12 18:00:00,EMAIL_SECURITY,615,600,ACTIVE
E001-T001652,E001,E001-AS016,2026-08-12 19:00:00,EMAIL_SECURITY,591,600,ACTIVE
E001-T001653,E001,E001-AS016,2026-08-12 20:00:00,EMAIL_SECURITY,583,600,ACTIVE
E001-T001654,E001,E001-AS016,2026-08-12 21:00:00,EMAIL_SECURITY,562,600,ACTIVE
E001-T001655,E001,E001-AS016,2026-08-12 22:00:00,EMAIL_SECURITY,616,600,ACTIVE
E001-T001656,E001,E001-AS016,2026-08-12 23:00:00,EMAIL_SECURITY,597,600,ACTIVE
E001-T001657,E001,E001-AS016,2026-08-13 00:00:00,EMAIL_SECURITY,608,600,ACTIVE
E001-T001658,E001,E001-AS016,2026-08-13 01:00:00,EMAIL_SECURITY,614,600,ACTIVE
E001-T001659,E001,E001-AS016,2026-08-13 02:00:00,EMAIL_SECURITY,591,600,ACTIVE
E001-T001660,E001,E001-AS016,2026-08-13 03:00:00,EMAIL_SECURITY,575,600,ACTIVE
E001-T001661,E001,E001-AS016,2026-08-13 04:00:00,EMAIL_SECURITY,564,600,ACTIVE
E001-T001662,E001,E001-AS016,2026-08-13 05:00:00,EMAIL_SECURITY,608,600,ACTIVE
E001-T001663,E001,E001-AS016,2026-08-13 06:00:00,EMAIL_SECURITY,564,600,ACTIVE
E001-T001664,E001,E001-AS016,2026-08-13 07:00:00,EMAIL_SECURITY,601,600,ACTIVE
E001-T001665,E001,E001-AS016,2026-08-13 08:00:00,EMAIL_SECURITY,637,600,ACTIVE
E001-T001666,E001,E001-AS016,2026-08-13 09:00:00,EMAIL_SECURITY,566,600,ACTIVE
E001-T001667,E001,E001-AS016,2026-08-13 10:00:00,EMAIL_SECURITY,567,600,ACTIVE
E001-T001668,E001,E001-AS016,2026-08-13 11:00:00,EMAIL_SECURITY,640,600,ACTIVE
E001-T001669,E001,E001-AS016,2026-08-13 12:00:00,EMAIL_SECURITY,601,600,ACTIVE
E001-T001670,E001,E001-AS016,2026-08-13 13:00:00,EMAIL_SECURITY,590,600,ACTIVE
E001-T001671,E001,E001-AS016,2026-08-13 14:00:00,EMAIL_SECURITY,645,600,ACTIVE
E001-T001672,E001,E001-AS016,2026-08-13 15:00:00,EMAIL_SECURITY,613,600,ACTIVE
E001-T001673,E001,E001-AS016,2026-08-13 16:00:00,EMAIL_SECURITY,636,600,ACTIVE
E001-T001674,E001,E001-AS016,2026-08-13 17:00:00,EMAIL_SECURITY,621,600,ACTIVE
E001-T001675,E001,E001-AS016,2026-08-13 18:00:00,EMAIL_SECURITY,630,600,ACTIVE
E001-T001676,E001,E001-AS016,2026-08-13 19:00:00,EMAIL_SECURITY,642,600,ACTIVE
E001-T001677,E001,E001-AS016,2026-08-13 20:00:00,EMAIL_SECURITY,572,600,ACTIVE
E001-T001678,E001,E001-AS016,2026-08-13 21:00:00,EMAIL_SECURITY,610,600,ACTIVE
E001-T001679,E001,E001-AS016,2026-08-13 22:00:00,EMAIL_SECURITY,597,600,ACTIVE
E001-T001680,E001,E001-AS016,2026-08-13 23:00:00,EMAIL_SECURITY,598,600,ACTIVE
E001-T001681,E001,E001-AS016,2026-08-14 00:00:00,EMAIL_SECURITY,573,600,ACTIVE
E001-T001682,E001,E001-AS016,2026-08-14 01:00:00,EMAIL_SECURITY,591,600,ACTIVE
E001-T001683,E001,E001-AS016,2026-08-14 02:00:00,EMAIL_SECURITY,565,600,ACTIVE
E001-T001684,E001,E001-AS016,2026-08-14 03:00:00,EMAIL_SECURITY,607,600,ACTIVE
E001-T001685,E001,E001-AS016,2026-08-14 04:00:00,EMAIL_SECURITY,625,600,ACTIVE
E001-T001686,E001,E001-AS016,2026-08-14 05:00:00,EMAIL_SECURITY,611,600,ACTIVE
E001-T001687,E001,E001-AS016,2026-08-14 06:00:00,EMAIL_SECURITY,601,600,ACTIVE
E001-T001688,E001,E001-AS016,2026-08-14 07:00:00,EMAIL_SECURITY,568,600,ACTIVE
E001-T001689,E001,E001-AS016,2026-08-14 08:00:00,EMAIL_SECURITY,617,600,ACTIVE
E001-T001690,E001,E001-AS016,2026-08-14 09:00:00,EMAIL_SECURITY,640,600,ACTIVE
E001-T001691,E001,E001-AS016,2026-08-14 10:00:00,EMAIL_SECURITY,609,600,ACTIVE
E001-T001692,E001,E001-AS016,2026-08-14 11:00:00,EMAIL_SECURITY,558,600,ACTIVE
E001-T001693,E001,E001-AS016,2026-08-14 12:00:00,EMAIL_SECURITY,588,600,ACTIVE
E001-T001694,E001,E001-AS016,2026-08-14 13:00:00,EMAIL_SECURITY,564,600,ACTIVE
E001-T001695,E001,E001-AS016,2026-08-14 14:00:00,EMAIL_SECURITY,553,600,ACTIVE
E001-T001696,E001,E001-AS016,2026-08-14 15:00:00,EMAIL_SECURITY,602,600,ACTIVE
E001-T001697,E001,E001-AS016,2026-08-14 16:00:00,EMAIL_SECURITY,639,600,ACTIVE
E001-T001698,E001,E001-AS016,2026-08-14 17:00:00,EMAIL_SECURITY,617,600,ACTIVE
E001-T001699,E001,E001-AS016,2026-08-14 18:00:00,EMAIL_SECURITY,631,600,ACTIVE
E001-T001700,E001,E001-AS016,2026-08-14 19:00:00,EMAIL_SECURITY,610,600,ACTIVE
E001-T001701,E001,E001-AS016,2026-08-14 20:00:00,EMAIL_SECURITY,569,600,ACTIVE
E001-T001702,E001,E001-AS016,2026-08-14 21:00:00,EMAIL_SECURITY,638,600,ACTIVE
E001-T001703,E001,E001-AS016,2026-08-14 22:00:00,EMAIL_SECURITY,609,600,ACTIVE
E001-T001704,E001,E001-AS016,2026-08-14 23:00:00,EMAIL_SECURITY,636,600,ACTIVE
E001-T001705,E001,E001-AS016,2026-08-15 00:00:00,EMAIL_SECURITY,603,600,ACTIVE
E001-T001706,E001,E001-AS016,2026-08-15 01:00:00,EMAIL_SECURITY,624,600,ACTIVE
E001-T001707,E001,E001-AS016,2026-08-15 02:00:00,EMAIL_SECURITY,560,600,ACTIVE
E001-T001708,E001,E001-AS016,2026-08-15 03:00:00,EMAIL_SECURITY,615,600,ACTIVE
E001-T001709,E001,E001-AS016,2026-08-15 04:00:00,EMAIL_SECURITY,638,600,ACTIVE
E001-T001710,E001,E001-AS016,2026-08-15 05:00:00,EMAIL_SECURITY,603,600,ACTIVE
E001-T001711,E001,E001-AS016,2026-08-15 06:00:00,EMAIL_SECURITY,552,600,ACTIVE
E001-T001712,E001,E001-AS016,2026-08-15 07:00:00,EMAIL_SECURITY,642,600,ACTIVE
E001-T001713,E001,E001-AS016,2026-08-15 08:00:00,EMAIL_SECURITY,617,600,ACTIVE
E001-T001714,E001,E001-AS016,2026-08-15 09:00:00,EMAIL_SECURITY,593,600,ACTIVE
E001-T001715,E001,E001-AS016,2026-08-15 10:00:00,EMAIL_SECURITY,592,600,ACTIVE
E001-T001716,E001,E001-AS016,2026-08-15 11:00:00,EMAIL_SECURITY,635,600,ACTIVE
E001-T001717,E001,E001-AS016,2026-08-15 12:00:00,EMAIL_SECURITY,618,600,ACTIVE
E001-T001718,E001,E001-AS016,2026-08-15 13:00:00,EMAIL_SECURITY,593,600,ACTIVE
E001-T001719,E001,E001-AS016,2026-08-15 14:00:00,EMAIL_SECURITY,642,600,ACTIVE
E001-T001720,E001,E001-AS016,2026-08-15 15:00:00,EMAIL_SECURITY,598,600,ACTIVE
E001-T001721,E001,E001-AS016,2026-08-15 16:00:00,EMAIL_SECURITY,625,600,ACTIVE
E001-T001722,E001,E001-AS016,2026-08-15 17:00:00,EMAIL_SECURITY,585,600,ACTIVE
E001-T001723,E001,E001-AS016,2026-08-15 18:00:00,EMAIL_SECURITY,629,600,ACTIVE
E001-T001724,E001,E001-AS016,2026-08-15 19:00:00,EMAIL_SECURITY,639,600,ACTIVE
E001-T001725,E001,E001-AS016,2026-08-15 20:00:00,EMAIL_SECURITY,632,600,ACTIVE
E001-T001726,E001,E001-AS016,2026-08-15 21:00:00,EMAIL_SECURITY,607,600,ACTIVE
E001-T001727,E001,E001-AS016,2026-08-15 22:00:00,EMAIL_SECURITY,592,600,ACTIVE
E001-T001728,E001,E001-AS016,2026-08-15 23:00:00,EMAIL_SECURITY,576,600,ACTIVE
E001-T001729,E001,E001-AS017,2026-08-10 00:00:00,EDR,990,950,ACTIVE
E001-T001730,E001,E001-AS017,2026-08-10 01:00:00,EDR,1012,950,ACTIVE
E001-T001731,E001,E001-AS017,2026-08-10 02:00:00,EDR,886,950,ACTIVE
E001-T001732,E001,E001-AS017,2026-08-10 03:00:00,EDR,964,950,ACTIVE
E001-T001733,E001,E001-AS017,2026-08-10 04:00:00,EDR,956,950,ACTIVE
E001-T001734,E001,E001-AS017,2026-08-10 05:00:00,EDR,913,950,ACTIVE
E001-T001735,E001,E001-AS017,2026-08-10 06:00:00,EDR,874,950,ACTIVE
E001-T001736,E001,E001-AS017,2026-08-10 07:00:00,EDR,987,950,ACTIVE
E001-T001737,E001,E001-AS017,2026-08-10 08:00:00,EDR,875,950,ACTIVE
E001-T001738,E001,E001-AS017,2026-08-10 09:00:00,EDR,953,950,ACTIVE
E001-T001739,E001,E001-AS017,2026-08-10 10:00:00,EDR,953,950,ACTIVE
E001-T001740,E001,E001-AS017,2026-08-10 11:00:00,EDR,931,950,ACTIVE
E001-T001741,E001,E001-AS017,2026-08-10 12:00:00,EDR,905,950,ACTIVE
E001-T001742,E001,E001-AS017,2026-08-10 13:00:00,EDR,996,950,ACTIVE
E001-T001743,E001,E001-AS017,2026-08-10 14:00:00,EDR,936,950,ACTIVE
E001-T001744,E001,E001-AS017,2026-08-10 15:00:00,EDR,890,950,ACTIVE
E001-T001745,E001,E001-AS017,2026-08-10 16:00:00,EDR,938,950,ACTIVE
E001-T001746,E001,E001-AS017,2026-08-10 17:00:00,EDR,962,950,ACTIVE
E001-T001747,E001,E001-AS017,2026-08-10 18:00:00,EDR,913,950,ACTIVE
E001-T001748,E001,E001-AS017,2026-08-10 19:00:00,EDR,955,950,ACTIVE
E001-T001749,E001,E001-AS017,2026-08-10 20:00:00,EDR,959,950,ACTIVE
E001-T001750,E001,E001-AS017,2026-08-10 21:00:00,EDR,967,950,ACTIVE
E001-T001751,E001,E001-AS017,2026-08-10 22:00:00,EDR,1024,950,ACTIVE
E001-T001752,E001,E001-AS017,2026-08-10 23:00:00,EDR,934,950,ACTIVE
E001-T001753,E001,E001-AS017,2026-08-11 00:00:00,EDR,904,950,ACTIVE
E001-T001754,E001,E001-AS017,2026-08-11 01:00:00,EDR,957,950,ACTIVE
E001-T001755,E001,E001-AS017,2026-08-11 02:00:00,EDR,958,950,ACTIVE
E001-T001756,E001,E001-AS017,2026-08-11 03:00:00,EDR,901,950,ACTIVE
E001-T001757,E001,E001-AS017,2026-08-11 04:00:00,EDR,958,950,ACTIVE
E001-T001758,E001,E001-AS017,2026-08-11 05:00:00,EDR,947,950,ACTIVE
E001-T001759,E001,E001-AS017,2026-08-11 06:00:00,EDR,1024,950,ACTIVE
E001-T001760,E001,E001-AS017,2026-08-11 07:00:00,EDR,961,950,ACTIVE
E001-T001761,E001,E001-AS017,2026-08-11 08:00:00,EDR,991,950,ACTIVE
E001-T001762,E001,E001-AS017,2026-08-11 09:00:00,EDR,934,950,ACTIVE
E001-T001763,E001,E001-AS017,2026-08-11 10:00:00,EDR,894,950,ACTIVE
E001-T001764,E001,E001-AS017,2026-08-11 11:00:00,EDR,1005,950,ACTIVE
E001-T001765,E001,E001-AS017,2026-08-11 12:00:00,EDR,892,950,ACTIVE
E001-T001766,E001,E001-AS017,2026-08-11 13:00:00,EDR,908,950,ACTIVE
E001-T001767,E001,E001-AS017,2026-08-11 14:00:00,EDR,993,950,ACTIVE
E001-T001768,E001,E001-AS017,2026-08-11 15:00:00,EDR,1018,950,ACTIVE
E001-T001769,E001,E001-AS017,2026-08-11 16:00:00,EDR,889,950,ACTIVE
E001-T001770,E001,E001-AS017,2026-08-11 17:00:00,EDR,951,950,ACTIVE
E001-T001771,E001,E001-AS017,2026-08-11 18:00:00,EDR,993,950,ACTIVE
E001-T001772,E001,E001-AS017,2026-08-11 19:00:00,EDR,995,950,ACTIVE
E001-T001773,E001,E001-AS017,2026-08-11 20:00:00,EDR,967,950,ACTIVE
E001-T001774,E001,E001-AS017,2026-08-11 21:00:00,EDR,978,950,ACTIVE
E001-T001775,E001,E001-AS017,2026-08-11 22:00:00,EDR,881,950,ACTIVE
E001-T001776,E001,E001-AS017,2026-08-11 23:00:00,EDR,933,950,ACTIVE
E001-T001777,E001,E001-AS017,2026-08-12 00:00:00,EDR,970,950,ACTIVE
E001-T001778,E001,E001-AS017,2026-08-12 01:00:00,EDR,996,950,ACTIVE
E001-T001779,E001,E001-AS017,2026-08-12 02:00:00,EDR,999,950,ACTIVE
E001-T001780,E001,E001-AS017,2026-08-12 03:00:00,EDR,945,950,ACTIVE
E001-T001781,E001,E001-AS017,2026-08-12 04:00:00,EDR,965,950,ACTIVE
E001-T001782,E001,E001-AS017,2026-08-12 05:00:00,EDR,887,950,ACTIVE
E001-T001783,E001,E001-AS017,2026-08-12 06:00:00,EDR,913,950,ACTIVE
E001-T001784,E001,E001-AS017,2026-08-12 07:00:00,EDR,930,950,ACTIVE
E001-T001785,E001,E001-AS017,2026-08-12 08:00:00,EDR,966,950,ACTIVE
E001-T001786,E001,E001-AS017,2026-08-12 09:00:00,EDR,984,950,ACTIVE
E001-T001787,E001,E001-AS017,2026-08-12 10:00:00,EDR,1015,950,ACTIVE
E001-T001788,E001,E001-AS017,2026-08-12 11:00:00,EDR,934,950,ACTIVE
E001-T001789,E001,E001-AS017,2026-08-12 12:00:00,EDR,9,950,DEGRADED
E001-T001790,E001,E001-AS017,2026-08-12 13:00:00,EDR,1,950,DEGRADED
E001-T001791,E001,E001-AS017,2026-08-12 14:00:00,EDR,5,950,DEGRADED
E001-T001792,E001,E001-AS017,2026-08-12 15:00:00,EDR,971,950,ACTIVE
E001-T001793,E001,E001-AS017,2026-08-12 16:00:00,EDR,940,950,ACTIVE
E001-T001794,E001,E001-AS017,2026-08-12 17:00:00,EDR,904,950,ACTIVE
E001-T001795,E001,E001-AS017,2026-08-12 18:00:00,EDR,973,950,ACTIVE
E001-T001796,E001,E001-AS017,2026-08-12 19:00:00,EDR,996,950,ACTIVE
E001-T001797,E001,E001-AS017,2026-08-12 20:00:00,EDR,917,950,ACTIVE
E001-T001798,E001,E001-AS017,2026-08-12 21:00:00,EDR,879,950,ACTIVE
E001-T001799,E001,E001-AS017,2026-08-12 22:00:00,EDR,965,950,ACTIVE
E001-T001800,E001,E001-AS017,2026-08-12 23:00:00,EDR,952,950,ACTIVE
E001-T001801,E001,E001-AS017,2026-08-13 00:00:00,EDR,909,950,ACTIVE
E001-T001802,E001,E001-AS017,2026-08-13 01:00:00,EDR,899,950,ACTIVE
E001-T001803,E001,E001-AS017,2026-08-13 02:00:00,EDR,879,950,ACTIVE
E001-T001804,E001,E001-AS017,2026-08-13 03:00:00,EDR,910,950,ACTIVE
E001-T001805,E001,E001-AS017,2026-08-13 04:00:00,EDR,874,950,ACTIVE
E001-T001806,E001,E001-AS017,2026-08-13 05:00:00,EDR,897,950,ACTIVE
E001-T001807,E001,E001-AS017,2026-08-13 06:00:00,EDR,1025,950,ACTIVE
E001-T001808,E001,E001-AS017,2026-08-13 07:00:00,EDR,992,950,ACTIVE
E001-T001809,E001,E001-AS017,2026-08-13 08:00:00,EDR,927,950,ACTIVE
E001-T001810,E001,E001-AS017,2026-08-13 09:00:00,EDR,934,950,ACTIVE
E001-T001811,E001,E001-AS017,2026-08-13 10:00:00,EDR,963,950,ACTIVE
E001-T001812,E001,E001-AS017,2026-08-13 11:00:00,EDR,952,950,ACTIVE
E001-T001813,E001,E001-AS017,2026-08-13 12:00:00,EDR,986,950,ACTIVE
E001-T001814,E001,E001-AS017,2026-08-13 13:00:00,EDR,884,950,ACTIVE
E001-T001815,E001,E001-AS017,2026-08-13 14:00:00,EDR,887,950,ACTIVE
E001-T001816,E001,E001-AS017,2026-08-13 15:00:00,EDR,917,950,ACTIVE
E001-T001817,E001,E001-AS017,2026-08-13 16:00:00,EDR,1000,950,ACTIVE
E001-T001818,E001,E001-AS017,2026-08-13 17:00:00,EDR,1013,950,ACTIVE
E001-T001819,E001,E001-AS017,2026-08-13 18:00:00,EDR,926,950,ACTIVE
E001-T001820,E001,E001-AS017,2026-08-13 19:00:00,EDR,1020,950,ACTIVE
E001-T001821,E001,E001-AS017,2026-08-13 20:00:00,EDR,916,950,ACTIVE
E001-T001822,E001,E001-AS017,2026-08-13 21:00:00,EDR,966,950,ACTIVE
E001-T001823,E001,E001-AS017,2026-08-13 22:00:00,EDR,903,950,ACTIVE
E001-T001824,E001,E001-AS017,2026-08-13 23:00:00,EDR,1015,950,ACTIVE
E001-T001825,E001,E001-AS017,2026-08-14 00:00:00,EDR,961,950,ACTIVE
E001-T001826,E001,E001-AS017,2026-08-14 01:00:00,EDR,913,950,ACTIVE
E001-T001827,E001,E001-AS017,2026-08-14 02:00:00,EDR,935,950,ACTIVE
E001-T001828,E001,E001-AS017,2026-08-14 03:00:00,EDR,890,950,ACTIVE
E001-T001829,E001,E001-AS017,2026-08-14 04:00:00,EDR,885,950,ACTIVE
E001-T001830,E001,E001-AS017,2026-08-14 05:00:00,EDR,918,950,ACTIVE
E001-T001831,E001,E001-AS017,2026-08-14 06:00:00,EDR,1017,950,ACTIVE
E001-T001832,E001,E001-AS017,2026-08-14 07:00:00,EDR,996,950,ACTIVE
E001-T001833,E001,E001-AS017,2026-08-14 08:00:00,EDR,1019,950,ACTIVE
E001-T001834,E001,E001-AS017,2026-08-14 09:00:00,EDR,1007,950,ACTIVE
E001-T001835,E001,E001-AS017,2026-08-14 10:00:00,EDR,997,950,ACTIVE
E001-T001836,E001,E001-AS017,2026-08-14 11:00:00,EDR,961,950,ACTIVE
E001-T001837,E001,E001-AS017,2026-08-14 12:00:00,EDR,979,950,ACTIVE
E001-T001838,E001,E001-AS017,2026-08-14 13:00:00,EDR,1020,950,ACTIVE
E001-T001839,E001,E001-AS017,2026-08-14 14:00:00,EDR,959,950,ACTIVE
E001-T001840,E001,E001-AS017,2026-08-14 15:00:00,EDR,991,950,ACTIVE
E001-T001841,E001,E001-AS017,2026-08-14 16:00:00,EDR,989,950,ACTIVE
E001-T001842,E001,E001-AS017,2026-08-14 17:00:00,EDR,1020,950,ACTIVE
E001-T001843,E001,E001-AS017,2026-08-14 18:00:00,EDR,943,950,ACTIVE
E001-T001844,E001,E001-AS017,2026-08-14 19:00:00,EDR,944,950,ACTIVE
E001-T001845,E001,E001-AS017,2026-08-14 20:00:00,EDR,963,950,ACTIVE
E001-T001846,E001,E001-AS017,2026-08-14 21:00:00,EDR,878,950,ACTIVE
E001-T001847,E001,E001-AS017,2026-08-14 22:00:00,EDR,891,950,ACTIVE
E001-T001848,E001,E001-AS017,2026-08-14 23:00:00,EDR,884,950,ACTIVE
E001-T001849,E001,E001-AS017,2026-08-15 00:00:00,EDR,970,950,ACTIVE
E001-T001850,E001,E001-AS017,2026-08-15 01:00:00,EDR,1025,950,ACTIVE
E001-T001851,E001,E001-AS017,2026-08-15 02:00:00,EDR,976,950,ACTIVE
E001-T001852,E001,E001-AS017,2026-08-15 03:00:00,EDR,908,950,ACTIVE
E001-T001853,E001,E001-AS017,2026-08-15 04:00:00,EDR,921,950,ACTIVE
E001-T001854,E001,E001-AS017,2026-08-15 05:00:00,EDR,1019,950,ACTIVE
E001-T001855,E001,E001-AS017,2026-08-15 06:00:00,EDR,952,950,ACTIVE
E001-T001856,E001,E001-AS017,2026-08-15 07:00:00,EDR,875,950,ACTIVE
E001-T001857,E001,E001-AS017,2026-08-15 08:00:00,EDR,1000,950,ACTIVE
E001-T001858,E001,E001-AS017,2026-08-15 09:00:00,EDR,911,950,ACTIVE
E001-T001859,E001,E001-AS017,2026-08-15 10:00:00,EDR,888,950,ACTIVE
E001-T001860,E001,E001-AS017,2026-08-15 11:00:00,EDR,976,950,ACTIVE
E001-T001861,E001,E001-AS017,2026-08-15 12:00:00,EDR,998,950,ACTIVE
E001-T001862,E001,E001-AS017,2026-08-15 13:00:00,EDR,885,950,ACTIVE
E001-T001863,E001,E001-AS017,2026-08-15 14:00:00,EDR,1015,950,ACTIVE
E001-T001864,E001,E001-AS017,2026-08-15 15:00:00,EDR,946,950,ACTIVE
E001-T001865,E001,E001-AS017,2026-08-15 16:00:00,EDR,927,950,ACTIVE
E001-T001866,E001,E001-AS017,2026-08-15 17:00:00,EDR,1009,950,ACTIVE
E001-T001867,E001,E001-AS017,2026-08-15 18:00:00,EDR,914,950,ACTIVE
E001-T001868,E001,E001-AS017,2026-08-15 19:00:00,EDR,1017,950,ACTIVE
E001-T001869,E001,E001-AS017,2026-08-15 20:00:00,EDR,977,950,ACTIVE
E001-T001870,E001,E001-AS017,2026-08-15 21:00:00,EDR,1012,950,ACTIVE
E001-T001871,E001,E001-AS017,2026-08-15 22:00:00,EDR,949,950,ACTIVE
E001-T001872,E001,E001-AS017,2026-08-15 23:00:00,EDR,904,950,ACTIVE
E001-T001873,E001,E001-AS018,2026-08-10 00:00:00,EDR,985,950,ACTIVE
E001-T001874,E001,E001-AS018,2026-08-10 01:00:00,EDR,1006,950,ACTIVE
E001-T001875,E001,E001-AS018,2026-08-10 02:00:00,EDR,905,950,ACTIVE
E001-T001876,E001,E001-AS018,2026-08-10 03:00:00,EDR,904,950,ACTIVE
E001-T001877,E001,E001-AS018,2026-08-10 04:00:00,EDR,911,950,ACTIVE
E001-T001878,E001,E001-AS018,2026-08-10 05:00:00,EDR,968,950,ACTIVE
E001-T001879,E001,E001-AS018,2026-08-10 06:00:00,EDR,897,950,ACTIVE
E001-T001880,E001,E001-AS018,2026-08-10 07:00:00,EDR,890,950,ACTIVE
E001-T001881,E001,E001-AS018,2026-08-10 08:00:00,EDR,1013,950,ACTIVE
E001-T001882,E001,E001-AS018,2026-08-10 09:00:00,EDR,976,950,ACTIVE
E001-T001883,E001,E001-AS018,2026-08-10 10:00:00,EDR,974,950,ACTIVE
E001-T001884,E001,E001-AS018,2026-08-10 11:00:00,EDR,967,950,ACTIVE
E001-T001885,E001,E001-AS018,2026-08-10 12:00:00,EDR,990,950,ACTIVE
E001-T001886,E001,E001-AS018,2026-08-10 13:00:00,EDR,956,950,ACTIVE
E001-T001887,E001,E001-AS018,2026-08-10 14:00:00,EDR,880,950,ACTIVE
E001-T001888,E001,E001-AS018,2026-08-10 15:00:00,EDR,947,950,ACTIVE
E001-T001889,E001,E001-AS018,2026-08-10 16:00:00,EDR,968,950,ACTIVE
E001-T001890,E001,E001-AS018,2026-08-10 17:00:00,EDR,948,950,ACTIVE
E001-T001891,E001,E001-AS018,2026-08-10 18:00:00,EDR,1023,950,ACTIVE
E001-T001892,E001,E001-AS018,2026-08-10 19:00:00,EDR,1010,950,ACTIVE
E001-T001893,E001,E001-AS018,2026-08-10 20:00:00,EDR,1006,950,ACTIVE
E001-T001894,E001,E001-AS018,2026-08-10 21:00:00,EDR,948,950,ACTIVE
E001-T001895,E001,E001-AS018,2026-08-10 22:00:00,EDR,1023,950,ACTIVE
E001-T001896,E001,E001-AS018,2026-08-10 23:00:00,EDR,1013,950,ACTIVE
E001-T001897,E001,E001-AS018,2026-08-11 00:00:00,EDR,916,950,ACTIVE
E001-T001898,E001,E001-AS018,2026-08-11 01:00:00,EDR,907,950,ACTIVE
E001-T001899,E001,E001-AS018,2026-08-11 02:00:00,EDR,961,950,ACTIVE
E001-T001900,E001,E001-AS018,2026-08-11 03:00:00,EDR,882,950,ACTIVE
E001-T001901,E001,E001-AS018,2026-08-11 04:00:00,EDR,995,950,ACTIVE
E001-T001902,E001,E001-AS018,2026-08-11 05:00:00,EDR,946,950,ACTIVE
E001-T001903,E001,E001-AS018,2026-08-11 06:00:00,EDR,956,950,ACTIVE
E001-T001904,E001,E001-AS018,2026-08-11 07:00:00,EDR,950,950,ACTIVE
E001-T001905,E001,E001-AS018,2026-08-11 08:00:00,EDR,933,950,ACTIVE
E001-T001906,E001,E001-AS018,2026-08-11 09:00:00,EDR,978,950,ACTIVE
E001-T001907,E001,E001-AS018,2026-08-11 10:00:00,EDR,900,950,ACTIVE
E001-T001908,E001,E001-AS018,2026-08-11 11:00:00,EDR,1022,950,ACTIVE
E001-T001909,E001,E001-AS018,2026-08-11 12:00:00,EDR,980,950,ACTIVE
E001-T001910,E001,E001-AS018,2026-08-11 13:00:00,EDR,943,950,ACTIVE
E001-T001911,E001,E001-AS018,2026-08-11 14:00:00,EDR,978,950,ACTIVE
E001-T001912,E001,E001-AS018,2026-08-11 15:00:00,EDR,875,950,ACTIVE
E001-T001913,E001,E001-AS018,2026-08-11 16:00:00,EDR,906,950,ACTIVE
E001-T001914,E001,E001-AS018,2026-08-11 17:00:00,EDR,962,950,ACTIVE
E001-T001915,E001,E001-AS018,2026-08-11 18:00:00,EDR,923,950,ACTIVE
E001-T001916,E001,E001-AS018,2026-08-11 19:00:00,EDR,967,950,ACTIVE
E001-T001917,E001,E001-AS018,2026-08-11 20:00:00,EDR,913,950,ACTIVE
E001-T001918,E001,E001-AS018,2026-08-11 21:00:00,EDR,957,950,ACTIVE
E001-T001919,E001,E001-AS018,2026-08-11 22:00:00,EDR,910,950,ACTIVE
E001-T001920,E001,E001-AS018,2026-08-11 23:00:00,EDR,945,950,ACTIVE
E001-T001921,E001,E001-AS018,2026-08-12 00:00:00,EDR,967,950,ACTIVE
E001-T001922,E001,E001-AS018,2026-08-12 01:00:00,EDR,929,950,ACTIVE
E001-T001923,E001,E001-AS018,2026-08-12 02:00:00,EDR,949,950,ACTIVE
E001-T001924,E001,E001-AS018,2026-08-12 03:00:00,EDR,906,950,ACTIVE
E001-T001925,E001,E001-AS018,2026-08-12 04:00:00,EDR,980,950,ACTIVE
E001-T001926,E001,E001-AS018,2026-08-12 05:00:00,EDR,930,950,ACTIVE
E001-T001927,E001,E001-AS018,2026-08-12 06:00:00,EDR,1003,950,ACTIVE
E001-T001928,E001,E001-AS018,2026-08-12 07:00:00,EDR,916,950,ACTIVE
E001-T001929,E001,E001-AS018,2026-08-12 08:00:00,EDR,901,950,ACTIVE
E001-T001930,E001,E001-AS018,2026-08-12 09:00:00,EDR,893,950,ACTIVE
E001-T001931,E001,E001-AS018,2026-08-12 10:00:00,EDR,961,950,ACTIVE
E001-T001932,E001,E001-AS018,2026-08-12 11:00:00,EDR,908,950,ACTIVE
E001-T001933,E001,E001-AS018,2026-08-12 12:00:00,EDR,889,950,ACTIVE
E001-T001934,E001,E001-AS018,2026-08-12 13:00:00,EDR,915,950,ACTIVE
E001-T001935,E001,E001-AS018,2026-08-12 14:00:00,EDR,909,950,ACTIVE
E001-T001936,E001,E001-AS018,2026-08-12 15:00:00,EDR,939,950,ACTIVE
E001-T001937,E001,E001-AS018,2026-08-12 16:00:00,EDR,931,950,ACTIVE
E001-T001938,E001,E001-AS018,2026-08-12 17:00:00,EDR,896,950,ACTIVE
E001-T001939,E001,E001-AS018,2026-08-12 18:00:00,EDR,1019,950,ACTIVE
E001-T001940,E001,E001-AS018,2026-08-12 19:00:00,EDR,896,950,ACTIVE
E001-T001941,E001,E001-AS018,2026-08-12 20:00:00,EDR,996,950,ACTIVE
E001-T001942,E001,E001-AS018,2026-08-12 21:00:00,EDR,900,950,ACTIVE
E001-T001943,E001,E001-AS018,2026-08-12 22:00:00,EDR,949,950,ACTIVE
E001-T001944,E001,E001-AS018,2026-08-12 23:00:00,EDR,1025,950,ACTIVE
E001-T001945,E001,E001-AS018,2026-08-13 00:00:00,EDR,1003,950,ACTIVE
E001-T001946,E001,E001-AS018,2026-08-13 01:00:00,EDR,952,950,ACTIVE
E001-T001947,E001,E001-AS018,2026-08-13 02:00:00,EDR,983,950,ACTIVE
E001-T001948,E001,E001-AS018,2026-08-13 03:00:00,EDR,993,950,ACTIVE
E001-T001949,E001,E001-AS018,2026-08-13 04:00:00,EDR,919,950,ACTIVE
E001-T001950,E001,E001-AS018,2026-08-13 05:00:00,EDR,959,950,ACTIVE
E001-T001951,E001,E001-AS018,2026-08-13 06:00:00,EDR,960,950,ACTIVE
E001-T001952,E001,E001-AS018,2026-08-13 07:00:00,EDR,934,950,ACTIVE
E001-T001953,E001,E001-AS018,2026-08-13 08:00:00,EDR,978,950,ACTIVE
E001-T001954,E001,E001-AS018,2026-08-13 09:00:00,EDR,883,950,ACTIVE
E001-T001955,E001,E001-AS018,2026-08-13 10:00:00,EDR,997,950,ACTIVE
E001-T001956,E001,E001-AS018,2026-08-13 11:00:00,EDR,946,950,ACTIVE
E001-T001957,E001,E001-AS018,2026-08-13 12:00:00,EDR,969,950,ACTIVE
E001-T001958,E001,E001-AS018,2026-08-13 13:00:00,EDR,942,950,ACTIVE
E001-T001959,E001,E001-AS018,2026-08-13 14:00:00,EDR,924,950,ACTIVE
E001-T001960,E001,E001-AS018,2026-08-13 15:00:00,EDR,928,950,ACTIVE
E001-T001961,E001,E001-AS018,2026-08-13 16:00:00,EDR,959,950,ACTIVE
E001-T001962,E001,E001-AS018,2026-08-13 17:00:00,EDR,1015,950,ACTIVE
E001-T001963,E001,E001-AS018,2026-08-13 18:00:00,EDR,913,950,ACTIVE
E001-T001964,E001,E001-AS018,2026-08-13 19:00:00,EDR,877,950,ACTIVE
E001-T001965,E001,E001-AS018,2026-08-13 20:00:00,EDR,892,950,ACTIVE
E001-T001966,E001,E001-AS018,2026-08-13 21:00:00,EDR,1005,950,ACTIVE
E001-T001967,E001,E001-AS018,2026-08-13 22:00:00,EDR,1020,950,ACTIVE
E001-T001968,E001,E001-AS018,2026-08-13 23:00:00,EDR,904,950,ACTIVE
E001-T001969,E001,E001-AS018,2026-08-14 00:00:00,EDR,961,950,ACTIVE
E001-T001970,E001,E001-AS018,2026-08-14 01:00:00,EDR,972,950,ACTIVE
E001-T001971,E001,E001-AS018,2026-08-14 02:00:00,EDR,900,950,ACTIVE
E001-T001972,E001,E001-AS018,2026-08-14 03:00:00,EDR,992,950,ACTIVE
E001-T001973,E001,E001-AS018,2026-08-14 04:00:00,EDR,927,950,ACTIVE
E001-T001974,E001,E001-AS018,2026-08-14 05:00:00,EDR,976,950,ACTIVE
E001-T001975,E001,E001-AS018,2026-08-14 06:00:00,EDR,948,950,ACTIVE
E001-T001976,E001,E001-AS018,2026-08-14 07:00:00,EDR,985,950,ACTIVE
E001-T001977,E001,E001-AS018,2026-08-14 08:00:00,EDR,1009,950,ACTIVE
E001-T001978,E001,E001-AS018,2026-08-14 09:00:00,EDR,931,950,ACTIVE
E001-T001979,E001,E001-AS018,2026-08-14 10:00:00,EDR,917,950,ACTIVE
E001-T001980,E001,E001-AS018,2026-08-14 11:00:00,EDR,970,950,ACTIVE
E001-T001981,E001,E001-AS018,2026-08-14 12:00:00,EDR,896,950,ACTIVE
E001-T001982,E001,E001-AS018,2026-08-14 13:00:00,EDR,899,950,ACTIVE
E001-T001983,E001,E001-AS018,2026-08-14 14:00:00,EDR,996,950,ACTIVE
E001-T001984,E001,E001-AS018,2026-08-14 15:00:00,EDR,925,950,ACTIVE
E001-T001985,E001,E001-AS018,2026-08-14 16:00:00,EDR,969,950,ACTIVE
E001-T001986,E001,E001-AS018,2026-08-14 17:00:00,EDR,960,950,ACTIVE
E001-T001987,E001,E001-AS018,2026-08-14 18:00:00,EDR,1003,950,ACTIVE
E001-T001988,E001,E001-AS018,2026-08-14 19:00:00,EDR,884,950,ACTIVE
E001-T001989,E001,E001-AS018,2026-08-14 20:00:00,EDR,898,950,ACTIVE
E001-T001990,E001,E001-AS018,2026-08-14 21:00:00,EDR,908,950,ACTIVE
E001-T001991,E001,E001-AS018,2026-08-14 22:00:00,EDR,922,950,ACTIVE
E001-T001992,E001,E001-AS018,2026-08-14 23:00:00,EDR,918,950,ACTIVE
E001-T001993,E001,E001-AS018,2026-08-15 00:00:00,EDR,914,950,ACTIVE
E001-T001994,E001,E001-AS018,2026-08-15 01:00:00,EDR,971,950,ACTIVE
E001-T001995,E001,E001-AS018,2026-08-15 02:00:00,EDR,915,950,ACTIVE
E001-T001996,E001,E001-AS018,2026-08-15 03:00:00,EDR,941,950,ACTIVE
E001-T001997,E001,E001-AS018,2026-08-15 04:00:00,EDR,1005,950,ACTIVE
E001-T001998,E001,E001-AS018,2026-08-15 05:00:00,EDR,929,950,ACTIVE
E001-T001999,E001,E001-AS018,2026-08-15 06:00:00,EDR,963,950,ACTIVE
E001-T002000,E001,E001-AS018,2026-08-15 07:00:00,EDR,1020,950,ACTIVE
E001-T002001,E001,E001-AS018,2026-08-15 08:00:00,EDR,936,950,ACTIVE
E001-T002002,E001,E001-AS018,2026-08-15 09:00:00,EDR,901,950,ACTIVE
E001-T002003,E001,E001-AS018,2026-08-15 10:00:00,EDR,877,950,ACTIVE
E001-T002004,E001,E001-AS018,2026-08-15 11:00:00,EDR,984,950,ACTIVE
E001-T002005,E001,E001-AS018,2026-08-15 12:00:00,EDR,974,950,ACTIVE
E001-T002006,E001,E001-AS018,2026-08-15 13:00:00,EDR,1016,950,ACTIVE
E001-T002007,E001,E001-AS018,2026-08-15 14:00:00,EDR,980,950,ACTIVE
E001-T002008,E001,E001-AS018,2026-08-15 15:00:00,EDR,886,950,ACTIVE
E001-T002009,E001,E001-AS018,2026-08-15 16:00:00,EDR,899,950,ACTIVE
E001-T002010,E001,E001-AS018,2026-08-15 17:00:00,EDR,889,950,ACTIVE
E001-T002011,E001,E001-AS018,2026-08-15 18:00:00,EDR,883,950,ACTIVE
E001-T002012,E001,E001-AS018,2026-08-15 19:00:00,EDR,1007,950,ACTIVE
E001-T002013,E001,E001-AS018,2026-08-15 20:00:00,EDR,957,950,ACTIVE
E001-T002014,E001,E001-AS018,2026-08-15 21:00:00,EDR,878,950,ACTIVE
E001-T002015,E001,E001-AS018,2026-08-15 22:00:00,EDR,934,950,ACTIVE
E001-T002016,E001,E001-AS018,2026-08-15 23:00:00,EDR,990,950,ACTIVE
