telemetry_id,entity_id,asset_id,timestamp,source_type,event_count,expected_event_count,status
TEL-E003-0001,E003,AST-E003-001,2026-08-30T04:46:00,,56,,
TEL-E003-0002,E003,AST-E003-002,2026-08-15T12:43:00,,68,,
TEL-E003-0003,E003,AST-E003-003,2026-08-26T00:05:00,,37,,
TEL-E003-0004,E003,AST-E003-004,2026-08-14T07:30:00,,48,,
TEL-E003-0005,E003,AST-E003-005,2026-08-17T16:27:00,,67,,
TEL-E003-0006,E003,AST-E003-006,2026-08-01T18:59:00,,81,,
TEL-E003-0007,E003,AST-E003-007,2026-08-25T11:50:00,,22,,
TEL-E003-0008,E003,AST-E003-008,2026-08-03T14:53:00,,99,,
TEL-E003-0009,E003,AST-E003-009,2026-08-22T12:43:00,,71,,
TEL-E003-0010,E003,AST-E003-010,2026-08-02T22:21:00,,31,,
TEL-E003-0011,E003,AST-E003-011,2026-08-01T22:24:00,,44,,
TEL-E003-0012,E003,AST-E003-012,2026-08-03T15:59:00,,40,,
TEL-E003-0013,E003,AST-E003-013,2026-08-13T05:52:00,,54,,
TEL-E003-0014,E003,AST-E003-014,2026-08-13T04:22:00,,4,,
TEL-E003-0015,E003,AST-E003-015,2026-08-20T21:11:00,,98,,
TEL-E003-0016,E003,AST-E003-016,2026-08-26T23:45:00,,96,,
TEL-E003-0017,E003,AST-E003-017,2026-08-20T02:28:00,,36,,
TEL-E003-0018,E003,AST-E003-018,2026-08-02T02:09:00,,3,,
TEL-E003-0019,E003,AST-E003-019,2026-08-23T10:38:00,,60,,
TEL-E003-0020,E003,AST-E003-020,2026-08-25T01:13:00,,67,,
TEL-E003-0021,E003,AST-E003-021,2026-08-30T02:28:00,,24,,
TEL-E003-0022,E003,AST-E003-022,2026-08-04T16:32:00,,53,,
TEL-E003-0023,E003,AST-E003-023,2026-08-17T08:22:00,,36,,
TEL-E003-0024,E003,AST-E003-024,2026-08-12T23:09:00,,68,,
TEL-E003-0025,E003,AST-E003-025,2026-08-08T09:38:00,,67,,
TEL-E003-0026,E003,AST-E003-026,2026-08-03T01:14:00,,30,,
TEL-E003-0027,E003,AST-E003-027,2026-08-22T05:16:00,,41,,
TEL-E003-0028,E003,AST-E003-028,2026-08-27T11:31:00,,17,,
TEL-E003-0029,E003,AST-E003-029,2026-08-14T01:40:00,,56,,
TEL-E003-0030,E003,AST-E003-030,2026-08-04T18:50:00,,66,,
TEL-E003-0031,E003,AST-E003-001,2026-08-23T11:56:00,,40,,
TEL-E003-0032,E003,AST-E003-002,2026-08-17T01:42:00,,51,,
TEL-E003-0033,E003,AST-E003-003,2026-08-15T17:22:00,,28,,
TEL-E003-0034,E003,AST-E003-004,2026-08-03T01:22:00,,79,,
TEL-E003-0035,E003,AST-E003-005,2026-08-19T04:45:00,,17,,
TEL-E003-0036,E003,AST-E003-006,2026-08-20T07:52:00,,11,,
TEL-E003-0037,E003,AST-E003-007,2026-08-23T20:53:00,,95,,
TEL-E003-0038,E003,AST-E003-008,2026-08-04T22:52:00,,81,,
TEL-E003-0039,E003,AST-E003-009,2026-08-01T13:51:00,,56,,
TEL-E003-0040,E003,AST-E003-010,2026-08-13T12:18:00,,35,,
TEL-E003-0041,E003,AST-E003-011,2026-08-14T12:06:00,,31,,
TEL-E003-0042,E003,AST-E003-012,2026-08-23T11:28:00,,20,,
TEL-E003-0043,E003,AST-E003-013,2026-08-09T10:19:00,,83,,
TEL-E003-0044,E003,AST-E003-014,2026-08-01T17:18:00,,7,,
TEL-E003-0045,E003,AST-E003-015,2026-08-09T12:55:00,,25,,
TEL-E003-0046,E003,AST-E003-016,2026-08-30T20:29:00,,7,,
TEL-E003-0047,E003,AST-E003-017,2026-08-25T04:23:00,,49,,
TEL-E003-0048,E003,AST-E003-018,2026-08-06T04:56:00,,24,,
TEL-E003-0049,E003,AST-E003-019,2026-08-02T12:43:00,,17,,
TEL-E003-0050,E003,AST-E003-020,2026-08-06T13:42:00,,17,,
TEL-E003-0051,E003,AST-E003-021,2026-08-18T18:58:00,,25,,
TEL-E003-0052,E003,AST-E003-022,2026-08-01T16:06:00,,62,,
TEL-E003-0053,E003,AST-E003-023,2026-08-12T12:38:00,,70,,
TEL-E003-0054,E003,AST-E003-024,2026-08-23T09:49:00,,61,,
TEL-E003-0055,E003,AST-E003-025,2026-08-02T07:18:00,,73,,
TEL-E003-0056,E003,AST-E003-026,2026-08-19T20:59:00,,57,,
TEL-E003-0057,E003,AST-E003-027,2026-08-08T02:52:00,,26,,
TEL-E003-0058,E003,AST-E003-028,2026-08-28T09:08:00,,39,,
TEL-E003-0059,E003,AST-E003-029,2026-08-08T23:24:00,,26,,
TEL-E003-0060,E003,AST-E003-030,2026-08-07T06:25:00,,53,,
TEL-E003-0061,E003,AST-E003-001,2026-08-29T07:05:00,,74,,
TEL-E003-0062,E003,AST-E003-002,2026-08-01T23:12:00,,52,,
TEL-E003-0063,E003,AST-E003-003,2026-08-27T05:25:00,,12,,
TEL-E003-0064,E003,AST-E003-004,2026-08-22T10:10:00,,19,,
TEL-E003-0065,E003,AST-E003-005,2026-08-28T04:56:00,,59,,
TEL-E003-0066,E003,AST-E003-006,2026-08-24T09:06:00,,76,,
TEL-E003-0067,E003,AST-E003-007,2026-08-17T15:30:00,,37,,
TEL-E003-0068,E003,AST-E003-008,2026-08-14T21:03:00,,16,,
TEL-E003-0069,E003,AST-E003-009,2026-08-28T17:37:00,,94,,
TEL-E003-0070,E003,AST-E003-010,2026-08-30T16:48:00,,56,,
TEL-E003-0071,E003,AST-E003-011,2026-08-13T11:28:00,,62,,
TEL-E003-0072,E003,AST-E003-012,2026-08-16T13:23:00,,80,,
TEL-E003-0073,E003,AST-E003-013,2026-08-03T16:19:00,,55,,
TEL-E003-0074,E003,AST-E003-014,2026-08-26T08:35:00,,31,,
TEL-E003-0075,E003,AST-E003-015,2026-08-18T16:55:00,,10,,
TEL-E003-0076,E003,AST-E003-016,2026-08-18T00:26:00,,71,,
TEL-E003-0077,E003,AST-E003-017,2026-08-23T19:39:00,,94,,
TEL-E003-0078,E003,AST-E003-018,2026-08-19T01:31:00,,39,,
TEL-E003-0079,E003,AST-E003-019,2026-08-18T06:23:00,,57,,
TEL-E003-0080,E003,AST-E003-020,2026-08-18T06:54:00,,19,,
TEL-E003-0081,E003,AST-E003-021,2026-08-16T01:12:00,,48,,
TEL-E003-0082,E003,AST-E003-022,2026-08-04T06:14:00,,11,,
TEL-E003-0083,E003,AST-E003-023,2026-08-10T20:25:00,,37,,
TEL-E003-0084,E003,AST-E003-024,2026-08-10T07:01:00,,69,,
TEL-E003-0085,E003,AST-E003-025,2026-08-15T14:46:00,,93,,
TEL-E003-0086,E003,AST-E003-026,2026-08-11T00:40:00,,88,,
TEL-E003-0087,E003,AST-E003-027,2026-08-27T22:07:00,,29,,
TEL-E003-0088,E003,AST-E003-028,2026-08-22T23:12:00,,37,,
TEL-E003-0089,E003,AST-E003-029,2026-08-26T11:43:00,,23,,
TEL-E003-0090,E003,AST-E003-030,2026-08-28T14:06:00,,4,,
TEL-E003-0091,E003,AST-E003-001,2026-08-17T07:40:00,,63,,
TEL-E003-0092,E003,AST-E003-002,2026-08-09T16:36:00,,18,,
TEL-E003-0093,E003,AST-E003-003,2026-08-19T00:38:00,,76,,
TEL-E003-0094,E003,AST-E003-004,2026-08-29T22:39:00,,37,,
TEL-E003-0095,E003,AST-E003-005,2026-08-05T17:59:00,,57,,
TEL-E003-0096,E003,AST-E003-006,2026-08-15T22:45:00,,42,,
TEL-E003-0097,E003,AST-E003-007,2026-08-23T04:13:00,,85,,
TEL-E003-0098,E003,AST-E003-008,2026-08-16T10:10:00,,42,,
TEL-E003-0099,E003,AST-E003-009,2026-08-10T12:33:00,,7,,
TEL-E003-0100,E003,AST-E003-010,2026-08-30T12:26:00,,74,,
TEL-E003-0101,E003,AST-E003-011,2026-08-05T05:09:00,,61,,
TEL-E003-0102,E003,AST-E003-012,2026-08-25T20:47:00,,45,,
TEL-E003-0103,E003,AST-E003-013,2026-08-22T02:02:00,,74,,
TEL-E003-0104,E003,AST-E003-014,2026-08-14T22:06:00,,75,,
TEL-E003-0105,E003,AST-E003-015,2026-08-25T12:37:00,,41,,
TEL-E003-0106,E003,AST-E003-016,2026-08-27T22:38:00,,8,,
TEL-E003-0107,E003,AST-E003-017,2026-08-21T00:45:00,,64,,
TEL-E003-0108,E003,AST-E003-018,2026-08-11T04:00:00,,59,,
TEL-E003-0109,E003,AST-E003-019,2026-08-06T18:46:00,,41,,
TEL-E003-0110,E003,AST-E003-020,2026-08-09T19:40:00,,64,,
TEL-E003-0111,E003,AST-E003-021,2026-08-12T13:40:00,,31,,
TEL-E003-0112,E003,AST-E003-022,2026-08-19T14:20:00,,29,,
TEL-E003-0113,E003,AST-E003-023,2026-08-09T10:01:00,,45,,
TEL-E003-0114,E003,AST-E003-024,2026-08-13T07:39:00,,94,,
TEL-E003-0115,E003,AST-E003-025,2026-08-06T09:24:00,,39,,
TEL-E003-0116,E003,AST-E003-026,2026-08-21T10:58:00,,32,,
TEL-E003-0117,E003,AST-E003-027,2026-08-23T07:32:00,,86,,
TEL-E003-0118,E003,AST-E003-028,2026-08-17T22:25:00,,88,,
TEL-E003-0119,E003,AST-E003-029,2026-08-25T11:39:00,,77,,
TEL-E003-0120,E003,AST-E003-030,2026-08-09T09:35:00,,48,,
TEL-E003-0121,E003,AST-E003-001,2026-08-03T21:09:00,,63,,
TEL-E003-0122,E003,AST-E003-002,2026-08-02T03:38:00,,67,,
TEL-E003-0123,E003,AST-E003-003,2026-08-20T10:19:00,,50,,
TEL-E003-0124,E003,AST-E003-004,2026-08-24T02:49:00,,52,,
TEL-E003-0125,E003,AST-E003-005,2026-08-29T12:12:00,,15,,
TEL-E003-0126,E003,AST-E003-006,2026-08-20T09:51:00,,75,,
TEL-E003-0127,E003,AST-E003-007,2026-08-15T22:59:00,,68,,
TEL-E003-0128,E003,AST-E003-008,2026-08-08T00:06:00,,81,,
TEL-E003-0129,E003,AST-E003-009,2026-08-25T21:04:00,,48,,
TEL-E003-0130,E003,AST-E003-010,2026-08-23T18:08:00,,82,,
TEL-E003-0131,E003,AST-E003-011,2026-08-10T13:51:00,,75,,
TEL-E003-0132,E003,AST-E003-012,2026-08-14T11:10:00,,96,,
TEL-E003-0133,E003,AST-E003-013,2026-08-30T23:15:00,,55,,
TEL-E003-0134,E003,AST-E003-014,2026-08-26T18:12:00,,62,,
TEL-E003-0135,E003,AST-E003-015,2026-08-18T04:10:00,,38,,
TEL-E003-0136,E003,AST-E003-016,2026-08-09T22:31:00,,42,,
TEL-E003-0137,E003,AST-E003-017,2026-08-26T13:03:00,,93,,
TEL-E003-0138,E003,AST-E003-018,2026-08-23T10:46:00,,60,,
TEL-E003-0139,E003,AST-E003-019,2026-08-10T06:19:00,,14,,
TEL-E003-0140,E003,AST-E003-020,2026-08-03T19:51:00,,22,,
TEL-E003-0141,E003,AST-E003-021,2026-08-24T07:42:00,,13,,
TEL-E003-0142,E003,AST-E003-022,2026-08-26T10:56:00,,72,,
TEL-E003-0143,E003,AST-E003-023,2026-08-24T19:05:00,,36,,
TEL-E003-0144,E003,AST-E003-024,2026-08-04T08:10:00,,88,,
TEL-E003-0145,E003,AST-E003-025,2026-08-15T15:14:00,,16,,
TEL-E003-0146,E003,AST-E003-026,2026-08-10T23:17:00,,48,,
TEL-E003-0147,E003,AST-E003-027,2026-08-21T02:05:00,,48,,
TEL-E003-0148,E003,AST-E003-028,2026-08-09T19:15:00,,86,,
TEL-E003-0149,E003,AST-E003-029,2026-08-11T11:31:00,,45,,
TEL-E003-0150,E003,AST-E003-030,2026-08-16T22:52:00,,91,,
TEL-E003-0151,E003,AST-E003-001,2026-08-07T11:54:00,,59,,
TEL-E003-0152,E003,AST-E003-002,2026-08-16T12:47:00,,98,,
TEL-E003-0153,E003,AST-E003-003,2026-08-07T18:59:00,,86,,
TEL-E003-0154,E003,AST-E003-004,2026-08-23T16:10:00,,48,,
TEL-E003-0155,E003,AST-E003-005,2026-08-21T09:49:00,,56,,
TEL-E003-0156,E003,AST-E003-006,2026-08-13T01:12:00,,75,,
TEL-E003-0157,E003,AST-E003-007,2026-08-18T23:53:00,,5,,
TEL-E003-0158,E003,AST-E003-008,2026-08-09T01:38:00,,28,,
TEL-E003-0159,E003,AST-E003-009,2026-08-07T07:13:00,,33,,
TEL-E003-0160,E003,AST-E003-010,2026-08-03T07:31:00,,16,,
TEL-E003-0161,E003,AST-E003-011,2026-08-08T13:04:00,,63,,
TEL-E003-0162,E003,AST-E003-012,2026-08-20T19:12:00,,15,,
TEL-E003-0163,E003,AST-E003-013,2026-08-26T02:14:00,,34,,
TEL-E003-0164,E003,AST-E003-014,2026-08-07T13:24:00,,88,,
TEL-E003-0165,E003,AST-E003-015,2026-08-07T14:51:00,,90,,
TEL-E003-0166,E003,AST-E003-016,2026-08-05T02:26:00,,71,,
TEL-E003-0167,E003,AST-E003-017,2026-08-29T03:32:00,,23,,
TEL-E003-0168,E003,AST-E003-018,2026-08-01T10:09:00,,88,,
TEL-E003-0169,E003,AST-E003-019,2026-08-20T05:36:00,,5,,
TEL-E003-0170,E003,AST-E003-020,2026-08-16T15:38:00,,14,,
TEL-E003-0171,E003,AST-E003-021,2026-08-03T08:21:00,,2,,
TEL-E003-0172,E003,AST-E003-022,2026-08-25T17:01:00,,81,,
TEL-E003-0173,E003,AST-E003-023,2026-08-11T13:18:00,,31,,
TEL-E003-0174,E003,AST-E003-024,2026-08-01T14:17:00,,30,,
TEL-E003-0175,E003,AST-E003-025,2026-08-08T12:16:00,,13,,
TEL-E003-0176,E003,AST-E003-026,2026-08-19T07:56:00,,70,,
TEL-E003-0177,E003,AST-E003-027,2026-08-28T12:34:00,,13,,
TEL-E003-0178,E003,AST-E003-028,2026-08-02T11:04:00,,76,,
TEL-E003-0179,E003,AST-E003-029,2026-08-16T18:16:00,,59,,
TEL-E003-0180,E003,AST-E003-030,2026-08-27T05:28:00,,85,,
TEL-E003-0181,E003,AST-E003-001,2026-08-10T20:25:00,,9,,
TEL-E003-0182,E003,AST-E003-002,2026-08-09T10:09:00,,37,,
TEL-E003-0183,E003,AST-E003-003,2026-08-27T19:42:00,,67,,
TEL-E003-0184,E003,AST-E003-004,2026-08-07T01:45:00,,29,,
TEL-E003-0185,E003,AST-E003-005,2026-08-18T00:02:00,,10,,
TEL-E003-0186,E003,AST-E003-006,2026-08-24T01:34:00,,32,,
TEL-E003-0187,E003,AST-E003-007,2026-08-20T04:24:00,,3,,
TEL-E003-0188,E003,AST-E003-008,2026-08-22T21:14:00,,91,,
TEL-E003-0189,E003,AST-E003-009,2026-08-24T11:05:00,,7,,
TEL-E003-0190,E003,AST-E003-010,2026-08-17T00:13:00,,61,,
TEL-E003-0191,E003,AST-E003-011,2026-08-23T16:45:00,,17,,
TEL-E003-0192,E003,AST-E003-012,2026-08-15T09:31:00,,84,,
TEL-E003-0193,E003,AST-E003-013,2026-08-03T07:52:00,,31,,
TEL-E003-0194,E003,AST-E003-014,2026-08-05T03:10:00,,68,,
TEL-E003-0195,E003,AST-E003-015,2026-08-24T11:22:00,,11,,
TEL-E003-0196,E003,AST-E003-016,2026-08-15T00:42:00,,9,,
TEL-E003-0197,E003,AST-E003-017,2026-08-17T19:43:00,,54,,
TEL-E003-0198,E003,AST-E003-018,2026-08-16T11:27:00,,60,,
TEL-E003-0199,E003,AST-E003-019,2026-08-16T23:03:00,,40,,
TEL-E003-0200,E003,AST-E003-020,2026-08-23T05:35:00,,96,,
TEL-E003-0201,E003,AST-E003-021,2026-08-13T00:24:00,,13,,
TEL-E003-0202,E003,AST-E003-022,2026-08-30T22:34:00,,54,,
TEL-E003-0203,E003,AST-E003-023,2026-08-23T00:48:00,,77,,
TEL-E003-0204,E003,AST-E003-024,2026-08-03T23:53:00,,79,,
TEL-E003-0205,E003,AST-E003-025,2026-08-19T15:10:00,,24,,
TEL-E003-0206,E003,AST-E003-026,2026-08-15T20:39:00,,65,,
TEL-E003-0207,E003,AST-E003-027,2026-08-21T21:54:00,,54,,
TEL-E003-0208,E003,AST-E003-028,2026-08-27T00:57:00,,56,,
TEL-E003-0209,E003,AST-E003-029,2026-08-03T03:41:00,,47,,
TEL-E003-0210,E003,AST-E003-030,2026-08-19T03:32:00,,18,,
TEL-E003-0211,E003,AST-E003-001,2026-08-11T17:17:00,,83,,
TEL-E003-0212,E003,AST-E003-002,2026-08-20T03:25:00,,62,,
TEL-E003-0213,E003,AST-E003-003,2026-08-23T02:11:00,,79,,
TEL-E003-0214,E003,AST-E003-004,2026-08-10T10:32:00,,8,,
TEL-E003-0215,E003,AST-E003-005,2026-08-30T17:40:00,,25,,
TEL-E003-0216,E003,AST-E003-006,2026-08-27T02:39:00,,51,,
TEL-E003-0217,E003,AST-E003-007,2026-08-24T16:02:00,,14,,
TEL-E003-0218,E003,AST-E003-008,2026-08-28T09:32:00,,71,,
TEL-E003-0219,E003,AST-E003-009,2026-08-07T04:31:00,,19,,
TEL-E003-0220,E003,AST-E003-010,2026-08-08T12:11:00,,64,,
TEL-E003-0221,E003,AST-E003-011,2026-08-15T16:47:00,,33,,
TEL-E003-0222,E003,AST-E003-012,2026-08-26T08:36:00,,41,,
TEL-E003-0223,E003,AST-E003-013,2026-08-26T11:21:00,,16,,
TEL-E003-0224,E003,AST-E003-014,2026-08-14T03:54:00,,27,,
TEL-E003-0225,E003,AST-E003-015,2026-08-19T01:26:00,,43,,
TEL-E003-0226,E003,AST-E003-016,2026-08-11T18:30:00,,72,,
TEL-E003-0227,E003,AST-E003-017,2026-08-15T03:13:00,,72,,
TEL-E003-0228,E003,AST-E003-018,2026-08-19T11:05:00,,31,,
TEL-E003-0229,E003,AST-E003-019,2026-08-07T22:42:00,,33,,
TEL-E003-0230,E003,AST-E003-020,2026-08-16T23:38:00,,20,,
TEL-E003-0231,E003,AST-E003-021,2026-08-17T00:18:00,,81,,
TEL-E003-0232,E003,AST-E003-022,2026-08-26T17:18:00,,55,,
TEL-E003-0233,E003,AST-E003-023,2026-08-12T18:14:00,,34,,
TEL-E003-0234,E003,AST-E003-024,2026-08-27T15:41:00,,58,,
TEL-E003-0235,E003,AST-E003-025,2026-08-10T14:54:00,,86,,
TEL-E003-0236,E003,AST-E003-026,2026-08-05T08:49:00,,99,,
TEL-E003-0237,E003,AST-E003-027,2026-08-19T11:24:00,,33,,
TEL-E003-0238,E003,AST-E003-028,2026-08-06T23:38:00,,23,,
TEL-E003-0239,E003,AST-E003-029,2026-08-15T21:41:00,,29,,
TEL-E003-0240,E003,AST-E003-030,2026-08-16T06:08:00,,100,,
TEL-E003-0241,E003,AST-E003-001,2026-08-15T17:51:00,,43,,
TEL-E003-0242,E003,AST-E003-002,2026-08-26T15:18:00,,63,,
TEL-E003-0243,E003,AST-E003-003,2026-08-21T11:10:00,,62,,
TEL-E003-0244,E003,AST-E003-004,2026-08-01T08:54:00,,48,,
TEL-E003-0245,E003,AST-E003-005,2026-08-23T03:30:00,,67,,
TEL-E003-0246,E003,AST-E003-006,2026-08-10T08:04:00,,61,,
TEL-E003-0247,E003,AST-E003-007,2026-08-17T18:57:00,,70,,
TEL-E003-0248,E003,AST-E003-008,2026-08-16T08:22:00,,69,,
TEL-E003-0249,E003,AST-E003-009,2026-08-21T21:15:00,,10,,
TEL-E003-0250,E003,AST-E003-010,2026-08-15T05:03:00,,69,,
TEL-E003-0251,E003,AST-E003-011,2026-08-06T13:14:00,,95,,
TEL-E003-0252,E003,AST-E003-012,2026-08-13T04:33:00,,47,,
TEL-E003-0253,E003,AST-E003-013,2026-08-25T22:33:00,,43,,
TEL-E003-0254,E003,AST-E003-014,2026-08-02T00:04:00,,22,,
TEL-E003-0255,E003,AST-E003-015,2026-08-06T04:46:00,,96,,
TEL-E003-0256,E003,AST-E003-016,2026-08-23T09:27:00,,87,,
TEL-E003-0257,E003,AST-E003-017,2026-08-21T02:15:00,,98,,
TEL-E003-0258,E003,AST-E003-018,2026-08-05T11:27:00,,14,,
TEL-E003-0259,E003,AST-E003-019,2026-08-14T02:26:00,,4,,
TEL-E003-0260,E003,AST-E003-020,2026-08-10T22:14:00,,5,,
TEL-E003-0261,E003,AST-E003-021,2026-08-06T22:38:00,,91,,
TEL-E003-0262,E003,AST-E003-022,2026-08-21T14:08:00,,90,,
TEL-E003-0263,E003,AST-E003-023,2026-08-01T23:35:00,,28,,
TEL-E003-0264,E003,AST-E003-024,2026-08-28T01:00:00,,90,,
TEL-E003-0265,E003,AST-E003-025,2026-08-17T04:48:00,,86,,
TEL-E003-0266,E003,AST-E003-026,2026-08-22T19:13:00,,81,,
TEL-E003-0267,E003,AST-E003-027,2026-08-14T03:23:00,,98,,
TEL-E003-0268,E003,AST-E003-028,2026-08-08T20:10:00,,50,,
TEL-E003-0269,E003,AST-E003-029,2026-08-12T07:41:00,,44,,
TEL-E003-0270,E003,AST-E003-030,2026-08-17T00:37:00,,48,,
TEL-E003-0271,E003,AST-E003-001,2026-08-04T16:27:00,,94,,
TEL-E003-0272,E003,AST-E003-002,2026-08-15T03:13:00,,66,,
TEL-E003-0273,E003,AST-E003-003,2026-08-20T22:21:00,,81,,
TEL-E003-0274,E003,AST-E003-004,2026-08-17T07:26:00,,57,,
TEL-E003-0275,E003,AST-E003-005,2026-08-03T19:45:00,,80,,
TEL-E003-0276,E003,AST-E003-006,2026-08-23T20:54:00,,39,,
TEL-E003-0277,E003,AST-E003-007,2026-08-05T07:18:00,,57,,
TEL-E003-0278,E003,AST-E003-008,2026-08-19T08:15:00,,34,,
TEL-E003-0279,E003,AST-E003-009,2026-08-07T09:13:00,,23,,
TEL-E003-0280,E003,AST-E003-010,2026-08-10T10:03:00,,87,,
TEL-E003-0281,E003,AST-E003-011,2026-08-27T01:43:00,,48,,
TEL-E003-0282,E003,AST-E003-012,2026-08-10T01:42:00,,42,,
TEL-E003-0283,E003,AST-E003-013,2026-08-21T08:03:00,,77,,
TEL-E003-0284,E003,AST-E003-014,2026-08-03T08:39:00,,23,,
TEL-E003-0285,E003,AST-E003-015,2026-08-29T18:56:00,,40,,
TEL-E003-0286,E003,AST-E003-016,2026-08-24T22:44:00,,31,,
TEL-E003-0287,E003,AST-E003-017,2026-08-04T06:19:00,,47,,
TEL-E003-0288,E003,AST-E003-018,2026-08-25T18:06:00,,1,,
TEL-E003-0289,E003,AST-E003-019,2026-08-09T11:37:00,,21,,
TEL-E003-0290,E003,AST-E003-020,2026-08-16T04:48:00,,47,,
TEL-E003-0291,E003,AST-E003-021,2026-08-27T18:19:00,,91,,
TEL-E003-0292,E003,AST-E003-022,2026-08-24T11:47:00,,97,,
TEL-E003-0293,E003,AST-E003-023,2026-08-26T03:40:00,,19,,
TEL-E003-0294,E003,AST-E003-024,2026-08-27T07:26:00,,45,,
TEL-E003-0295,E003,AST-E003-025,2026-08-17T05:16:00,,59,,
TEL-E003-0296,E003,AST-E003-026,2026-08-20T20:12:00,,60,,
TEL-E003-0297,E003,AST-E003-027,2026-08-19T16:09:00,,35,,
TEL-E003-0298,E003,AST-E003-028,2026-08-20T09:46:00,,16,,
TEL-E003-0299,E003,AST-E003-029,2026-08-01T16:45:00,,53,,
TEL-E003-0300,E003,AST-E003-030,2026-08-03T08:02:00,,98,,
TEL-E003-0301,E003,AST-E003-001,2026-08-12T17:01:00,,6,,
TEL-E003-0302,E003,AST-E003-002,2026-08-13T09:55:00,,55,,
TEL-E003-0303,E003,AST-E003-003,2026-08-17T04:19:00,,30,,
TEL-E003-0304,E003,AST-E003-004,2026-08-28T13:32:00,,96,,
TEL-E003-0305,E003,AST-E003-005,2026-08-18T18:35:00,,37,,
TEL-E003-0306,E003,AST-E003-006,2026-08-29T07:12:00,,47,,
TEL-E003-0307,E003,AST-E003-007,2026-08-01T08:04:00,,63,,
TEL-E003-0308,E003,AST-E003-008,2026-08-13T07:20:00,,73,,
TEL-E003-0309,E003,AST-E003-009,2026-08-22T21:54:00,,97,,
TEL-E003-0310,E003,AST-E003-010,2026-08-19T18:04:00,,98,,
TEL-E003-0311,E003,AST-E003-011,2026-08-27T09:47:00,,27,,
TEL-E003-0312,E003,AST-E003-012,2026-08-18T12:27:00,,97,,
TEL-E003-0313,E003,AST-E003-013,2026-08-27T11:20:00,,34,,
TEL-E003-0314,E003,AST-E003-014,2026-08-15T02:57:00,,20,,
TEL-E003-0315,E003,AST-E003-015,2026-08-30T14:16:00,,37,,
TEL-E003-0316,E003,AST-E003-016,2026-08-15T23:54:00,,25,,
TEL-E003-0317,E003,AST-E003-017,2026-08-19T11:01:00,,67,,
TEL-E003-0318,E003,AST-E003-018,2026-08-11T22:53:00,,58,,
TEL-E003-0319,E003,AST-E003-019,2026-08-12T13:18:00,,66,,
TEL-E003-0320,E003,AST-E003-020,2026-08-27T07:46:00,,5,,
TEL-E003-0321,E003,AST-E003-021,2026-08-29T16:42:00,,80,,
TEL-E003-0322,E003,AST-E003-022,2026-08-17T13:39:00,,33,,
TEL-E003-0323,E003,AST-E003-023,2026-08-09T04:43:00,,34,,
TEL-E003-0324,E003,AST-E003-024,2026-08-25T03:55:00,,87,,
TEL-E003-0325,E003,AST-E003-025,2026-08-28T01:02:00,,25,,
TEL-E003-0326,E003,AST-E003-026,2026-08-17T11:41:00,,8,,
TEL-E003-0327,E003,AST-E003-027,2026-08-26T18:04:00,,15,,
TEL-E003-0328,E003,AST-E003-028,2026-08-29T17:52:00,,53,,
TEL-E003-0329,E003,AST-E003-029,2026-08-15T01:00:00,,10,,
TEL-E003-0330,E003,AST-E003-030,2026-08-22T11:02:00,,88,,
TEL-E003-0331,E003,AST-E003-001,2026-08-12T20:24:00,,34,,
TEL-E003-0332,E003,AST-E003-002,2026-08-26T02:20:00,,76,,
TEL-E003-0333,E003,AST-E003-003,2026-08-25T21:51:00,,98,,
TEL-E003-0334,E003,AST-E003-004,2026-08-30T10:18:00,,53,,
TEL-E003-0335,E003,AST-E003-005,2026-08-03T13:31:00,,19,,
TEL-E003-0336,E003,AST-E003-006,2026-08-10T06:22:00,,26,,
TEL-E003-0337,E003,AST-E003-007,2026-08-17T11:33:00,,22,,
TEL-E003-0338,E003,AST-E003-008,2026-08-19T07:10:00,,14,,
TEL-E003-0339,E003,AST-E003-009,2026-08-16T01:42:00,,54,,
TEL-E003-0340,E003,AST-E003-010,2026-08-11T10:39:00,,12,,
TEL-E003-0341,E003,AST-E003-011,2026-08-04T10:03:00,,24,,
TEL-E003-0342,E003,AST-E003-012,2026-08-21T13:46:00,,89,,
TEL-E003-0343,E003,AST-E003-013,2026-08-17T06:43:00,,65,,
TEL-E003-0344,E003,AST-E003-014,2026-08-08T07:44:00,,29,,
TEL-E003-0345,E003,AST-E003-015,2026-08-30T15:47:00,,52,,
TEL-E003-0346,E003,AST-E003-016,2026-08-04T02:09:00,,87,,
TEL-E003-0347,E003,AST-E003-017,2026-08-17T10:53:00,,21,,
TEL-E003-0348,E003,AST-E003-018,2026-08-29T20:38:00,,15,,
TEL-E003-0349,E003,AST-E003-019,2026-08-12T02:11:00,,18,,
TEL-E003-0350,E003,AST-E003-020,2026-08-26T14:14:00,,72,,
TEL-E003-0351,E003,AST-E003-021,2026-08-20T16:57:00,,12,,
TEL-E003-0352,E003,AST-E003-022,2026-08-21T06:17:00,,31,,
TEL-E003-0353,E003,AST-E003-023,2026-08-06T20:12:00,,29,,
TEL-E003-0354,E003,AST-E003-024,2026-08-25T08:03:00,,17,,
TEL-E003-0355,E003,AST-E003-025,2026-08-22T15:46:00,,78,,
TEL-E003-0356,E003,AST-E003-026,2026-08-18T21:31:00,,70,,
TEL-E003-0357,E003,AST-E003-027,2026-08-20T09:31:00,,10,,
TEL-E003-0358,E003,AST-E003-028,2026-08-22T21:10:00,,31,,
TEL-E003-0359,E003,AST-E003-029,2026-08-16T01:27:00,,90,,
TEL-E003-0360,E003,AST-E003-030,2026-08-22T05:31:00,,14,,
TEL-E003-0361,E003,AST-E003-001,2026-08-17T16:16:00,,46,,
TEL-E003-0362,E003,AST-E003-002,2026-08-15T17:09:00,,23,,
TEL-E003-0363,E003,AST-E003-003,2026-08-13T02:56:00,,37,,
TEL-E003-0364,E003,AST-E003-004,2026-08-29T14:09:00,,54,,
TEL-E003-0365,E003,AST-E003-005,2026-08-18T19:50:00,,44,,
TEL-E003-0366,E003,AST-E003-006,2026-08-08T10:25:00,,84,,
TEL-E003-0367,E003,AST-E003-007,2026-08-04T09:41:00,,70,,
TEL-E003-0368,E003,AST-E003-008,2026-08-29T21:51:00,,50,,
TEL-E003-0369,E003,AST-E003-009,2026-08-12T23:54:00,,63,,
TEL-E003-0370,E003,AST-E003-010,2026-08-24T12:02:00,,40,,
TEL-E003-0371,E003,AST-E003-011,2026-08-04T14:08:00,,25,,
TEL-E003-0372,E003,AST-E003-012,2026-08-11T09:29:00,,85,,
TEL-E003-0373,E003,AST-E003-013,2026-08-30T04:43:00,,20,,
TEL-E003-0374,E003,AST-E003-014,2026-08-29T21:16:00,,23,,
TEL-E003-0375,E003,AST-E003-015,2026-08-24T08:49:00,,95,,
TEL-E003-0376,E003,AST-E003-016,2026-08-20T04:33:00,,66,,
TEL-E003-0377,E003,AST-E003-017,2026-08-26T22:01:00,,69,,
TEL-E003-0378,E003,AST-E003-018,2026-08-18T15:34:00,,92,,
TEL-E003-0379,E003,AST-E003-019,2026-08-28T20:25:00,,11,,
TEL-E003-0380,E003,AST-E003-020,2026-08-18T20:17:00,,91,,
TEL-E003-0381,E003,AST-E003-021,2026-08-22T11:12:00,,30,,
TEL-E003-0382,E003,AST-E003-022,2026-08-21T23:52:00,,14,,
TEL-E003-0383,E003,AST-E003-023,2026-08-27T21:57:00,,28,,
TEL-E003-0384,E003,AST-E003-024,2026-08-21T05:52:00,,95,,
TEL-E003-0385,E003,AST-E003-025,2026-08-27T22:07:00,,10,,
TEL-E003-0386,E003,AST-E003-026,2026-08-07T13:59:00,,6,,
TEL-E003-0387,E003,AST-E003-027,2026-08-23T02:28:00,,79,,
TEL-E003-0388,E003,AST-E003-028,2026-08-18T09:51:00,,20,,
TEL-E003-0389,E003,AST-E003-029,2026-08-01T13:12:00,,58,,
TEL-E003-0390,E003,AST-E003-030,2026-08-06T02:37:00,,90,,
TEL-E003-0391,E003,AST-E003-001,2026-08-09T08:54:00,,87,,
TEL-E003-0392,E003,AST-E003-002,2026-08-27T06:37:00,,81,,
TEL-E003-0393,E003,AST-E003-003,2026-08-02T11:03:00,,82,,
TEL-E003-0394,E003,AST-E003-004,2026-08-03T14:08:00,,43,,
TEL-E003-0395,E003,AST-E003-005,2026-08-01T11:01:00,,92,,
TEL-E003-0396,E003,AST-E003-006,2026-08-02T23:12:00,,11,,
TEL-E003-0397,E003,AST-E003-007,2026-08-12T15:59:00,,9,,
TEL-E003-0398,E003,AST-E003-008,2026-08-23T02:32:00,,49,,
TEL-E003-0399,E003,AST-E003-009,2026-08-02T04:48:00,,72,,
TEL-E003-0400,E003,AST-E003-010,2026-08-07T13:10:00,,20,,
TEL-E003-0401,E003,AST-E003-011,2026-08-21T03:10:00,,10,,
TEL-E003-0402,E003,AST-E003-012,2026-08-06T14:49:00,,32,,
TEL-E003-0403,E003,AST-E003-013,2026-08-16T00:49:00,,71,,
TEL-E003-0404,E003,AST-E003-014,2026-08-03T10:45:00,,10,,
TEL-E003-0405,E003,AST-E003-015,2026-08-16T20:03:00,,84,,
TEL-E003-0406,E003,AST-E003-016,2026-08-12T10:04:00,,41,,
TEL-E003-0407,E003,AST-E003-017,2026-08-09T03:10:00,,72,,
TEL-E003-0408,E003,AST-E003-018,2026-08-16T11:35:00,,57,,
TEL-E003-0409,E003,AST-E003-019,2026-08-05T04:27:00,,45,,
TEL-E003-0410,E003,AST-E003-020,2026-08-11T14:45:00,,61,,
TEL-E003-0411,E003,AST-E003-021,2026-08-26T13:45:00,,67,,
TEL-E003-0412,E003,AST-E003-022,2026-08-14T13:14:00,,9,,
TEL-E003-0413,E003,AST-E003-023,2026-08-10T01:18:00,,73,,
TEL-E003-0414,E003,AST-E003-024,2026-08-12T07:23:00,,83,,
TEL-E003-0415,E003,AST-E003-025,2026-08-10T12:21:00,,81,,
TEL-E003-0416,E003,AST-E003-026,2026-08-27T09:04:00,,26,,
TEL-E003-0417,E003,AST-E003-027,2026-08-16T23:20:00,,10,,
TEL-E003-0418,E003,AST-E003-028,2026-08-09T05:25:00,,32,,
TEL-E003-0419,E003,AST-E003-029,2026-08-14T03:03:00,,48,,
TEL-E003-0420,E003,AST-E003-030,2026-08-22T00:04:00,,69,,
TEL-E003-0421,E003,AST-E003-001,2026-08-15T02:53:00,,73,,
TEL-E003-0422,E003,AST-E003-002,2026-08-05T20:10:00,,90,,
TEL-E003-0423,E003,AST-E003-003,2026-08-13T04:23:00,,73,,
TEL-E003-0424,E003,AST-E003-004,2026-08-21T15:54:00,,89,,
TEL-E003-0425,E003,AST-E003-005,2026-08-18T00:43:00,,15,,
TEL-E003-0426,E003,AST-E003-006,2026-08-24T13:55:00,,44,,
TEL-E003-0427,E003,AST-E003-007,2026-08-08T02:39:00,,8,,
TEL-E003-0428,E003,AST-E003-008,2026-08-29T03:00:00,,31,,
TEL-E003-0429,E003,AST-E003-009,2026-08-15T04:29:00,,23,,
TEL-E003-0430,E003,AST-E003-010,2026-08-28T17:43:00,,20,,
TEL-E003-0431,E003,AST-E003-011,2026-08-15T16:12:00,,90,,
TEL-E003-0432,E003,AST-E003-012,2026-08-15T11:06:00,,91,,
TEL-E003-0433,E003,AST-E003-013,2026-08-05T00:21:00,,74,,
TEL-E003-0434,E003,AST-E003-014,2026-08-06T23:38:00,,18,,
TEL-E003-0435,E003,AST-E003-015,2026-08-24T18:46:00,,57,,
TEL-E003-0436,E003,AST-E003-016,2026-08-13T02:47:00,,27,,
TEL-E003-0437,E003,AST-E003-017,2026-08-14T07:53:00,,3,,
TEL-E003-0438,E003,AST-E003-018,2026-08-06T17:32:00,,68,,
TEL-E003-0439,E003,AST-E003-019,2026-08-07T22:06:00,,31,,
TEL-E003-0440,E003,AST-E003-020,2026-08-13T18:31:00,,90,,
TEL-E003-0441,E003,AST-E003-021,2026-08-03T22:09:00,,2,,
TEL-E003-0442,E003,AST-E003-022,2026-08-18T11:25:00,,85,,
TEL-E003-0443,E003,AST-E003-023,2026-08-12T23:01:00,,3,,
TEL-E003-0444,E003,AST-E003-024,2026-08-11T10:00:00,,17,,
TEL-E003-0445,E003,AST-E003-025,2026-08-11T03:26:00,,2,,
TEL-E003-0446,E003,AST-E003-026,2026-08-21T11:54:00,,31,,
TEL-E003-0447,E003,AST-E003-027,2026-08-05T12:39:00,,66,,
TEL-E003-0448,E003,AST-E003-028,2026-08-17T03:06:00,,75,,
TEL-E003-0449,E003,AST-E003-029,2026-08-12T07:25:00,,83,,
TEL-E003-0450,E003,AST-E003-030,2026-08-29T06:01:00,,60,,
TEL-E003-0451,E003,AST-E003-001,2026-08-16T21:31:00,,97,,
TEL-E003-0452,E003,AST-E003-002,2026-08-05T07:16:00,,33,,
TEL-E003-0453,E003,AST-E003-003,2026-08-21T05:32:00,,48,,
TEL-E003-0454,E003,AST-E003-004,2026-08-28T08:45:00,,74,,
TEL-E003-0455,E003,AST-E003-005,2026-08-26T08:13:00,,98,,
TEL-E003-0456,E003,AST-E003-006,2026-08-25T09:18:00,,57,,
TEL-E003-0457,E003,AST-E003-007,2026-08-14T17:02:00,,11,,
TEL-E003-0458,E003,AST-E003-008,2026-08-24T17:13:00,,7,,
TEL-E003-0459,E003,AST-E003-009,2026-08-17T14:37:00,,29,,
TEL-E003-0460,E003,AST-E003-010,2026-08-31T00:09:00,,31,,
TEL-E003-0461,E003,AST-E003-011,2026-08-23T00:13:00,,9,,
TEL-E003-0462,E003,AST-E003-012,2026-08-30T09:04:00,,72,,
TEL-E003-0463,E003,AST-E003-013,2026-08-23T14:36:00,,85,,
TEL-E003-0464,E003,AST-E003-014,2026-08-27T19:51:00,,35,,
TEL-E003-0465,E003,AST-E003-015,2026-08-18T02:15:00,,66,,
TEL-E003-0466,E003,AST-E003-016,2026-08-20T15:04:00,,75,,
TEL-E003-0467,E003,AST-E003-017,2026-08-12T15:42:00,,45,,
TEL-E003-0468,E003,AST-E003-018,2026-08-04T05:33:00,,65,,
TEL-E003-0469,E003,AST-E003-019,2026-08-25T01:17:00,,45,,
TEL-E003-0470,E003,AST-E003-020,2026-08-16T00:21:00,,65,,
TEL-E003-0471,E003,AST-E003-021,2026-08-02T04:06:00,,41,,
TEL-E003-0472,E003,AST-E003-022,2026-08-28T05:05:00,,14,,
TEL-E003-0473,E003,AST-E003-023,2026-08-07T07:21:00,,15,,
TEL-E003-0474,E003,AST-E003-024,2026-08-09T07:44:00,,72,,
TEL-E003-0475,E003,AST-E003-025,2026-08-09T22:04:00,,39,,
TEL-E003-0476,E003,AST-E003-026,2026-08-10T19:01:00,,46,,
TEL-E003-0477,E003,AST-E003-027,2026-08-30T07:01:00,,48,,
TEL-E003-0478,E003,AST-E003-028,2026-08-17T19:50:00,,81,,
TEL-E003-0479,E003,AST-E003-029,2026-08-13T22:52:00,,77,,
TEL-E003-0480,E003,AST-E003-030,2026-08-17T17:45:00,,13,,
TEL-E003-0481,E003,AST-E003-001,2026-08-05T01:05:00,,86,,
TEL-E003-0482,E003,AST-E003-002,2026-08-21T08:22:00,,46,,
TEL-E003-0483,E003,AST-E003-003,2026-08-14T15:45:00,,5,,
TEL-E003-0484,E003,AST-E003-004,2026-08-12T23:31:00,,7,,
TEL-E003-0485,E003,AST-E003-005,2026-08-05T05:55:00,,48,,
TEL-E003-0486,E003,AST-E003-006,2026-08-21T20:38:00,,1,,
TEL-E003-0487,E003,AST-E003-007,2026-08-01T08:38:00,,75,,
TEL-E003-0488,E003,AST-E003-008,2026-08-29T19:00:00,,96,,
TEL-E003-0489,E003,AST-E003-009,2026-08-26T23:13:00,,78,,
TEL-E003-0490,E003,AST-E003-010,2026-08-15T22:20:00,,100,,
TEL-E003-0491,E003,AST-E003-011,2026-08-10T11:44:00,,25,,
TEL-E003-0492,E003,AST-E003-012,2026-08-24T05:18:00,,100,,
TEL-E003-0493,E003,AST-E003-013,2026-08-04T09:04:00,,39,,
TEL-E003-0494,E003,AST-E003-014,2026-08-31T06:00:00,,16,,
TEL-E003-0495,E003,AST-E003-015,2026-08-20T11:23:00,,38,,
TEL-E003-0496,E003,AST-E003-016,2026-08-12T02:22:00,,12,,
TEL-E003-0497,E003,AST-E003-017,2026-08-13T03:24:00,,96,,
TEL-E003-0498,E003,AST-E003-018,2026-08-18T09:49:00,,18,,
TEL-E003-0499,E003,AST-E003-019,2026-08-18T21:31:00,,91,,
TEL-E003-0500,E003,AST-E003-020,2026-08-23T23:59:00,,43,,
TEL-E003-0501,E003,AST-E003-021,2026-08-02T20:27:00,,2,,
TEL-E003-0502,E003,AST-E003-022,2026-08-28T22:37:00,,36,,
TEL-E003-0503,E003,AST-E003-023,2026-08-12T14:58:00,,67,,
TEL-E003-0504,E003,AST-E003-024,2026-08-28T05:28:00,,33,,
TEL-E003-0505,E003,AST-E003-025,2026-08-26T12:59:00,,69,,
TEL-E003-0506,E003,AST-E003-026,2026-08-30T02:14:00,,1,,
TEL-E003-0507,E003,AST-E003-027,2026-08-15T10:16:00,,81,,
TEL-E003-0508,E003,AST-E003-028,2026-08-15T15:19:00,,39,,
TEL-E003-0509,E003,AST-E003-029,2026-08-17T23:41:00,,93,,
TEL-E003-0510,E003,AST-E003-030,2026-08-25T09:08:00,,20,,
TEL-E003-0511,E003,AST-E003-001,2026-08-24T13:32:00,,48,,
TEL-E003-0512,E003,AST-E003-002,2026-08-28T07:10:00,,27,,
TEL-E003-0513,E003,AST-E003-003,2026-08-15T03:21:00,,3,,
TEL-E003-0514,E003,AST-E003-004,2026-08-05T05:51:00,,77,,
TEL-E003-0515,E003,AST-E003-005,2026-08-03T20:20:00,,54,,
TEL-E003-0516,E003,AST-E003-006,2026-08-30T22:03:00,,31,,
TEL-E003-0517,E003,AST-E003-007,2026-08-27T08:34:00,,96,,
TEL-E003-0518,E003,AST-E003-008,2026-08-19T21:15:00,,97,,
TEL-E003-0519,E003,AST-E003-009,2026-08-11T06:15:00,,26,,
TEL-E003-0520,E003,AST-E003-010,2026-08-01T08:27:00,,97,,
TEL-E003-0521,E003,AST-E003-011,2026-08-03T06:43:00,,41,,
TEL-E003-0522,E003,AST-E003-012,2026-08-06T06:25:00,,25,,
TEL-E003-0523,E003,AST-E003-013,2026-08-13T12:53:00,,45,,
TEL-E003-0524,E003,AST-E003-014,2026-08-20T15:18:00,,24,,
TEL-E003-0525,E003,AST-E003-015,2026-08-18T10:11:00,,64,,
TEL-E003-0526,E003,AST-E003-016,2026-08-29T10:11:00,,10,,
TEL-E003-0527,E003,AST-E003-017,2026-08-21T09:21:00,,15,,
TEL-E003-0528,E003,AST-E003-018,2026-08-18T08:07:00,,99,,
TEL-E003-0529,E003,AST-E003-019,2026-08-28T06:48:00,,73,,
TEL-E003-0530,E003,AST-E003-020,2026-08-05T18:10:00,,70,,
TEL-E003-0531,E003,AST-E003-021,2026-08-24T05:14:00,,74,,
TEL-E003-0532,E003,AST-E003-022,2026-08-02T07:43:00,,31,,
TEL-E003-0533,E003,AST-E003-023,2026-08-30T23:06:00,,81,,
TEL-E003-0534,E003,AST-E003-024,2026-08-30T12:53:00,,41,,
TEL-E003-0535,E003,AST-E003-025,2026-08-25T05:12:00,,26,,
TEL-E003-0536,E003,AST-E003-026,2026-08-08T21:40:00,,65,,
TEL-E003-0537,E003,AST-E003-027,2026-08-20T00:42:00,,78,,
TEL-E003-0538,E003,AST-E003-028,2026-08-09T14:22:00,,29,,
TEL-E003-0539,E003,AST-E003-029,2026-08-19T07:34:00,,34,,
TEL-E003-0540,E003,AST-E003-030,2026-08-12T08:55:00,,74,,
TEL-E003-0541,E003,AST-E003-001,2026-08-26T02:47:00,,37,,
TEL-E003-0542,E003,AST-E003-002,2026-08-28T22:14:00,,61,,
TEL-E003-0543,E003,AST-E003-003,2026-08-06T03:34:00,,66,,
TEL-E003-0544,E003,AST-E003-004,2026-08-04T20:12:00,,21,,
TEL-E003-0545,E003,AST-E003-005,2026-08-11T04:10:00,,82,,
TEL-E003-0546,E003,AST-E003-006,2026-08-30T12:55:00,,50,,
TEL-E003-0547,E003,AST-E003-007,2026-08-21T06:28:00,,61,,
TEL-E003-0548,E003,AST-E003-008,2026-08-11T13:14:00,,86,,
TEL-E003-0549,E003,AST-E003-009,2026-08-21T11:03:00,,94,,
TEL-E003-0550,E003,AST-E003-010,2026-08-13T20:02:00,,91,,
TEL-E003-0551,E003,AST-E003-011,2026-08-19T04:24:00,,59,,
TEL-E003-0552,E003,AST-E003-012,2026-08-27T06:21:00,,17,,
TEL-E003-0553,E003,AST-E003-013,2026-08-02T08:13:00,,24,,
TEL-E003-0554,E003,AST-E003-014,2026-08-05T07:10:00,,89,,
TEL-E003-0555,E003,AST-E003-015,2026-08-23T07:48:00,,16,,
TEL-E003-0556,E003,AST-E003-016,2026-08-25T13:07:00,,79,,
TEL-E003-0557,E003,AST-E003-017,2026-08-09T05:50:00,,63,,
TEL-E003-0558,E003,AST-E003-018,2026-08-26T04:51:00,,66,,
TEL-E003-0559,E003,AST-E003-019,2026-08-02T06:39:00,,34,,
TEL-E003-0560,E003,AST-E003-020,2026-08-22T00:40:00,,49,,
TEL-E003-0561,E003,AST-E003-021,2026-08-14T19:19:00,,68,,
TEL-E003-0562,E003,AST-E003-022,2026-08-11T06:15:00,,30,,
TEL-E003-0563,E003,AST-E003-023,2026-08-05T02:41:00,,27,,
TEL-E003-0564,E003,AST-E003-024,2026-08-24T08:06:00,,28,,
TEL-E003-0565,E003,AST-E003-025,2026-08-12T05:14:00,,40,,
TEL-E003-0566,E003,AST-E003-026,2026-08-04T17:19:00,,39,,
TEL-E003-0567,E003,AST-E003-027,2026-08-08T03:47:00,,7,,
TEL-E003-0568,E003,AST-E003-028,2026-08-03T04:29:00,,73,,
TEL-E003-0569,E003,AST-E003-029,2026-08-21T20:07:00,,49,,
TEL-E003-0570,E003,AST-E003-030,2026-08-24T15:36:00,,45,,
TEL-E003-0571,E003,AST-E003-001,2026-08-01T11:34:00,,11,,
TEL-E003-0572,E003,AST-E003-002,2026-08-09T07:00:00,,17,,
TEL-E003-0573,E003,AST-E003-003,2026-08-17T21:34:00,,80,,
TEL-E003-0574,E003,AST-E003-004,2026-08-06T00:05:00,,31,,
TEL-E003-0575,E003,AST-E003-005,2026-08-28T00:55:00,,97,,
TEL-E003-0576,E003,AST-E003-006,2026-08-03T02:53:00,,98,,
TEL-E003-0577,E003,AST-E003-007,2026-08-21T11:52:00,,89,,
TEL-E003-0578,E003,AST-E003-008,2026-08-12T11:08:00,,60,,
TEL-E003-0579,E003,AST-E003-009,2026-08-09T08:09:00,,73,,
TEL-E003-0580,E003,AST-E003-010,2026-08-10T01:18:00,,55,,
TEL-E003-0581,E003,AST-E003-011,2026-08-06T14:51:00,,90,,
TEL-E003-0582,E003,AST-E003-012,2026-08-08T13:26:00,,61,,
TEL-E003-0583,E003,AST-E003-013,2026-08-24T06:52:00,,75,,
TEL-E003-0584,E003,AST-E003-014,2026-08-09T18:05:00,,36,,
TEL-E003-0585,E003,AST-E003-015,2026-08-16T07:45:00,,30,,
TEL-E003-0586,E003,AST-E003-016,2026-08-02T12:31:00,,37,,
TEL-E003-0587,E003,AST-E003-017,2026-08-25T14:03:00,,49,,
TEL-E003-0588,E003,AST-E003-018,2026-08-26T04:27:00,,93,,
TEL-E003-0589,E003,AST-E003-019,2026-08-21T19:12:00,,46,,
TEL-E003-0590,E003,AST-E003-020,2026-08-31T04:48:00,,7,,
TEL-E003-0591,E003,AST-E003-021,2026-08-14T20:56:00,,60,,
TEL-E003-0592,E003,AST-E003-022,2026-08-06T12:39:00,,19,,
TEL-E003-0593,E003,AST-E003-023,2026-08-29T21:03:00,,28,,
TEL-E003-0594,E003,AST-E003-024,2026-08-02T14:40:00,,76,,
TEL-E003-0595,E003,AST-E003-025,2026-08-10T20:56:00,,20,,
TEL-E003-0596,E003,AST-E003-026,2026-08-03T10:54:00,,44,,
TEL-E003-0597,E003,AST-E003-027,2026-08-09T07:46:00,,65,,
TEL-E003-0598,E003,AST-E003-028,2026-08-13T04:31:00,,34,,
TEL-E003-0599,E003,AST-E003-029,2026-08-07T00:31:00,,46,,
TEL-E003-0600,E003,AST-E003-030,2026-08-27T01:03:00,,57,,
TEL-E003-0601,E003,AST-E003-001,2026-08-30T20:22:00,,44,,
TEL-E003-0602,E003,AST-E003-002,2026-08-08T22:43:00,,61,,
TEL-E003-0603,E003,AST-E003-003,2026-08-15T04:04:00,,22,,
TEL-E003-0604,E003,AST-E003-004,2026-08-28T13:10:00,,10,,
TEL-E003-0605,E003,AST-E003-005,2026-08-09T03:26:00,,19,,
TEL-E003-0606,E003,AST-E003-006,2026-08-14T14:34:00,,24,,
TEL-E003-0607,E003,AST-E003-007,2026-08-28T15:13:00,,100,,
TEL-E003-0608,E003,AST-E003-008,2026-08-17T13:06:00,,22,,
TEL-E003-0609,E003,AST-E003-009,2026-08-20T17:13:00,,5,,
TEL-E003-0610,E003,AST-E003-010,2026-08-22T17:30:00,,38,,
TEL-E003-0611,E003,AST-E003-011,2026-08-06T05:16:00,,96,,
TEL-E003-0612,E003,AST-E003-012,2026-08-20T03:08:00,,82,,
TEL-E003-0613,E003,AST-E003-013,2026-08-19T18:55:00,,29,,
TEL-E003-0614,E003,AST-E003-014,2026-08-06T20:20:00,,11,,
TEL-E003-0615,E003,AST-E003-015,2026-08-30T15:58:00,,93,,
TEL-E003-0616,E003,AST-E003-016,2026-08-12T22:25:00,,6,,
TEL-E003-0617,E003,AST-E003-017,2026-08-28T14:37:00,,69,,
TEL-E003-0618,E003,AST-E003-018,2026-08-06T06:29:00,,8,,
TEL-E003-0619,E003,AST-E003-019,2026-08-25T20:44:00,,11,,
TEL-E003-0620,E003,AST-E003-020,2026-08-20T20:05:00,,34,,
TEL-E003-0621,E003,AST-E003-021,2026-08-31T00:33:00,,85,,
TEL-E003-0622,E003,AST-E003-022,2026-08-15T17:50:00,,18,,
TEL-E003-0623,E003,AST-E003-023,2026-08-12T16:45:00,,8,,
TEL-E003-0624,E003,AST-E003-024,2026-08-26T03:29:00,,75,,
TEL-E003-0625,E003,AST-E003-025,2026-08-28T06:49:00,,96,,
TEL-E003-0626,E003,AST-E003-026,2026-08-20T21:27:00,,82,,
TEL-E003-0627,E003,AST-E003-027,2026-08-12T16:19:00,,89,,
TEL-E003-0628,E003,AST-E003-028,2026-08-11T00:03:00,,22,,
TEL-E003-0629,E003,AST-E003-029,2026-08-17T12:39:00,,41,,
TEL-E003-0630,E003,AST-E003-030,2026-08-21T07:31:00,,20,,
TEL-E003-0631,E003,AST-E003-001,2026-08-12T10:58:00,,49,,
TEL-E003-0632,E003,AST-E003-002,2026-08-14T05:35:00,,75,,
TEL-E003-0633,E003,AST-E003-003,2026-08-26T20:07:00,,14,,
TEL-E003-0634,E003,AST-E003-004,2026-08-20T02:47:00,,64,,
TEL-E003-0635,E003,AST-E003-005,2026-08-08T05:58:00,,17,,
TEL-E003-0636,E003,AST-E003-006,2026-08-05T21:46:00,,6,,
TEL-E003-0637,E003,AST-E003-007,2026-08-02T10:52:00,,86,,
TEL-E003-0638,E003,AST-E003-008,2026-08-12T09:22:00,,87,,
TEL-E003-0639,E003,AST-E003-009,2026-08-13T02:57:00,,64,,
TEL-E003-0640,E003,AST-E003-010,2026-08-21T08:33:00,,85,,
TEL-E003-0641,E003,AST-E003-011,2026-08-19T18:33:00,,89,,
TEL-E003-0642,E003,AST-E003-012,2026-08-19T14:46:00,,65,,
TEL-E003-0643,E003,AST-E003-013,2026-08-03T14:54:00,,35,,
TEL-E003-0644,E003,AST-E003-014,2026-08-12T02:16:00,,48,,
TEL-E003-0645,E003,AST-E003-015,2026-08-28T03:41:00,,73,,
TEL-E003-0646,E003,AST-E003-016,2026-08-26T01:06:00,,61,,
TEL-E003-0647,E003,AST-E003-017,2026-08-19T07:12:00,,39,,
TEL-E003-0648,E003,AST-E003-018,2026-08-04T14:54:00,,53,,
TEL-E003-0649,E003,AST-E003-019,2026-08-10T03:33:00,,91,,
TEL-E003-0650,E003,AST-E003-020,2026-08-13T13:29:00,,66,,
TEL-E003-0651,E003,AST-E003-021,2026-08-17T22:51:00,,1,,
TEL-E003-0652,E003,AST-E003-022,2026-08-02T10:20:00,,48,,
TEL-E003-0653,E003,AST-E003-023,2026-08-26T11:55:00,,3,,
TEL-E003-0654,E003,AST-E003-024,2026-08-25T18:39:00,,25,,
TEL-E003-0655,E003,AST-E003-025,2026-08-30T11:00:00,,37,,
TEL-E003-0656,E003,AST-E003-026,2026-08-28T00:51:00,,63,,
TEL-E003-0657,E003,AST-E003-027,2026-08-24T19:18:00,,70,,
TEL-E003-0658,E003,AST-E003-028,2026-08-03T17:55:00,,21,,
TEL-E003-0659,E003,AST-E003-029,2026-08-09T05:35:00,,2,,
TEL-E003-0660,E003,AST-E003-030,2026-08-28T08:36:00,,40,,
TEL-E003-0661,E003,AST-E003-001,2026-08-12T07:13:00,,18,,
TEL-E003-0662,E003,AST-E003-002,2026-08-13T02:06:00,,51,,
TEL-E003-0663,E003,AST-E003-003,2026-08-30T11:42:00,,82,,
TEL-E003-0664,E003,AST-E003-004,2026-08-11T07:10:00,,23,,
TEL-E003-0665,E003,AST-E003-005,2026-08-04T14:33:00,,27,,
TEL-E003-0666,E003,AST-E003-006,2026-08-06T18:31:00,,61,,
TEL-E003-0667,E003,AST-E003-007,2026-08-05T08:05:00,,6,,
TEL-E003-0668,E003,AST-E003-008,2026-08-21T05:24:00,,54,,
TEL-E003-0669,E003,AST-E003-009,2026-08-02T18:43:00,,46,,
TEL-E003-0670,E003,AST-E003-010,2026-08-09T04:17:00,,52,,
TEL-E003-0671,E003,AST-E003-011,2026-08-04T22:19:00,,28,,
TEL-E003-0672,E003,AST-E003-012,2026-08-25T13:42:00,,64,,
TEL-E003-0673,E003,AST-E003-013,2026-08-17T19:03:00,,92,,
TEL-E003-0674,E003,AST-E003-014,2026-08-01T15:23:00,,21,,
TEL-E003-0675,E003,AST-E003-015,2026-08-21T13:54:00,,84,,
TEL-E003-0676,E003,AST-E003-016,2026-08-19T04:35:00,,72,,
TEL-E003-0677,E003,AST-E003-017,2026-08-04T16:52:00,,58,,
TEL-E003-0678,E003,AST-E003-018,2026-08-14T20:53:00,,100,,
TEL-E003-0679,E003,AST-E003-019,2026-08-25T17:56:00,,35,,
TEL-E003-0680,E003,AST-E003-020,2026-08-20T23:41:00,,58,,
TEL-E003-0681,E003,AST-E003-021,2026-08-10T04:58:00,,13,,
TEL-E003-0682,E003,AST-E003-022,2026-08-20T12:33:00,,65,,
TEL-E003-0683,E003,AST-E003-023,2026-08-12T22:02:00,,96,,
TEL-E003-0684,E003,AST-E003-024,2026-08-11T02:30:00,,41,,
TEL-E003-0685,E003,AST-E003-025,2026-08-22T01:00:00,,82,,
TEL-E003-0686,E003,AST-E003-026,2026-08-27T04:07:00,,70,,
TEL-E003-0687,E003,AST-E003-027,2026-08-14T09:31:00,,45,,
TEL-E003-0688,E003,AST-E003-028,2026-08-08T10:29:00,,37,,
TEL-E003-0689,E003,AST-E003-029,2026-08-09T20:07:00,,4,,
TEL-E003-0690,E003,AST-E003-030,2026-08-28T07:53:00,,69,,
TEL-E003-0691,E003,AST-E003-001,2026-08-05T01:55:00,,6,,
TEL-E003-0692,E003,AST-E003-002,2026-08-03T00:03:00,,91,,
TEL-E003-0693,E003,AST-E003-003,2026-08-31T07:11:00,,12,,
TEL-E003-0694,E003,AST-E003-004,2026-08-10T17:56:00,,58,,
TEL-E003-0695,E003,AST-E003-005,2026-08-09T19:15:00,,88,,
TEL-E003-0696,E003,AST-E003-006,2026-08-24T08:53:00,,51,,
TEL-E003-0697,E003,AST-E003-007,2026-08-22T06:22:00,,61,,
TEL-E003-0698,E003,AST-E003-008,2026-08-22T07:07:00,,18,,
TEL-E003-0699,E003,AST-E003-009,2026-08-26T19:26:00,,48,,
TEL-E003-0700,E003,AST-E003-010,2026-08-21T23:06:00,,35,,
TEL-E003-0701,E003,AST-E003-011,2026-08-28T12:48:00,,26,,
TEL-E003-0702,E003,AST-E003-012,2026-08-11T00:40:00,,1,,
TEL-E003-0703,E003,AST-E003-013,2026-08-17T09:54:00,,7,,
TEL-E003-0704,E003,AST-E003-014,2026-08-12T08:30:00,,12,,
TEL-E003-0705,E003,AST-E003-015,2026-08-20T08:58:00,,77,,
TEL-E003-0706,E003,AST-E003-016,2026-08-12T08:07:00,,56,,
TEL-E003-0707,E003,AST-E003-017,2026-08-18T09:49:00,,66,,
TEL-E003-0708,E003,AST-E003-018,2026-08-28T09:20:00,,83,,
TEL-E003-0709,E003,AST-E003-019,2026-08-11T19:48:00,,4,,
TEL-E003-0710,E003,AST-E003-020,2026-08-22T16:15:00,,9,,
TEL-E003-0711,E003,AST-E003-021,2026-08-19T07:58:00,,7,,
TEL-E003-0712,E003,AST-E003-022,2026-08-22T02:36:00,,69,,
TEL-E003-0713,E003,AST-E003-023,2026-08-23T14:23:00,,25,,
TEL-E003-0714,E003,AST-E003-024,2026-08-26T12:42:00,,99,,
TEL-E003-0715,E003,AST-E003-025,2026-08-18T00:04:00,,32,,
TEL-E003-0716,E003,AST-E003-026,2026-08-02T07:09:00,,68,,
TEL-E003-0717,E003,AST-E003-027,2026-08-12T04:16:00,,47,,
TEL-E003-0718,E003,AST-E003-028,2026-08-06T15:34:00,,3,,
TEL-E003-0719,E003,AST-E003-029,2026-08-19T10:58:00,,79,,
TEL-E003-0720,E003,AST-E003-030,2026-08-03T04:36:00,,56,,
TEL-E003-0721,E003,AST-E003-001,2026-08-12T03:10:00,,10,,
TEL-E003-0722,E003,AST-E003-002,2026-08-01T09:41:00,,93,,
TEL-E003-0723,E003,AST-E003-003,2026-08-13T23:24:00,,73,,
TEL-E003-0724,E003,AST-E003-004,2026-08-24T03:49:00,,55,,
TEL-E003-0725,E003,AST-E003-005,2026-08-24T23:03:00,,46,,
TEL-E003-0726,E003,AST-E003-006,2026-08-20T12:44:00,,9,,
TEL-E003-0727,E003,AST-E003-007,2026-08-12T07:11:00,,64,,
TEL-E003-0728,E003,AST-E003-008,2026-08-26T20:04:00,,16,,
TEL-E003-0729,E003,AST-E003-009,2026-08-20T05:05:00,,46,,
TEL-E003-0730,E003,AST-E003-010,2026-08-04T21:23:00,,78,,
TEL-E003-0731,E003,AST-E003-011,2026-08-25T03:20:00,,93,,
TEL-E003-0732,E003,AST-E003-012,2026-08-01T16:17:00,,89,,
TEL-E003-0733,E003,AST-E003-013,2026-08-17T00:31:00,,38,,
TEL-E003-0734,E003,AST-E003-014,2026-08-15T01:12:00,,43,,
TEL-E003-0735,E003,AST-E003-015,2026-08-16T14:59:00,,78,,
TEL-E003-0736,E003,AST-E003-016,2026-08-12T13:52:00,,53,,
TEL-E003-0737,E003,AST-E003-017,2026-08-05T00:45:00,,85,,
TEL-E003-0738,E003,AST-E003-018,2026-08-30T18:31:00,,27,,
TEL-E003-0739,E003,AST-E003-019,2026-08-03T06:15:00,,90,,
TEL-E003-0740,E003,AST-E003-020,2026-08-06T23:17:00,,46,,
TEL-E003-0741,E003,AST-E003-021,2026-08-20T05:05:00,,58,,
TEL-E003-0742,E003,AST-E003-022,2026-08-18T19:44:00,,10,,
TEL-E003-0743,E003,AST-E003-023,2026-08-22T12:53:00,,2,,
TEL-E003-0744,E003,AST-E003-024,2026-08-08T03:06:00,,96,,
TEL-E003-0745,E003,AST-E003-025,2026-08-29T16:22:00,,33,,
TEL-E003-0746,E003,AST-E003-026,2026-08-18T19:31:00,,84,,
TEL-E003-0747,E003,AST-E003-027,2026-08-11T05:09:00,,3,,
TEL-E003-0748,E003,AST-E003-028,2026-08-09T10:50:00,,20,,
TEL-E003-0749,E003,AST-E003-029,2026-08-05T01:45:00,,40,,
TEL-E003-0750,E003,AST-E003-030,2026-08-24T11:55:00,,64,,
TEL-E003-0751,E003,AST-E003-001,2026-08-25T23:47:00,,100,,
TEL-E003-0752,E003,AST-E003-002,2026-08-21T17:07:00,,4,,
TEL-E003-0753,E003,AST-E003-003,2026-08-25T13:17:00,,37,,
TEL-E003-0754,E003,AST-E003-004,2026-08-20T08:44:00,,47,,
TEL-E003-0755,E003,AST-E003-005,2026-08-28T04:48:00,,97,,
TEL-E003-0756,E003,AST-E003-006,2026-08-08T11:05:00,,46,,
TEL-E003-0757,E003,AST-E003-007,2026-08-06T21:26:00,,44,,
TEL-E003-0758,E003,AST-E003-008,2026-08-27T05:47:00,,63,,
TEL-E003-0759,E003,AST-E003-009,2026-08-11T01:46:00,,30,,
TEL-E003-0760,E003,AST-E003-010,2026-08-21T23:06:00,,37,,
TEL-E003-0761,E003,AST-E003-011,2026-08-24T04:34:00,,91,,
TEL-E003-0762,E003,AST-E003-012,2026-08-06T20:48:00,,19,,
TEL-E003-0763,E003,AST-E003-013,2026-08-19T20:01:00,,10,,
TEL-E003-0764,E003,AST-E003-014,2026-08-01T08:21:00,,25,,
TEL-E003-0765,E003,AST-E003-015,2026-08-03T22:26:00,,49,,
TEL-E003-0766,E003,AST-E003-016,2026-08-20T21:03:00,,15,,
TEL-E003-0767,E003,AST-E003-017,2026-08-03T04:15:00,,93,,
TEL-E003-0768,E003,AST-E003-018,2026-08-30T13:19:00,,87,,
TEL-E003-0769,E003,AST-E003-019,2026-08-21T03:12:00,,9,,
TEL-E003-0770,E003,AST-E003-020,2026-08-12T12:09:00,,8,,
TEL-E003-0771,E003,AST-E003-021,2026-08-02T12:18:00,,21,,
TEL-E003-0772,E003,AST-E003-022,2026-08-13T01:05:00,,42,,
TEL-E003-0773,E003,AST-E003-023,2026-08-27T11:41:00,,46,,
TEL-E003-0774,E003,AST-E003-024,2026-08-13T23:34:00,,62,,
TEL-E003-0775,E003,AST-E003-025,2026-08-19T11:27:00,,67,,
TEL-E003-0776,E003,AST-E003-026,2026-08-04T04:53:00,,42,,
TEL-E003-0777,E003,AST-E003-027,2026-08-26T05:26:00,,61,,
TEL-E003-0778,E003,AST-E003-028,2026-08-03T20:32:00,,52,,
TEL-E003-0779,E003,AST-E003-029,2026-08-15T07:51:00,,36,,
TEL-E003-0780,E003,AST-E003-030,2026-08-25T18:30:00,,62,,
TEL-E003-0781,E003,AST-E003-001,2026-08-13T05:35:00,,100,,
TEL-E003-0782,E003,AST-E003-002,2026-08-01T14:20:00,,87,,
TEL-E003-0783,E003,AST-E003-003,2026-08-25T23:42:00,,26,,
TEL-E003-0784,E003,AST-E003-004,2026-08-07T13:57:00,,33,,
TEL-E003-0785,E003,AST-E003-005,2026-08-01T18:39:00,,49,,
TEL-E003-0786,E003,AST-E003-006,2026-08-13T21:15:00,,54,,
TEL-E003-0787,E003,AST-E003-007,2026-08-29T01:43:00,,44,,
TEL-E003-0788,E003,AST-E003-008,2026-08-19T21:57:00,,85,,
TEL-E003-0789,E003,AST-E003-009,2026-08-18T21:46:00,,83,,
TEL-E003-0790,E003,AST-E003-010,2026-08-24T21:27:00,,69,,
TEL-E003-0791,E003,AST-E003-011,2026-08-11T03:58:00,,16,,
TEL-E003-0792,E003,AST-E003-012,2026-08-05T10:42:00,,74,,
TEL-E003-0793,E003,AST-E003-013,2026-08-01T09:15:00,,61,,
TEL-E003-0794,E003,AST-E003-014,2026-08-08T00:54:00,,41,,
TEL-E003-0795,E003,AST-E003-015,2026-08-08T11:57:00,,3,,
TEL-E003-0796,E003,AST-E003-016,2026-08-29T02:05:00,,85,,
TEL-E003-0797,E003,AST-E003-017,2026-08-06T15:34:00,,37,,
TEL-E003-0798,E003,AST-E003-018,2026-08-17T23:07:00,,7,,
TEL-E003-0799,E003,AST-E003-019,2026-08-09T21:28:00,,41,,
TEL-E003-0800,E003,AST-E003-020,2026-08-06T09:18:00,,63,,
TEL-E003-0801,E003,AST-E003-021,2026-08-04T16:06:00,,61,,
TEL-E003-0802,E003,AST-E003-022,2026-08-30T18:37:00,,97,,
TEL-E003-0803,E003,AST-E003-023,2026-08-10T10:30:00,,48,,
TEL-E003-0804,E003,AST-E003-024,2026-08-16T08:13:00,,40,,
TEL-E003-0805,E003,AST-E003-025,2026-08-29T05:51:00,,21,,
TEL-E003-0806,E003,AST-E003-026,2026-08-03T12:09:00,,42,,
TEL-E003-0807,E003,AST-E003-027,2026-08-16T21:26:00,,100,,
TEL-E003-0808,E003,AST-E003-028,2026-08-29T16:28:00,,41,,
TEL-E003-0809,E003,AST-E003-029,2026-08-18T09:49:00,,17,,
TEL-E003-0810,E003,AST-E003-030,2026-08-05T20:23:00,,72,,
TEL-E003-0811,E003,AST-E003-001,2026-08-02T02:39:00,,2,,
TEL-E003-0812,E003,AST-E003-002,2026-08-21T09:01:00,,92,,
TEL-E003-0813,E003,AST-E003-003,2026-08-18T00:05:00,,85,,
TEL-E003-0814,E003,AST-E003-004,2026-08-12T06:04:00,,68,,
TEL-E003-0815,E003,AST-E003-005,2026-08-29T20:07:00,,91,,
TEL-E003-0816,E003,AST-E003-006,2026-08-24T23:24:00,,50,,
TEL-E003-0817,E003,AST-E003-007,2026-08-05T05:03:00,,2,,
TEL-E003-0818,E003,AST-E003-008,2026-08-23T04:15:00,,100,,
TEL-E003-0819,E003,AST-E003-009,2026-08-12T15:00:00,,8,,
TEL-E003-0820,E003,AST-E003-010,2026-08-18T00:26:00,,44,,
TEL-E003-0821,E003,AST-E003-011,2026-08-10T10:17:00,,13,,
TEL-E003-0822,E003,AST-E003-012,2026-08-11T13:44:00,,40,,
TEL-E003-0823,E003,AST-E003-013,2026-08-04T07:31:00,,60,,
TEL-E003-0824,E003,AST-E003-014,2026-08-22T00:40:00,,3,,
TEL-E003-0825,E003,AST-E003-015,2026-08-14T09:52:00,,30,,
TEL-E003-0826,E003,AST-E003-016,2026-08-16T18:01:00,,69,,
TEL-E003-0827,E003,AST-E003-017,2026-08-01T11:36:00,,68,,
TEL-E003-0828,E003,AST-E003-018,2026-08-05T18:14:00,,28,,
TEL-E003-0829,E003,AST-E003-019,2026-08-04T21:45:00,,2,,
TEL-E003-0830,E003,AST-E003-020,2026-08-07T01:01:00,,97,,
TEL-E003-0831,E003,AST-E003-021,2026-08-08T11:48:00,,12,,
TEL-E003-0832,E003,AST-E003-022,2026-08-15T14:07:00,,26,,
TEL-E003-0833,E003,AST-E003-023,2026-08-09T22:48:00,,53,,
TEL-E003-0834,E003,AST-E003-024,2026-08-19T13:58:00,,19,,
TEL-E003-0835,E003,AST-E003-025,2026-08-21T12:03:00,,20,,
TEL-E003-0836,E003,AST-E003-026,2026-08-23T01:32:00,,13,,
TEL-E003-0837,E003,AST-E003-027,2026-08-11T08:28:00,,25,,
TEL-E003-0838,E003,AST-E003-028,2026-08-15T20:28:00,,89,,
TEL-E003-0839,E003,AST-E003-029,2026-08-08T17:35:00,,94,,
TEL-E003-0840,E003,AST-E003-030,2026-08-04T22:53:00,,42,,
TEL-E003-0841,E003,AST-E003-001,2026-08-18T20:41:00,,62,,
TEL-E003-0842,E003,AST-E003-002,2026-08-15T04:35:00,,25,,
TEL-E003-0843,E003,AST-E003-003,2026-08-05T16:04:00,,82,,
TEL-E003-0844,E003,AST-E003-004,2026-08-22T13:58:00,,96,,
TEL-E003-0845,E003,AST-E003-005,2026-08-20T07:19:00,,96,,
TEL-E003-0846,E003,AST-E003-006,2026-08-13T14:28:00,,35,,
TEL-E003-0847,E003,AST-E003-007,2026-08-09T00:55:00,,41,,
TEL-E003-0848,E003,AST-E003-008,2026-08-01T11:50:00,,12,,
TEL-E003-0849,E003,AST-E003-009,2026-08-19T01:53:00,,8,,
TEL-E003-0850,E003,AST-E003-010,2026-08-18T05:49:00,,66,,
TEL-E003-0851,E003,AST-E003-011,2026-08-11T14:18:00,,39,,
TEL-E003-0852,E003,AST-E003-012,2026-08-26T08:33:00,,53,,
TEL-E003-0853,E003,AST-E003-013,2026-08-02T22:35:00,,90,,
TEL-E003-0854,E003,AST-E003-014,2026-08-31T07:46:00,,15,,
TEL-E003-0855,E003,AST-E003-015,2026-08-26T23:24:00,,40,,
TEL-E003-0856,E003,AST-E003-016,2026-08-13T06:20:00,,79,,
TEL-E003-0857,E003,AST-E003-017,2026-08-16T15:19:00,,71,,
TEL-E003-0858,E003,AST-E003-018,2026-08-05T16:12:00,,60,,
TEL-E003-0859,E003,AST-E003-019,2026-08-21T11:48:00,,62,,
TEL-E003-0860,E003,AST-E003-020,2026-08-14T15:56:00,,23,,
TEL-E003-0861,E003,AST-E003-021,2026-08-01T22:48:00,,43,,
TEL-E003-0862,E003,AST-E003-022,2026-08-09T19:18:00,,83,,
TEL-E003-0863,E003,AST-E003-023,2026-08-20T08:18:00,,43,,
TEL-E003-0864,E003,AST-E003-024,2026-08-22T20:12:00,,51,,
TEL-E003-0865,E003,AST-E003-025,2026-08-08T05:23:00,,46,,
TEL-E003-0866,E003,AST-E003-026,2026-08-19T18:20:00,,95,,
TEL-E003-0867,E003,AST-E003-027,2026-08-21T07:57:00,,11,,
TEL-E003-0868,E003,AST-E003-028,2026-08-30T20:49:00,,25,,
TEL-E003-0869,E003,AST-E003-029,2026-08-08T19:51:00,,30,,
TEL-E003-0870,E003,AST-E003-030,2026-08-14T02:26:00,,75,,
TEL-E003-0871,E003,AST-E003-001,2026-08-20T18:33:00,,91,,
TEL-E003-0872,E003,AST-E003-002,2026-08-31T00:13:00,,55,,
TEL-E003-0873,E003,AST-E003-003,2026-08-02T10:50:00,,88,,
TEL-E003-0874,E003,AST-E003-004,2026-08-10T13:53:00,,74,,
TEL-E003-0875,E003,AST-E003-005,2026-08-29T01:01:00,,12,,
TEL-E003-0876,E003,AST-E003-006,2026-08-23T22:48:00,,2,,
TEL-E003-0877,E003,AST-E003-007,2026-08-15T18:29:00,,20,,
TEL-E003-0878,E003,AST-E003-008,2026-08-11T17:41:00,,20,,
TEL-E003-0879,E003,AST-E003-009,2026-08-07T12:25:00,,81,,
TEL-E003-0880,E003,AST-E003-010,2026-08-25T16:10:00,,25,,
TEL-E003-0881,E003,AST-E003-011,2026-08-13T15:19:00,,38,,
TEL-E003-0882,E003,AST-E003-012,2026-08-01T10:35:00,,17,,
TEL-E003-0883,E003,AST-E003-013,2026-08-20T15:35:00,,5,,
TEL-E003-0884,E003,AST-E003-014,2026-08-25T08:51:00,,46,,
TEL-E003-0885,E003,AST-E003-015,2026-08-02T06:56:00,,53,,
TEL-E003-0886,E003,AST-E003-016,2026-08-15T04:42:00,,79,,
TEL-E003-0887,E003,AST-E003-017,2026-08-26T12:58:00,,92,,
TEL-E003-0888,E003,AST-E003-018,2026-08-14T23:52:00,,18,,
TEL-E003-0889,E003,AST-E003-019,2026-08-27T23:55:00,,47,,
TEL-E003-0890,E003,AST-E003-020,2026-08-29T09:56:00,,29,,
TEL-E003-0891,E003,AST-E003-021,2026-08-08T23:18:00,,39,,
TEL-E003-0892,E003,AST-E003-022,2026-08-11T19:34:00,,43,,
TEL-E003-0893,E003,AST-E003-023,2026-08-11T16:47:00,,73,,
TEL-E003-0894,E003,AST-E003-024,2026-08-02T01:36:00,,12,,
TEL-E003-0895,E003,AST-E003-025,2026-08-21T02:12:00,,68,,
TEL-E003-0896,E003,AST-E003-026,2026-08-04T00:34:00,,56,,
TEL-E003-0897,E003,AST-E003-027,2026-08-01T13:51:00,,44,,
TEL-E003-0898,E003,AST-E003-028,2026-08-29T11:59:00,,2,,
TEL-E003-0899,E003,AST-E003-029,2026-08-19T01:08:00,,27,,
TEL-E003-0900,E003,AST-E003-030,2026-08-12T09:38:00,,62,,
TEL-E003-0901,E003,AST-E003-001,2026-08-30T00:26:00,,62,,
TEL-E003-0902,E003,AST-E003-002,2026-08-10T17:44:00,,20,,
TEL-E003-0903,E003,AST-E003-003,2026-08-20T22:09:00,,8,,
TEL-E003-0904,E003,AST-E003-004,2026-08-12T22:30:00,,50,,
TEL-E003-0905,E003,AST-E003-005,2026-08-02T19:31:00,,94,,
TEL-E003-0906,E003,AST-E003-006,2026-08-09T11:37:00,,86,,
TEL-E003-0907,E003,AST-E003-007,2026-08-18T21:05:00,,35,,
TEL-E003-0908,E003,AST-E003-008,2026-08-15T09:57:00,,53,,
TEL-E003-0909,E003,AST-E003-009,2026-08-22T18:36:00,,99,,
TEL-E003-0910,E003,AST-E003-010,2026-08-25T12:40:00,,17,,
TEL-E003-0911,E003,AST-E003-011,2026-08-20T03:59:00,,27,,
TEL-E003-0912,E003,AST-E003-012,2026-08-02T00:31:00,,51,,
TEL-E003-0913,E003,AST-E003-013,2026-08-06T13:31:00,,37,,
TEL-E003-0914,E003,AST-E003-014,2026-08-09T20:50:00,,80,,
TEL-E003-0915,E003,AST-E003-015,2026-08-04T09:08:00,,38,,
TEL-E003-0916,E003,AST-E003-016,2026-08-02T15:07:00,,88,,
TEL-E003-0917,E003,AST-E003-017,2026-08-11T07:57:00,,39,,
TEL-E003-0918,E003,AST-E003-018,2026-08-11T17:57:00,,48,,
TEL-E003-0919,E003,AST-E003-019,2026-08-24T03:11:00,,82,,
TEL-E003-0920,E003,AST-E003-020,2026-08-18T14:14:00,,42,,
TEL-E003-0921,E003,AST-E003-021,2026-08-27T01:00:00,,21,,
TEL-E003-0922,E003,AST-E003-022,2026-08-01T22:32:00,,8,,
TEL-E003-0923,E003,AST-E003-023,2026-08-11T14:21:00,,92,,
TEL-E003-0924,E003,AST-E003-024,2026-08-25T02:18:00,,34,,
TEL-E003-0925,E003,AST-E003-025,2026-08-06T10:35:00,,20,,
TEL-E003-0926,E003,AST-E003-026,2026-08-15T17:14:00,,46,,
TEL-E003-0927,E003,AST-E003-027,2026-08-27T04:01:00,,32,,
TEL-E003-0928,E003,AST-E003-028,2026-08-02T06:31:00,,81,,
TEL-E003-0929,E003,AST-E003-029,2026-08-10T04:47:00,,8,,
TEL-E003-0930,E003,AST-E003-030,2026-08-10T03:57:00,,68,,
TEL-E003-0931,E003,AST-E003-001,2026-08-15T07:55:00,,90,,
TEL-E003-0932,E003,AST-E003-002,2026-08-27T00:06:00,,91,,
TEL-E003-0933,E003,AST-E003-003,2026-08-26T14:22:00,,56,,
TEL-E003-0934,E003,AST-E003-004,2026-08-17T08:18:00,,54,,
TEL-E003-0935,E003,AST-E003-005,2026-08-24T12:32:00,,21,,
TEL-E003-0936,E003,AST-E003-006,2026-08-03T01:33:00,,51,,
TEL-E003-0937,E003,AST-E003-007,2026-08-21T13:03:00,,97,,
TEL-E003-0938,E003,AST-E003-008,2026-08-26T00:19:00,,1,,
TEL-E003-0939,E003,AST-E003-009,2026-08-25T04:09:00,,52,,
TEL-E003-0940,E003,AST-E003-010,2026-08-18T02:44:00,,70,,
TEL-E003-0941,E003,AST-E003-011,2026-08-15T09:18:00,,20,,
TEL-E003-0942,E003,AST-E003-012,2026-08-01T09:14:00,,83,,
TEL-E003-0943,E003,AST-E003-013,2026-08-02T19:54:00,,7,,
TEL-E003-0944,E003,AST-E003-014,2026-08-11T00:50:00,,65,,
TEL-E003-0945,E003,AST-E003-015,2026-08-29T22:29:00,,50,,
TEL-E003-0946,E003,AST-E003-016,2026-08-23T01:42:00,,46,,
TEL-E003-0947,E003,AST-E003-017,2026-08-19T16:36:00,,39,,
TEL-E003-0948,E003,AST-E003-018,2026-08-05T21:25:00,,8,,
TEL-E003-0949,E003,AST-E003-019,2026-08-04T07:39:00,,28,,
TEL-E003-0950,E003,AST-E003-020,2026-08-25T15:12:00,,65,,
TEL-E003-0951,E003,AST-E003-021,2026-08-14T21:44:00,,65,,
TEL-E003-0952,E003,AST-E003-022,2026-08-05T03:08:00,,21,,
TEL-E003-0953,E003,AST-E003-023,2026-08-26T20:22:00,,22,,
TEL-E003-0954,E003,AST-E003-024,2026-08-15T21:07:00,,86,,
TEL-E003-0955,E003,AST-E003-025,2026-08-16T19:23:00,,69,,
TEL-E003-0956,E003,AST-E003-026,2026-08-10T00:32:00,,35,,
TEL-E003-0957,E003,AST-E003-027,2026-08-04T23:57:00,,57,,
TEL-E003-0958,E003,AST-E003-028,2026-08-10T14:44:00,,77,,
TEL-E003-0959,E003,AST-E003-029,2026-08-14T11:20:00,,6,,
TEL-E003-0960,E003,AST-E003-030,2026-08-11T01:13:00,,43,,
TEL-E003-0961,E003,AST-E003-001,2026-08-25T20:34:00,,12,,
TEL-E003-0962,E003,AST-E003-002,2026-08-12T22:07:00,,99,,
TEL-E003-0963,E003,AST-E003-003,2026-08-22T14:58:00,,19,,
TEL-E003-0964,E003,AST-E003-004,2026-08-02T13:48:00,,65,,
TEL-E003-0965,E003,AST-E003-005,2026-08-19T07:36:00,,15,,
TEL-E003-0966,E003,AST-E003-006,2026-08-22T06:42:00,,12,,
TEL-E003-0967,E003,AST-E003-007,2026-08-16T21:38:00,,64,,
TEL-E003-0968,E003,AST-E003-008,2026-08-17T20:20:00,,82,,
TEL-E003-0969,E003,AST-E003-009,2026-08-07T04:59:00,,66,,
TEL-E003-0970,E003,AST-E003-010,2026-08-17T13:06:00,,82,,
TEL-E003-0971,E003,AST-E003-011,2026-08-08T04:51:00,,37,,
TEL-E003-0972,E003,AST-E003-012,2026-08-28T07:09:00,,19,,
TEL-E003-0973,E003,AST-E003-013,2026-08-11T01:36:00,,55,,
TEL-E003-0974,E003,AST-E003-014,2026-08-20T09:09:00,,67,,
TEL-E003-0975,E003,AST-E003-015,2026-08-12T22:14:00,,21,,
TEL-E003-0976,E003,AST-E003-016,2026-08-24T21:35:00,,91,,
TEL-E003-0977,E003,AST-E003-017,2026-08-07T12:55:00,,31,,
TEL-E003-0978,E003,AST-E003-018,2026-08-29T07:24:00,,29,,
TEL-E003-0979,E003,AST-E003-019,2026-08-01T18:02:00,,9,,
TEL-E003-0980,E003,AST-E003-020,2026-08-25T15:04:00,,33,,
TEL-E003-0981,E003,AST-E003-021,2026-08-30T04:36:00,,77,,
TEL-E003-0982,E003,AST-E003-022,2026-08-08T14:42:00,,94,,
TEL-E003-0983,E003,AST-E003-023,2026-08-19T03:38:00,,47,,
TEL-E003-0984,E003,AST-E003-024,2026-08-15T17:42:00,,25,,
TEL-E003-0985,E003,AST-E003-025,2026-08-29T15:51:00,,15,,
TEL-E003-0986,E003,AST-E003-026,2026-08-08T23:07:00,,62,,
TEL-E003-0987,E003,AST-E003-027,2026-08-18T00:54:00,,5,,
TEL-E003-0988,E003,AST-E003-028,2026-08-14T12:53:00,,74,,
TEL-E003-0989,E003,AST-E003-029,2026-08-25T14:24:00,,76,,
TEL-E003-0990,E003,AST-E003-030,2026-08-15T23:49:00,,10,,
TEL-E003-0991,E003,AST-E003-001,2026-08-16T23:15:00,,55,,
TEL-E003-0992,E003,AST-E003-002,2026-08-30T22:21:00,,16,,
TEL-E003-0993,E003,AST-E003-003,2026-08-24T15:52:00,,65,,
TEL-E003-0994,E003,AST-E003-004,2026-08-25T23:43:00,,12,,
TEL-E003-0995,E003,AST-E003-005,2026-08-12T23:40:00,,68,,
TEL-E003-0996,E003,AST-E003-006,2026-08-20T08:41:00,,32,,
TEL-E003-0997,E003,AST-E003-007,2026-08-26T06:46:00,,99,,
TEL-E003-0998,E003,AST-E003-008,2026-08-15T22:41:00,,58,,
TEL-E003-0999,E003,AST-E003-009,2026-08-13T08:12:00,,54,,
TEL-E003-1000,E003,AST-E003-010,2026-08-06T08:25:00,,80,,
TEL-E003-1001,E003,AST-E003-011,2026-08-27T00:15:00,,43,,
TEL-E003-1002,E003,AST-E003-012,2026-08-22T16:01:00,,4,,
TEL-E003-1003,E003,AST-E003-013,2026-08-16T22:44:00,,99,,
TEL-E003-1004,E003,AST-E003-014,2026-08-06T10:01:00,,85,,
TEL-E003-1005,E003,AST-E003-015,2026-08-06T09:03:00,,20,,
TEL-E003-1006,E003,AST-E003-016,2026-08-17T08:55:00,,5,,
TEL-E003-1007,E003,AST-E003-017,2026-08-15T03:05:00,,45,,
TEL-E003-1008,E003,AST-E003-018,2026-08-21T00:01:00,,68,,
TEL-E003-1009,E003,AST-E003-019,2026-08-20T04:50:00,,46,,
TEL-E003-1010,E003,AST-E003-020,2026-08-21T21:59:00,,25,,
TEL-E003-1011,E003,AST-E003-021,2026-08-06T09:22:00,,77,,
TEL-E003-1012,E003,AST-E003-022,2026-08-12T01:32:00,,87,,
TEL-E003-1013,E003,AST-E003-023,2026-08-26T18:40:00,,23,,
TEL-E003-1014,E003,AST-E003-024,2026-08-24T14:34:00,,1,,
TEL-E003-1015,E003,AST-E003-025,2026-08-22T15:10:00,,45,,
TEL-E003-1016,E003,AST-E003-026,2026-08-30T01:04:00,,67,,
TEL-E003-1017,E003,AST-E003-027,2026-08-10T12:15:00,,48,,
TEL-E003-1018,E003,AST-E003-028,2026-08-26T02:10:00,,68,,
TEL-E003-1019,E003,AST-E003-029,2026-08-18T18:41:00,,78,,
TEL-E003-1020,E003,AST-E003-030,2026-08-02T22:42:00,,59,,
TEL-E003-1021,E003,AST-E003-001,2026-08-07T03:52:00,,93,,
TEL-E003-1022,E003,AST-E003-002,2026-08-25T20:16:00,,53,,
TEL-E003-1023,E003,AST-E003-003,2026-08-15T16:35:00,,49,,
TEL-E003-1024,E003,AST-E003-004,2026-08-28T03:00:00,,73,,
TEL-E003-1025,E003,AST-E003-005,2026-08-29T01:07:00,,14,,
TEL-E003-1026,E003,AST-E003-006,2026-08-16T06:07:00,,18,,
TEL-E003-1027,E003,AST-E003-007,2026-08-07T01:07:00,,37,,
TEL-E003-1028,E003,AST-E003-008,2026-08-15T14:29:00,,77,,
TEL-E003-1029,E003,AST-E003-009,2026-08-02T12:23:00,,7,,
TEL-E003-1030,E003,AST-E003-010,2026-08-18T13:43:00,,14,,
TEL-E003-1031,E003,AST-E003-011,2026-08-22T04:21:00,,91,,
TEL-E003-1032,E003,AST-E003-012,2026-08-18T10:29:00,,78,,
TEL-E003-1033,E003,AST-E003-013,2026-08-21T11:53:00,,91,,
TEL-E003-1034,E003,AST-E003-014,2026-08-29T15:44:00,,59,,
TEL-E003-1035,E003,AST-E003-015,2026-08-12T12:04:00,,63,,
TEL-E003-1036,E003,AST-E003-016,2026-08-18T09:00:00,,82,,
TEL-E003-1037,E003,AST-E003-017,2026-08-10T16:11:00,,50,,
TEL-E003-1038,E003,AST-E003-018,2026-08-03T08:44:00,,86,,
TEL-E003-1039,E003,AST-E003-019,2026-08-03T04:21:00,,17,,
TEL-E003-1040,E003,AST-E003-020,2026-08-23T22:57:00,,37,,
TEL-E003-1041,E003,AST-E003-021,2026-08-22T23:50:00,,37,,
TEL-E003-1042,E003,AST-E003-022,2026-08-18T00:05:00,,33,,
TEL-E003-1043,E003,AST-E003-023,2026-08-26T23:18:00,,93,,
TEL-E003-1044,E003,AST-E003-024,2026-08-17T05:25:00,,92,,
TEL-E003-1045,E003,AST-E003-025,2026-08-14T06:32:00,,16,,
TEL-E003-1046,E003,AST-E003-026,2026-08-12T20:54:00,,35,,
TEL-E003-1047,E003,AST-E003-027,2026-08-04T21:17:00,,87,,
TEL-E003-1048,E003,AST-E003-028,2026-08-23T06:10:00,,89,,
TEL-E003-1049,E003,AST-E003-029,2026-08-15T16:27:00,,48,,
TEL-E003-1050,E003,AST-E003-030,2026-08-21T00:38:00,,99,,
TEL-E003-1051,E003,AST-E003-001,2026-08-08T00:16:00,,38,,
TEL-E003-1052,E003,AST-E003-002,2026-08-11T17:22:00,,51,,
TEL-E003-1053,E003,AST-E003-003,2026-08-06T10:30:00,,39,,
TEL-E003-1054,E003,AST-E003-004,2026-08-05T02:48:00,,64,,
TEL-E003-1055,E003,AST-E003-005,2026-08-08T19:39:00,,66,,
TEL-E003-1056,E003,AST-E003-006,2026-08-20T14:22:00,,30,,
TEL-E003-1057,E003,AST-E003-007,2026-08-24T08:22:00,,67,,
TEL-E003-1058,E003,AST-E003-008,2026-08-10T03:22:00,,40,,
TEL-E003-1059,E003,AST-E003-009,2026-08-12T05:25:00,,33,,
TEL-E003-1060,E003,AST-E003-010,2026-08-02T19:24:00,,31,,
TEL-E003-1061,E003,AST-E003-011,2026-08-20T14:04:00,,43,,
TEL-E003-1062,E003,AST-E003-012,2026-08-14T01:56:00,,6,,
TEL-E003-1063,E003,AST-E003-013,2026-08-26T04:47:00,,95,,
TEL-E003-1064,E003,AST-E003-014,2026-08-12T08:39:00,,17,,
TEL-E003-1065,E003,AST-E003-015,2026-08-08T17:29:00,,31,,
TEL-E003-1066,E003,AST-E003-016,2026-08-26T11:14:00,,42,,
TEL-E003-1067,E003,AST-E003-017,2026-08-12T11:08:00,,22,,
TEL-E003-1068,E003,AST-E003-018,2026-08-15T18:07:00,,67,,
TEL-E003-1069,E003,AST-E003-019,2026-08-27T01:24:00,,24,,
TEL-E003-1070,E003,AST-E003-020,2026-08-18T17:38:00,,61,,
TEL-E003-1071,E003,AST-E003-021,2026-08-01T22:52:00,,58,,
TEL-E003-1072,E003,AST-E003-022,2026-08-21T13:39:00,,46,,
TEL-E003-1073,E003,AST-E003-023,2026-08-30T15:39:00,,19,,
TEL-E003-1074,E003,AST-E003-024,2026-08-11T01:55:00,,7,,
TEL-E003-1075,E003,AST-E003-025,2026-08-08T09:30:00,,90,,
TEL-E003-1076,E003,AST-E003-026,2026-08-05T18:35:00,,99,,
TEL-E003-1077,E003,AST-E003-027,2026-08-28T20:20:00,,68,,
TEL-E003-1078,E003,AST-E003-028,2026-08-26T05:26:00,,8,,
TEL-E003-1079,E003,AST-E003-029,2026-08-23T21:01:00,,98,,
TEL-E003-1080,E003,AST-E003-030,2026-08-03T05:46:00,,25,,
TEL-E003-1081,E003,AST-E003-001,2026-08-30T19:49:00,,34,,
TEL-E003-1082,E003,AST-E003-002,2026-08-21T19:35:00,,13,,
TEL-E003-1083,E003,AST-E003-003,2026-08-06T06:51:00,,55,,
TEL-E003-1084,E003,AST-E003-004,2026-08-19T10:02:00,,87,,
TEL-E003-1085,E003,AST-E003-005,2026-08-09T06:26:00,,14,,
TEL-E003-1086,E003,AST-E003-006,2026-08-08T04:34:00,,11,,
TEL-E003-1087,E003,AST-E003-007,2026-08-03T06:03:00,,35,,
TEL-E003-1088,E003,AST-E003-008,2026-08-20T12:08:00,,29,,
TEL-E003-1089,E003,AST-E003-009,2026-08-27T15:24:00,,99,,
TEL-E003-1090,E003,AST-E003-010,2026-08-07T16:22:00,,95,,
TEL-E003-1091,E003,AST-E003-011,2026-08-07T04:30:00,,41,,
TEL-E003-1092,E003,AST-E003-012,2026-08-07T01:39:00,,44,,
TEL-E003-1093,E003,AST-E003-013,2026-08-12T09:32:00,,41,,
TEL-E003-1094,E003,AST-E003-014,2026-08-02T14:39:00,,4,,
TEL-E003-1095,E003,AST-E003-015,2026-08-20T01:07:00,,77,,
TEL-E003-1096,E003,AST-E003-016,2026-08-12T21:22:00,,18,,
TEL-E003-1097,E003,AST-E003-017,2026-08-04T18:29:00,,76,,
TEL-E003-1098,E003,AST-E003-018,2026-08-05T23:13:00,,34,,
TEL-E003-1099,E003,AST-E003-019,2026-08-23T22:16:00,,8,,
TEL-E003-1100,E003,AST-E003-020,2026-08-05T13:54:00,,60,,
TEL-E003-1101,E003,AST-E003-021,2026-08-08T17:12:00,,47,,
TEL-E003-1102,E003,AST-E003-022,2026-08-04T12:15:00,,73,,
TEL-E003-1103,E003,AST-E003-023,2026-08-25T18:34:00,,62,,
TEL-E003-1104,E003,AST-E003-024,2026-08-24T01:21:00,,75,,
TEL-E003-1105,E003,AST-E003-025,2026-08-19T10:25:00,,28,,
TEL-E003-1106,E003,AST-E003-026,2026-08-19T14:16:00,,97,,
TEL-E003-1107,E003,AST-E003-027,2026-08-16T05:06:00,,54,,
TEL-E003-1108,E003,AST-E003-028,2026-08-02T11:42:00,,12,,
TEL-E003-1109,E003,AST-E003-029,2026-08-11T04:40:00,,64,,
TEL-E003-1110,E003,AST-E003-030,2026-08-24T16:10:00,,72,,
TEL-E003-1111,E003,AST-E003-001,2026-08-04T01:08:00,,31,,
TEL-E003-1112,E003,AST-E003-002,2026-08-20T02:56:00,,35,,
TEL-E003-1113,E003,AST-E003-003,2026-08-24T13:35:00,,67,,
TEL-E003-1114,E003,AST-E003-004,2026-08-13T21:15:00,,34,,
TEL-E003-1115,E003,AST-E003-005,2026-08-27T01:40:00,,67,,
TEL-E003-1116,E003,AST-E003-006,2026-08-05T10:09:00,,74,,
TEL-E003-1117,E003,AST-E003-007,2026-08-14T16:46:00,,69,,
TEL-E003-1118,E003,AST-E003-008,2026-08-09T09:06:00,,75,,
TEL-E003-1119,E003,AST-E003-009,2026-08-26T07:10:00,,8,,
TEL-E003-1120,E003,AST-E003-010,2026-08-29T18:11:00,,54,,
TEL-E003-1121,E003,AST-E003-011,2026-08-03T12:45:00,,74,,
TEL-E003-1122,E003,AST-E003-012,2026-08-12T18:59:00,,88,,
TEL-E003-1123,E003,AST-E003-013,2026-08-06T05:09:00,,28,,
TEL-E003-1124,E003,AST-E003-014,2026-08-14T07:50:00,,13,,
TEL-E003-1125,E003,AST-E003-015,2026-08-02T02:38:00,,74,,
TEL-E003-1126,E003,AST-E003-016,2026-08-26T09:29:00,,51,,
TEL-E003-1127,E003,AST-E003-017,2026-08-11T16:35:00,,90,,
TEL-E003-1128,E003,AST-E003-018,2026-08-02T10:13:00,,19,,
TEL-E003-1129,E003,AST-E003-019,2026-08-08T10:49:00,,91,,
TEL-E003-1130,E003,AST-E003-020,2026-08-08T15:34:00,,2,,
TEL-E003-1131,E003,AST-E003-021,2026-08-05T17:48:00,,48,,
TEL-E003-1132,E003,AST-E003-022,2026-08-21T21:07:00,,41,,
TEL-E003-1133,E003,AST-E003-023,2026-08-14T04:54:00,,30,,
TEL-E003-1134,E003,AST-E003-024,2026-08-26T04:32:00,,85,,
TEL-E003-1135,E003,AST-E003-025,2026-08-04T06:45:00,,2,,
TEL-E003-1136,E003,AST-E003-026,2026-08-14T15:54:00,,38,,
TEL-E003-1137,E003,AST-E003-027,2026-08-27T22:56:00,,53,,
TEL-E003-1138,E003,AST-E003-028,2026-08-17T16:35:00,,73,,
TEL-E003-1139,E003,AST-E003-029,2026-08-01T15:50:00,,29,,
TEL-E003-1140,E003,AST-E003-030,2026-08-19T08:08:00,,42,,
TEL-E003-1141,E003,AST-E003-001,2026-08-15T17:30:00,,42,,
TEL-E003-1142,E003,AST-E003-002,2026-08-07T07:22:00,,6,,
TEL-E003-1143,E003,AST-E003-003,2026-08-26T05:00:00,,60,,
TEL-E003-1144,E003,AST-E003-004,2026-08-14T20:08:00,,81,,
TEL-E003-1145,E003,AST-E003-005,2026-08-09T10:41:00,,27,,
TEL-E003-1146,E003,AST-E003-006,2026-08-12T05:16:00,,3,,
TEL-E003-1147,E003,AST-E003-007,2026-08-11T20:18:00,,88,,
TEL-E003-1148,E003,AST-E003-008,2026-08-15T03:23:00,,89,,
TEL-E003-1149,E003,AST-E003-009,2026-08-26T09:20:00,,89,,
TEL-E003-1150,E003,AST-E003-010,2026-08-06T07:52:00,,13,,
TEL-E003-1151,E003,AST-E003-011,2026-08-13T21:30:00,,94,,
TEL-E003-1152,E003,AST-E003-012,2026-08-17T20:33:00,,4,,
TEL-E003-1153,E003,AST-E003-013,2026-08-09T18:04:00,,38,,
TEL-E003-1154,E003,AST-E003-014,2026-08-25T14:51:00,,39,,
TEL-E003-1155,E003,AST-E003-015,2026-08-31T01:30:00,,43,,
TEL-E003-1156,E003,AST-E003-016,2026-08-21T04:29:00,,29,,
TEL-E003-1157,E003,AST-E003-017,2026-08-21T14:11:00,,79,,
TEL-E003-1158,E003,AST-E003-018,2026-08-28T06:13:00,,86,,
TEL-E003-1159,E003,AST-E003-019,2026-08-19T15:43:00,,6,,
TEL-E003-1160,E003,AST-E003-020,2026-08-24T11:31:00,,35,,
TEL-E003-1161,E003,AST-E003-021,2026-08-13T10:23:00,,24,,
TEL-E003-1162,E003,AST-E003-022,2026-08-26T15:55:00,,27,,
TEL-E003-1163,E003,AST-E003-023,2026-08-08T14:32:00,,67,,
TEL-E003-1164,E003,AST-E003-024,2026-08-10T08:21:00,,94,,
TEL-E003-1165,E003,AST-E003-025,2026-08-05T02:57:00,,17,,
TEL-E003-1166,E003,AST-E003-026,2026-08-01T17:22:00,,54,,
TEL-E003-1167,E003,AST-E003-027,2026-08-14T17:54:00,,19,,
TEL-E003-1168,E003,AST-E003-028,2026-08-02T00:24:00,,91,,
TEL-E003-1169,E003,AST-E003-029,2026-08-28T07:40:00,,40,,
TEL-E003-1170,E003,AST-E003-030,2026-08-01T08:32:00,,65,,
TEL-E003-1171,E003,AST-E003-001,2026-08-27T22:36:00,,30,,
TEL-E003-1172,E003,AST-E003-002,2026-08-03T20:42:00,,35,,
TEL-E003-1173,E003,AST-E003-003,2026-08-24T02:28:00,,36,,
TEL-E003-1174,E003,AST-E003-004,2026-08-08T20:15:00,,97,,
TEL-E003-1175,E003,AST-E003-005,2026-08-13T23:59:00,,17,,
TEL-E003-1176,E003,AST-E003-006,2026-08-04T18:03:00,,7,,
TEL-E003-1177,E003,AST-E003-007,2026-08-10T03:15:00,,87,,
TEL-E003-1178,E003,AST-E003-008,2026-08-01T22:11:00,,97,,
TEL-E003-1179,E003,AST-E003-009,2026-08-03T18:17:00,,41,,
TEL-E003-1180,E003,AST-E003-010,2026-08-31T01:12:00,,86,,
TEL-E003-1181,E003,AST-E003-011,2026-08-09T16:07:00,,58,,
TEL-E003-1182,E003,AST-E003-012,2026-08-03T18:01:00,,3,,
TEL-E003-1183,E003,AST-E003-013,2026-08-10T10:08:00,,58,,
TEL-E003-1184,E003,AST-E003-014,2026-08-05T10:20:00,,68,,
TEL-E003-1185,E003,AST-E003-015,2026-08-06T13:43:00,,43,,
TEL-E003-1186,E003,AST-E003-016,2026-08-05T08:49:00,,1,,
TEL-E003-1187,E003,AST-E003-017,2026-08-23T13:47:00,,18,,
TEL-E003-1188,E003,AST-E003-018,2026-08-15T07:25:00,,29,,
TEL-E003-1189,E003,AST-E003-019,2026-08-01T15:09:00,,76,,
TEL-E003-1190,E003,AST-E003-020,2026-08-19T15:02:00,,92,,
TEL-E003-1191,E003,AST-E003-021,2026-08-11T17:06:00,,46,,
TEL-E003-1192,E003,AST-E003-022,2026-08-05T11:41:00,,67,,
TEL-E003-1193,E003,AST-E003-023,2026-08-04T03:34:00,,62,,
TEL-E003-1194,E003,AST-E003-024,2026-08-03T14:45:00,,13,,
TEL-E003-1195,E003,AST-E003-025,2026-08-28T02:10:00,,27,,
TEL-E003-1196,E003,AST-E003-026,2026-08-22T22:19:00,,74,,
TEL-E003-1197,E003,AST-E003-027,2026-08-14T03:32:00,,10,,
TEL-E003-1198,E003,AST-E003-028,2026-08-19T07:19:00,,55,,
TEL-E003-1199,E003,AST-E003-029,2026-08-25T19:24:00,,32,,
TEL-E003-1200,E003,AST-E003-030,2026-08-18T16:50:00,,78,,
TEL-E003-1201,E003,AST-E003-001,2026-08-03T21:38:00,,55,,
TEL-E003-1202,E003,AST-E003-002,2026-08-21T02:17:00,,70,,
TEL-E003-1203,E003,AST-E003-003,2026-08-14T01:13:00,,32,,
TEL-E003-1204,E003,AST-E003-004,2026-08-01T18:45:00,,72,,
TEL-E003-1205,E003,AST-E003-005,2026-08-16T23:05:00,,49,,
TEL-E003-1206,E003,AST-E003-006,2026-08-13T12:14:00,,43,,
TEL-E003-1207,E003,AST-E003-007,2026-08-09T00:42:00,,61,,
TEL-E003-1208,E003,AST-E003-008,2026-08-22T02:17:00,,15,,
TEL-E003-1209,E003,AST-E003-009,2026-08-24T05:37:00,,83,,
TEL-E003-1210,E003,AST-E003-010,2026-08-20T15:13:00,,78,,
TEL-E003-1211,E003,AST-E003-011,2026-08-10T01:00:00,,88,,
TEL-E003-1212,E003,AST-E003-012,2026-08-21T22:26:00,,85,,
TEL-E003-1213,E003,AST-E003-013,2026-08-25T04:03:00,,14,,
TEL-E003-1214,E003,AST-E003-014,2026-08-09T17:50:00,,71,,
TEL-E003-1215,E003,AST-E003-015,2026-08-26T21:51:00,,33,,
TEL-E003-1216,E003,AST-E003-016,2026-08-06T09:51:00,,36,,
TEL-E003-1217,E003,AST-E003-017,2026-08-04T13:31:00,,93,,
TEL-E003-1218,E003,AST-E003-018,2026-08-13T07:48:00,,20,,
TEL-E003-1219,E003,AST-E003-019,2026-08-22T18:56:00,,99,,
TEL-E003-1220,E003,AST-E003-020,2026-08-27T15:25:00,,81,,
TEL-E003-1221,E003,AST-E003-021,2026-08-26T05:53:00,,45,,
TEL-E003-1222,E003,AST-E003-022,2026-08-28T07:23:00,,60,,
TEL-E003-1223,E003,AST-E003-023,2026-08-03T06:26:00,,25,,
TEL-E003-1224,E003,AST-E003-024,2026-08-11T04:31:00,,98,,
TEL-E003-1225,E003,AST-E003-025,2026-08-13T21:24:00,,45,,
TEL-E003-1226,E003,AST-E003-026,2026-08-19T22:11:00,,96,,
TEL-E003-1227,E003,AST-E003-027,2026-08-22T18:32:00,,7,,
TEL-E003-1228,E003,AST-E003-028,2026-08-30T17:47:00,,37,,
TEL-E003-1229,E003,AST-E003-029,2026-08-03T15:50:00,,24,,
TEL-E003-1230,E003,AST-E003-030,2026-08-07T20:20:00,,52,,
TEL-E003-1231,E003,AST-E003-001,2026-08-17T13:30:00,,66,,
TEL-E003-1232,E003,AST-E003-002,2026-08-23T03:40:00,,61,,
TEL-E003-1233,E003,AST-E003-003,2026-08-03T20:58:00,,69,,
TEL-E003-1234,E003,AST-E003-004,2026-08-30T16:37:00,,51,,
TEL-E003-1235,E003,AST-E003-005,2026-08-23T20:28:00,,22,,
TEL-E003-1236,E003,AST-E003-006,2026-08-13T21:10:00,,20,,
TEL-E003-1237,E003,AST-E003-007,2026-08-17T11:30:00,,19,,
TEL-E003-1238,E003,AST-E003-008,2026-08-23T12:33:00,,7,,
TEL-E003-1239,E003,AST-E003-009,2026-08-05T11:14:00,,37,,
TEL-E003-1240,E003,AST-E003-010,2026-08-14T04:05:00,,60,,
TEL-E003-1241,E003,AST-E003-011,2026-08-25T07:56:00,,29,,
TEL-E003-1242,E003,AST-E003-012,2026-08-31T03:59:00,,88,,
TEL-E003-1243,E003,AST-E003-013,2026-08-24T04:20:00,,7,,
TEL-E003-1244,E003,AST-E003-014,2026-08-27T18:08:00,,83,,
TEL-E003-1245,E003,AST-E003-015,2026-08-10T04:08:00,,83,,
TEL-E003-1246,E003,AST-E003-016,2026-08-07T19:16:00,,81,,
TEL-E003-1247,E003,AST-E003-017,2026-08-04T04:13:00,,56,,
TEL-E003-1248,E003,AST-E003-018,2026-08-21T23:57:00,,86,,
TEL-E003-1249,E003,AST-E003-019,2026-08-17T06:10:00,,76,,
TEL-E003-1250,E003,AST-E003-020,2026-08-09T00:11:00,,30,,
TEL-E003-1251,E003,AST-E003-021,2026-08-03T06:40:00,,79,,
TEL-E003-1252,E003,AST-E003-022,2026-08-26T03:17:00,,79,,
TEL-E003-1253,E003,AST-E003-023,2026-08-31T07:23:00,,45,,
TEL-E003-1254,E003,AST-E003-024,2026-08-16T04:31:00,,76,,
TEL-E003-1255,E003,AST-E003-025,2026-08-05T17:27:00,,71,,
TEL-E003-1256,E003,AST-E003-026,2026-08-26T21:28:00,,90,,
TEL-E003-1257,E003,AST-E003-027,2026-08-15T10:02:00,,30,,
TEL-E003-1258,E003,AST-E003-028,2026-08-06T18:20:00,,39,,
TEL-E003-1259,E003,AST-E003-029,2026-08-23T05:13:00,,79,,
TEL-E003-1260,E003,AST-E003-030,2026-08-10T02:23:00,,37,,
TEL-E003-1261,E003,AST-E003-001,2026-08-13T10:38:00,,5,,
TEL-E003-1262,E003,AST-E003-002,2026-08-31T00:23:00,,29,,
TEL-E003-1263,E003,AST-E003-003,2026-08-29T12:46:00,,83,,
TEL-E003-1264,E003,AST-E003-004,2026-08-05T14:36:00,,98,,
TEL-E003-1265,E003,AST-E003-005,2026-08-22T00:58:00,,58,,
TEL-E003-1266,E003,AST-E003-006,2026-08-16T05:31:00,,52,,
TEL-E003-1267,E003,AST-E003-007,2026-08-23T13:58:00,,71,,
TEL-E003-1268,E003,AST-E003-008,2026-08-16T12:12:00,,93,,
TEL-E003-1269,E003,AST-E003-009,2026-08-07T12:09:00,,86,,
TEL-E003-1270,E003,AST-E003-010,2026-08-27T04:51:00,,87,,
TEL-E003-1271,E003,AST-E003-011,2026-08-13T16:09:00,,46,,
TEL-E003-1272,E003,AST-E003-012,2026-08-19T06:50:00,,30,,
TEL-E003-1273,E003,AST-E003-013,2026-08-22T06:21:00,,89,,
TEL-E003-1274,E003,AST-E003-014,2026-08-13T00:55:00,,6,,
TEL-E003-1275,E003,AST-E003-015,2026-08-16T03:10:00,,62,,
TEL-E003-1276,E003,AST-E003-016,2026-08-03T20:58:00,,6,,
TEL-E003-1277,E003,AST-E003-017,2026-08-26T08:55:00,,16,,
TEL-E003-1278,E003,AST-E003-018,2026-08-12T19:10:00,,72,,
TEL-E003-1279,E003,AST-E003-019,2026-08-03T00:54:00,,19,,
TEL-E003-1280,E003,AST-E003-020,2026-08-07T20:46:00,,35,,
TEL-E003-1281,E003,AST-E003-021,2026-08-03T13:12:00,,20,,
TEL-E003-1282,E003,AST-E003-022,2026-08-30T14:08:00,,80,,
TEL-E003-1283,E003,AST-E003-023,2026-08-03T13:27:00,,16,,
TEL-E003-1284,E003,AST-E003-024,2026-08-19T14:48:00,,25,,
TEL-E003-1285,E003,AST-E003-025,2026-08-04T21:17:00,,79,,
TEL-E003-1286,E003,AST-E003-026,2026-08-17T01:24:00,,53,,
TEL-E003-1287,E003,AST-E003-027,2026-08-28T23:47:00,,59,,
TEL-E003-1288,E003,AST-E003-028,2026-08-13T10:10:00,,99,,
TEL-E003-1289,E003,AST-E003-029,2026-08-20T01:06:00,,95,,
TEL-E003-1290,E003,AST-E003-030,2026-08-22T13:30:00,,11,,
TEL-E003-1291,E003,AST-E003-001,2026-08-05T13:05:00,,70,,
TEL-E003-1292,E003,AST-E003-002,2026-08-12T17:36:00,,85,,
TEL-E003-1293,E003,AST-E003-003,2026-08-15T03:25:00,,25,,
TEL-E003-1294,E003,AST-E003-004,2026-08-08T21:22:00,,43,,
TEL-E003-1295,E003,AST-E003-005,2026-08-10T20:33:00,,56,,
TEL-E003-1296,E003,AST-E003-006,2026-08-02T02:22:00,,22,,
TEL-E003-1297,E003,AST-E003-007,2026-08-03T21:06:00,,47,,
TEL-E003-1298,E003,AST-E003-008,2026-08-04T05:06:00,,49,,
TEL-E003-1299,E003,AST-E003-009,2026-08-18T07:13:00,,74,,
TEL-E003-1300,E003,AST-E003-010,2026-08-24T04:44:00,,31,,
TEL-E003-1301,E003,AST-E003-011,2026-08-09T21:33:00,,37,,
TEL-E003-1302,E003,AST-E003-012,2026-08-08T08:45:00,,65,,
TEL-E003-1303,E003,AST-E003-013,2026-08-20T16:08:00,,14,,
TEL-E003-1304,E003,AST-E003-014,2026-08-26T23:26:00,,21,,
TEL-E003-1305,E003,AST-E003-015,2026-08-23T07:32:00,,92,,
TEL-E003-1306,E003,AST-E003-016,2026-08-16T03:51:00,,79,,
TEL-E003-1307,E003,AST-E003-017,2026-08-25T16:26:00,,30,,
TEL-E003-1308,E003,AST-E003-018,2026-08-16T22:49:00,,88,,
TEL-E003-1309,E003,AST-E003-019,2026-08-26T13:45:00,,93,,
TEL-E003-1310,E003,AST-E003-020,2026-08-02T07:33:00,,53,,
TEL-E003-1311,E003,AST-E003-021,2026-08-15T09:50:00,,65,,
TEL-E003-1312,E003,AST-E003-022,2026-08-04T07:02:00,,88,,
TEL-E003-1313,E003,AST-E003-023,2026-08-13T12:56:00,,56,,
TEL-E003-1314,E003,AST-E003-024,2026-08-22T08:03:00,,98,,
TEL-E003-1315,E003,AST-E003-025,2026-08-27T18:07:00,,45,,
TEL-E003-1316,E003,AST-E003-026,2026-08-19T08:12:00,,85,,
TEL-E003-1317,E003,AST-E003-027,2026-08-27T01:07:00,,45,,
TEL-E003-1318,E003,AST-E003-028,2026-08-16T02:55:00,,69,,
TEL-E003-1319,E003,AST-E003-029,2026-08-30T01:51:00,,68,,
TEL-E003-1320,E003,AST-E003-030,2026-08-11T11:12:00,,29,,
TEL-E003-1321,E003,AST-E003-001,2026-08-23T03:47:00,,79,,
TEL-E003-1322,E003,AST-E003-002,2026-08-07T02:13:00,,33,,
TEL-E003-1323,E003,AST-E003-003,2026-08-13T05:59:00,,37,,
TEL-E003-1324,E003,AST-E003-004,2026-08-21T03:37:00,,68,,
TEL-E003-1325,E003,AST-E003-005,2026-08-17T20:10:00,,34,,
TEL-E003-1326,E003,AST-E003-006,2026-08-01T16:45:00,,81,,
TEL-E003-1327,E003,AST-E003-007,2026-08-20T05:13:00,,9,,
TEL-E003-1328,E003,AST-E003-008,2026-08-09T09:53:00,,73,,
TEL-E003-1329,E003,AST-E003-009,2026-08-16T07:13:00,,43,,
TEL-E003-1330,E003,AST-E003-010,2026-08-07T08:35:00,,8,,
TEL-E003-1331,E003,AST-E003-011,2026-08-18T07:06:00,,54,,
TEL-E003-1332,E003,AST-E003-012,2026-08-01T16:55:00,,26,,
TEL-E003-1333,E003,AST-E003-013,2026-08-12T23:41:00,,51,,
TEL-E003-1334,E003,AST-E003-014,2026-08-13T13:16:00,,56,,
TEL-E003-1335,E003,AST-E003-015,2026-08-28T08:37:00,,4,,
TEL-E003-1336,E003,AST-E003-016,2026-08-25T06:57:00,,92,,
TEL-E003-1337,E003,AST-E003-017,2026-08-04T11:08:00,,82,,
TEL-E003-1338,E003,AST-E003-018,2026-08-18T16:17:00,,95,,
TEL-E003-1339,E003,AST-E003-019,2026-08-07T01:29:00,,87,,
TEL-E003-1340,E003,AST-E003-020,2026-08-03T11:47:00,,25,,
TEL-E003-1341,E003,AST-E003-021,2026-08-21T20:32:00,,3,,
TEL-E003-1342,E003,AST-E003-022,2026-08-30T18:12:00,,33,,
TEL-E003-1343,E003,AST-E003-023,2026-08-11T19:48:00,,72,,
TEL-E003-1344,E003,AST-E003-024,2026-08-29T22:10:00,,50,,
TEL-E003-1345,E003,AST-E003-025,2026-08-25T06:42:00,,30,,
TEL-E003-1346,E003,AST-E003-026,2026-08-05T07:31:00,,97,,
TEL-E003-1347,E003,AST-E003-027,2026-08-10T16:33:00,,98,,
TEL-E003-1348,E003,AST-E003-028,2026-08-15T07:55:00,,65,,
TEL-E003-1349,E003,AST-E003-029,2026-08-04T02:39:00,,65,,
TEL-E003-1350,E003,AST-E003-030,2026-08-05T13:11:00,,48,,
TEL-E003-1351,E003,AST-E003-001,2026-08-08T21:15:00,,24,,
TEL-E003-1352,E003,AST-E003-002,2026-08-16T14:00:00,,83,,
TEL-E003-1353,E003,AST-E003-003,2026-08-02T04:56:00,,71,,
TEL-E003-1354,E003,AST-E003-004,2026-08-14T16:45:00,,49,,
TEL-E003-1355,E003,AST-E003-005,2026-08-08T21:05:00,,47,,
TEL-E003-1356,E003,AST-E003-006,2026-08-02T09:56:00,,47,,
TEL-E003-1357,E003,AST-E003-007,2026-08-16T19:10:00,,48,,
TEL-E003-1358,E003,AST-E003-008,2026-08-05T13:14:00,,64,,
TEL-E003-1359,E003,AST-E003-009,2026-08-21T10:10:00,,51,,
TEL-E003-1360,E003,AST-E003-010,2026-08-24T02:28:00,,62,,
TEL-E003-1361,E003,AST-E003-011,2026-08-18T15:46:00,,43,,
TEL-E003-1362,E003,AST-E003-012,2026-08-28T08:41:00,,98,,
TEL-E003-1363,E003,AST-E003-013,2026-08-23T09:38:00,,43,,
TEL-E003-1364,E003,AST-E003-014,2026-08-06T09:41:00,,72,,
TEL-E003-1365,E003,AST-E003-015,2026-08-24T05:10:00,,65,,
TEL-E003-1366,E003,AST-E003-016,2026-08-26T00:33:00,,53,,
TEL-E003-1367,E003,AST-E003-017,2026-08-15T11:49:00,,28,,
TEL-E003-1368,E003,AST-E003-018,2026-08-20T13:46:00,,57,,
TEL-E003-1369,E003,AST-E003-019,2026-08-21T09:32:00,,12,,
TEL-E003-1370,E003,AST-E003-020,2026-08-13T18:01:00,,14,,
TEL-E003-1371,E003,AST-E003-021,2026-08-11T01:53:00,,7,,
TEL-E003-1372,E003,AST-E003-022,2026-08-21T21:52:00,,26,,
TEL-E003-1373,E003,AST-E003-023,2026-08-24T08:13:00,,100,,
TEL-E003-1374,E003,AST-E003-024,2026-08-21T00:27:00,,97,,
TEL-E003-1375,E003,AST-E003-025,2026-08-23T09:50:00,,20,,
TEL-E003-1376,E003,AST-E003-026,2026-08-24T02:42:00,,43,,
TEL-E003-1377,E003,AST-E003-027,2026-08-28T01:12:00,,26,,
TEL-E003-1378,E003,AST-E003-028,2026-08-12T13:07:00,,82,,
TEL-E003-1379,E003,AST-E003-029,2026-08-21T19:41:00,,48,,
TEL-E003-1380,E003,AST-E003-030,2026-08-23T23:36:00,,72,,
TEL-E003-1381,E003,AST-E003-001,2026-08-21T09:11:00,,64,,
TEL-E003-1382,E003,AST-E003-002,2026-08-26T09:08:00,,38,,
TEL-E003-1383,E003,AST-E003-003,2026-08-17T13:08:00,,9,,
TEL-E003-1384,E003,AST-E003-004,2026-08-03T19:21:00,,42,,
TEL-E003-1385,E003,AST-E003-005,2026-08-19T13:52:00,,14,,
TEL-E003-1386,E003,AST-E003-006,2026-08-15T01:29:00,,61,,
TEL-E003-1387,E003,AST-E003-007,2026-08-18T18:28:00,,15,,
TEL-E003-1388,E003,AST-E003-008,2026-08-21T11:56:00,,18,,
TEL-E003-1389,E003,AST-E003-009,2026-08-29T04:46:00,,37,,
TEL-E003-1390,E003,AST-E003-010,2026-08-25T18:02:00,,69,,
TEL-E003-1391,E003,AST-E003-011,2026-08-18T17:12:00,,13,,
TEL-E003-1392,E003,AST-E003-012,2026-08-18T20:18:00,,19,,
TEL-E003-1393,E003,AST-E003-013,2026-08-28T23:32:00,,71,,
TEL-E003-1394,E003,AST-E003-014,2026-08-07T15:05:00,,86,,
TEL-E003-1395,E003,AST-E003-015,2026-08-26T00:31:00,,27,,
TEL-E003-1396,E003,AST-E003-016,2026-08-26T15:19:00,,74,,
TEL-E003-1397,E003,AST-E003-017,2026-08-28T21:59:00,,66,,
TEL-E003-1398,E003,AST-E003-018,2026-08-17T22:17:00,,54,,
TEL-E003-1399,E003,AST-E003-019,2026-08-02T18:16:00,,65,,
TEL-E003-1400,E003,AST-E003-020,2026-08-14T02:07:00,,48,,
TEL-E003-1401,E003,AST-E003-021,2026-08-17T01:09:00,,81,,
TEL-E003-1402,E003,AST-E003-022,2026-08-21T01:38:00,,49,,
TEL-E003-1403,E003,AST-E003-023,2026-08-20T11:07:00,,49,,
TEL-E003-1404,E003,AST-E003-024,2026-08-01T12:29:00,,3,,
TEL-E003-1405,E003,AST-E003-025,2026-08-21T16:09:00,,69,,
TEL-E003-1406,E003,AST-E003-026,2026-08-15T19:21:00,,56,,
TEL-E003-1407,E003,AST-E003-027,2026-08-06T12:14:00,,3,,
TEL-E003-1408,E003,AST-E003-028,2026-08-29T18:36:00,,60,,
TEL-E003-1409,E003,AST-E003-029,2026-08-15T08:54:00,,71,,
TEL-E003-1410,E003,AST-E003-030,2026-08-08T09:45:00,,18,,
TEL-E003-1411,E003,AST-E003-001,2026-08-08T20:30:00,,7,,
TEL-E003-1412,E003,AST-E003-002,2026-08-31T07:48:00,,65,,
TEL-E003-1413,E003,AST-E003-003,2026-08-17T09:16:00,,86,,
TEL-E003-1414,E003,AST-E003-004,2026-08-02T01:24:00,,58,,
TEL-E003-1415,E003,AST-E003-005,2026-08-05T01:16:00,,42,,
TEL-E003-1416,E003,AST-E003-006,2026-08-09T10:02:00,,24,,
TEL-E003-1417,E003,AST-E003-007,2026-08-24T17:52:00,,1,,
TEL-E003-1418,E003,AST-E003-008,2026-08-05T01:35:00,,46,,
TEL-E003-1419,E003,AST-E003-009,2026-08-11T15:54:00,,14,,
TEL-E003-1420,E003,AST-E003-010,2026-08-01T11:48:00,,50,,
TEL-E003-1421,E003,AST-E003-011,2026-08-02T20:34:00,,79,,
TEL-E003-1422,E003,AST-E003-012,2026-08-06T18:33:00,,38,,
TEL-E003-1423,E003,AST-E003-013,2026-08-16T13:44:00,,64,,
TEL-E003-1424,E003,AST-E003-014,2026-08-19T16:47:00,,2,,
TEL-E003-1425,E003,AST-E003-015,2026-08-22T06:14:00,,18,,
TEL-E003-1426,E003,AST-E003-016,2026-08-10T20:28:00,,17,,
TEL-E003-1427,E003,AST-E003-017,2026-08-17T15:08:00,,2,,
TEL-E003-1428,E003,AST-E003-018,2026-08-19T18:35:00,,99,,
TEL-E003-1429,E003,AST-E003-019,2026-08-26T21:50:00,,75,,
TEL-E003-1430,E003,AST-E003-020,2026-08-30T07:43:00,,70,,
TEL-E003-1431,E003,AST-E003-021,2026-08-23T02:07:00,,52,,
TEL-E003-1432,E003,AST-E003-022,2026-08-16T10:35:00,,32,,
TEL-E003-1433,E003,AST-E003-023,2026-08-20T17:32:00,,49,,
TEL-E003-1434,E003,AST-E003-024,2026-08-22T10:09:00,,76,,
TEL-E003-1435,E003,AST-E003-025,2026-08-09T12:40:00,,100,,
TEL-E003-1436,E003,AST-E003-026,2026-08-29T04:10:00,,97,,
TEL-E003-1437,E003,AST-E003-027,2026-08-29T03:54:00,,83,,
TEL-E003-1438,E003,AST-E003-028,2026-08-24T23:08:00,,3,,
TEL-E003-1439,E003,AST-E003-029,2026-08-16T10:02:00,,34,,
TEL-E003-1440,E003,AST-E003-030,2026-08-03T22:14:00,,62,,
TEL-E003-1441,E003,AST-E003-001,2026-08-13T09:18:00,,51,,
TEL-E003-1442,E003,AST-E003-002,2026-08-05T07:51:00,,27,,
TEL-E003-1443,E003,AST-E003-003,2026-08-20T19:41:00,,40,,
TEL-E003-1444,E003,AST-E003-004,2026-08-02T21:15:00,,39,,
TEL-E003-1445,E003,AST-E003-005,2026-08-19T00:54:00,,7,,
TEL-E003-1446,E003,AST-E003-006,2026-08-15T20:44:00,,2,,
TEL-E003-1447,E003,AST-E003-007,2026-08-07T03:11:00,,43,,
TEL-E003-1448,E003,AST-E003-008,2026-08-24T14:44:00,,17,,
TEL-E003-1449,E003,AST-E003-009,2026-08-06T01:56:00,,78,,
TEL-E003-1450,E003,AST-E003-010,2026-08-17T18:06:00,,34,,
TEL-E003-1451,E003,AST-E003-011,2026-08-02T04:26:00,,72,,
TEL-E003-1452,E003,AST-E003-012,2026-08-06T17:47:00,,55,,
TEL-E003-1453,E003,AST-E003-013,2026-08-05T16:18:00,,58,,
TEL-E003-1454,E003,AST-E003-014,2026-08-05T09:06:00,,26,,
TEL-E003-1455,E003,AST-E003-015,2026-08-18T01:30:00,,77,,
TEL-E003-1456,E003,AST-E003-016,2026-08-13T17:21:00,,83,,
TEL-E003-1457,E003,AST-E003-017,2026-08-20T23:56:00,,62,,
TEL-E003-1458,E003,AST-E003-018,2026-08-02T07:21:00,,10,,
TEL-E003-1459,E003,AST-E003-019,2026-08-14T11:15:00,,99,,
TEL-E003-1460,E003,AST-E003-020,2026-08-03T00:36:00,,70,,
TEL-E003-1461,E003,AST-E003-021,2026-08-11T09:10:00,,89,,
TEL-E003-1462,E003,AST-E003-022,2026-08-28T19:02:00,,62,,
TEL-E003-1463,E003,AST-E003-023,2026-08-04T05:22:00,,62,,
TEL-E003-1464,E003,AST-E003-024,2026-08-13T12:03:00,,3,,
TEL-E003-1465,E003,AST-E003-025,2026-08-02T05:28:00,,5,,
TEL-E003-1466,E003,AST-E003-026,2026-08-15T12:07:00,,32,,
TEL-E003-1467,E003,AST-E003-027,2026-08-15T19:19:00,,36,,
TEL-E003-1468,E003,AST-E003-028,2026-08-01T23:07:00,,42,,
TEL-E003-1469,E003,AST-E003-029,2026-08-20T11:20:00,,88,,
TEL-E003-1470,E003,AST-E003-030,2026-08-08T04:18:00,,28,,
TEL-E003-1471,E003,AST-E003-001,2026-08-26T18:22:00,,93,,
TEL-E003-1472,E003,AST-E003-002,2026-08-09T14:26:00,,6,,
TEL-E003-1473,E003,AST-E003-003,2026-08-23T22:19:00,,49,,
TEL-E003-1474,E003,AST-E003-004,2026-08-10T22:50:00,,69,,
TEL-E003-1475,E003,AST-E003-005,2026-08-26T04:50:00,,38,,
TEL-E003-1476,E003,AST-E003-006,2026-08-20T01:12:00,,83,,
TEL-E003-1477,E003,AST-E003-007,2026-08-30T17:16:00,,43,,
TEL-E003-1478,E003,AST-E003-008,2026-08-06T21:40:00,,76,,
TEL-E003-1479,E003,AST-E003-009,2026-08-25T17:28:00,,80,,
TEL-E003-1480,E003,AST-E003-010,2026-08-03T05:59:00,,94,,
TEL-E003-1481,E003,AST-E003-011,2026-08-22T06:25:00,,74,,
TEL-E003-1482,E003,AST-E003-012,2026-08-11T19:33:00,,59,,
TEL-E003-1483,E003,AST-E003-013,2026-08-29T16:22:00,,10,,
TEL-E003-1484,E003,AST-E003-014,2026-08-29T07:57:00,,59,,
TEL-E003-1485,E003,AST-E003-015,2026-08-25T00:51:00,,31,,
TEL-E003-1486,E003,AST-E003-016,2026-08-27T05:29:00,,79,,
TEL-E003-1487,E003,AST-E003-017,2026-08-08T00:34:00,,81,,
TEL-E003-1488,E003,AST-E003-018,2026-08-12T06:33:00,,57,,
TEL-E003-1489,E003,AST-E003-019,2026-08-11T16:37:00,,51,,
TEL-E003-1490,E003,AST-E003-020,2026-08-23T18:17:00,,40,,
TEL-E003-1491,E003,AST-E003-021,2026-08-20T15:52:00,,58,,
TEL-E003-1492,E003,AST-E003-022,2026-08-20T22:06:00,,65,,
TEL-E003-1493,E003,AST-E003-023,2026-08-06T10:28:00,,82,,
TEL-E003-1494,E003,AST-E003-024,2026-08-11T17:55:00,,69,,
TEL-E003-1495,E003,AST-E003-025,2026-08-09T19:56:00,,80,,
TEL-E003-1496,E003,AST-E003-026,2026-08-09T23:28:00,,54,,
TEL-E003-1497,E003,AST-E003-027,2026-08-30T10:59:00,,96,,
TEL-E003-1498,E003,AST-E003-028,2026-08-15T07:43:00,,41,,
TEL-E003-1499,E003,AST-E003-029,2026-08-15T14:36:00,,64,,
TEL-E003-1500,E003,AST-E003-030,2026-08-03T07:59:00,,29,,
TEL-E003-1501,E003,AST-E003-001,2026-08-02T00:36:00,,37,,
TEL-E003-1502,E003,AST-E003-002,2026-08-24T08:59:00,,51,,
TEL-E003-1503,E003,AST-E003-003,2026-08-06T12:06:00,,93,,
TEL-E003-1504,E003,AST-E003-004,2026-08-08T07:21:00,,58,,
TEL-E003-1505,E003,AST-E003-005,2026-08-25T05:30:00,,83,,
TEL-E003-1506,E003,AST-E003-006,2026-08-24T10:52:00,,4,,
TEL-E003-1507,E003,AST-E003-007,2026-08-25T12:39:00,,46,,
TEL-E003-1508,E003,AST-E003-008,2026-08-12T07:09:00,,29,,
TEL-E003-1509,E003,AST-E003-009,2026-08-02T14:24:00,,85,,
TEL-E003-1510,E003,AST-E003-010,2026-08-17T23:59:00,,75,,
TEL-E003-1511,E003,AST-E003-011,2026-08-14T13:48:00,,96,,
TEL-E003-1512,E003,AST-E003-012,2026-08-06T00:21:00,,55,,
TEL-E003-1513,E003,AST-E003-013,2026-08-12T03:52:00,,69,,
TEL-E003-1514,E003,AST-E003-014,2026-08-12T13:24:00,,92,,
TEL-E003-1515,E003,AST-E003-015,2026-08-23T14:54:00,,50,,
TEL-E003-1516,E003,AST-E003-016,2026-08-16T01:23:00,,97,,
TEL-E003-1517,E003,AST-E003-017,2026-08-26T23:26:00,,98,,
TEL-E003-1518,E003,AST-E003-018,2026-08-20T09:24:00,,87,,
TEL-E003-1519,E003,AST-E003-019,2026-08-10T07:23:00,,14,,
TEL-E003-1520,E003,AST-E003-020,2026-08-26T13:28:00,,57,,
TEL-E003-1521,E003,AST-E003-021,2026-08-12T01:04:00,,64,,
TEL-E003-1522,E003,AST-E003-022,2026-08-13T17:24:00,,93,,
TEL-E003-1523,E003,AST-E003-023,2026-08-14T04:07:00,,78,,
TEL-E003-1524,E003,AST-E003-024,2026-08-21T03:11:00,,41,,
TEL-E003-1525,E003,AST-E003-025,2026-08-15T09:47:00,,37,,
TEL-E003-1526,E003,AST-E003-026,2026-08-09T11:59:00,,61,,
TEL-E003-1527,E003,AST-E003-027,2026-08-14T14:46:00,,71,,
TEL-E003-1528,E003,AST-E003-028,2026-08-13T21:21:00,,32,,
TEL-E003-1529,E003,AST-E003-029,2026-08-17T02:40:00,,43,,
TEL-E003-1530,E003,AST-E003-030,2026-08-07T01:58:00,,37,,
TEL-E003-1531,E003,AST-E003-001,2026-08-07T01:02:00,,51,,
TEL-E003-1532,E003,AST-E003-002,2026-08-26T20:24:00,,52,,
TEL-E003-1533,E003,AST-E003-003,2026-08-09T10:17:00,,27,,
TEL-E003-1534,E003,AST-E003-004,2026-08-17T04:39:00,,83,,
TEL-E003-1535,E003,AST-E003-005,2026-08-01T18:16:00,,9,,
TEL-E003-1536,E003,AST-E003-006,2026-08-28T22:46:00,,36,,
TEL-E003-1537,E003,AST-E003-007,2026-08-29T16:52:00,,18,,
TEL-E003-1538,E003,AST-E003-008,2026-08-17T23:44:00,,51,,
TEL-E003-1539,E003,AST-E003-009,2026-08-21T10:45:00,,57,,
TEL-E003-1540,E003,AST-E003-010,2026-08-05T05:28:00,,44,,
TEL-E003-1541,E003,AST-E003-011,2026-08-27T01:51:00,,53,,
TEL-E003-1542,E003,AST-E003-012,2026-08-02T16:41:00,,8,,
TEL-E003-1543,E003,AST-E003-013,2026-08-16T08:31:00,,10,,
TEL-E003-1544,E003,AST-E003-014,2026-08-28T04:14:00,,71,,
TEL-E003-1545,E003,AST-E003-015,2026-08-23T16:48:00,,26,,
TEL-E003-1546,E003,AST-E003-016,2026-08-26T14:34:00,,21,,
TEL-E003-1547,E003,AST-E003-017,2026-08-03T03:54:00,,84,,
TEL-E003-1548,E003,AST-E003-018,2026-08-13T05:02:00,,58,,
TEL-E003-1549,E003,AST-E003-019,2026-08-19T13:31:00,,62,,
TEL-E003-1550,E003,AST-E003-020,2026-08-25T20:01:00,,7,,
TEL-E003-1551,E003,AST-E003-021,2026-08-20T02:49:00,,45,,
TEL-E003-1552,E003,AST-E003-022,2026-08-20T11:05:00,,73,,
TEL-E003-1553,E003,AST-E003-023,2026-08-12T21:07:00,,96,,
TEL-E003-1554,E003,AST-E003-024,2026-08-04T17:54:00,,57,,
TEL-E003-1555,E003,AST-E003-025,2026-08-11T23:09:00,,2,,
TEL-E003-1556,E003,AST-E003-026,2026-08-08T03:32:00,,83,,
TEL-E003-1557,E003,AST-E003-027,2026-08-19T13:08:00,,27,,
TEL-E003-1558,E003,AST-E003-028,2026-08-15T07:58:00,,91,,
TEL-E003-1559,E003,AST-E003-029,2026-08-05T06:07:00,,34,,
TEL-E003-1560,E003,AST-E003-030,2026-08-19T15:37:00,,72,,
TEL-E003-1561,E003,AST-E003-001,2026-08-25T07:50:00,,45,,
TEL-E003-1562,E003,AST-E003-002,2026-08-14T15:15:00,,38,,
TEL-E003-1563,E003,AST-E003-003,2026-08-30T12:19:00,,61,,
TEL-E003-1564,E003,AST-E003-004,2026-08-12T11:23:00,,68,,
TEL-E003-1565,E003,AST-E003-005,2026-08-02T19:22:00,,86,,
TEL-E003-1566,E003,AST-E003-006,2026-08-31T02:44:00,,24,,
TEL-E003-1567,E003,AST-E003-007,2026-08-06T10:51:00,,76,,
TEL-E003-1568,E003,AST-E003-008,2026-08-22T09:49:00,,7,,
TEL-E003-1569,E003,AST-E003-009,2026-08-16T06:14:00,,2,,
TEL-E003-1570,E003,AST-E003-010,2026-08-14T22:26:00,,98,,
TEL-E003-1571,E003,AST-E003-011,2026-08-17T06:01:00,,66,,
TEL-E003-1572,E003,AST-E003-012,2026-08-20T19:22:00,,42,,
TEL-E003-1573,E003,AST-E003-013,2026-08-25T04:27:00,,9,,
TEL-E003-1574,E003,AST-E003-014,2026-08-20T03:11:00,,7,,
TEL-E003-1575,E003,AST-E003-015,2026-08-14T06:07:00,,51,,
TEL-E003-1576,E003,AST-E003-016,2026-08-08T14:40:00,,32,,
TEL-E003-1577,E003,AST-E003-017,2026-08-13T23:00:00,,23,,
TEL-E003-1578,E003,AST-E003-018,2026-08-20T12:47:00,,26,,
TEL-E003-1579,E003,AST-E003-019,2026-08-03T05:21:00,,81,,
TEL-E003-1580,E003,AST-E003-020,2026-08-16T15:44:00,,39,,
TEL-E003-1581,E003,AST-E003-021,2026-08-23T22:56:00,,82,,
TEL-E003-1582,E003,AST-E003-022,2026-08-09T18:44:00,,66,,
TEL-E003-1583,E003,AST-E003-023,2026-08-04T10:36:00,,68,,
TEL-E003-1584,E003,AST-E003-024,2026-08-18T05:55:00,,99,,
TEL-E003-1585,E003,AST-E003-025,2026-08-04T09:17:00,,69,,
TEL-E003-1586,E003,AST-E003-026,2026-08-21T17:10:00,,71,,
TEL-E003-1587,E003,AST-E003-027,2026-08-11T03:41:00,,16,,
TEL-E003-1588,E003,AST-E003-028,2026-08-06T17:34:00,,78,,
TEL-E003-1589,E003,AST-E003-029,2026-08-16T09:55:00,,57,,
TEL-E003-1590,E003,AST-E003-030,2026-08-17T11:02:00,,37,,
TEL-E003-1591,E003,AST-E003-001,2026-08-02T13:08:00,,88,,
TEL-E003-1592,E003,AST-E003-002,2026-08-25T20:17:00,,14,,
TEL-E003-1593,E003,AST-E003-003,2026-08-17T02:38:00,,48,,
TEL-E003-1594,E003,AST-E003-004,2026-08-01T19:20:00,,59,,
TEL-E003-1595,E003,AST-E003-005,2026-08-16T16:42:00,,37,,
TEL-E003-1596,E003,AST-E003-006,2026-08-29T20:17:00,,24,,
TEL-E003-1597,E003,AST-E003-007,2026-08-28T03:00:00,,54,,
TEL-E003-1598,E003,AST-E003-008,2026-08-17T08:48:00,,54,,
TEL-E003-1599,E003,AST-E003-009,2026-08-06T07:26:00,,97,,
TEL-E003-1600,E003,AST-E003-010,2026-08-12T05:32:00,,63,,
TEL-E003-1601,E003,AST-E003-011,2026-08-06T22:52:00,,7,,
TEL-E003-1602,E003,AST-E003-012,2026-08-07T01:30:00,,21,,
TEL-E003-1603,E003,AST-E003-013,2026-08-09T17:31:00,,87,,
TEL-E003-1604,E003,AST-E003-014,2026-08-24T03:36:00,,10,,
TEL-E003-1605,E003,AST-E003-015,2026-08-10T02:49:00,,28,,
TEL-E003-1606,E003,AST-E003-016,2026-08-20T12:01:00,,38,,
TEL-E003-1607,E003,AST-E003-017,2026-08-22T14:36:00,,91,,
TEL-E003-1608,E003,AST-E003-018,2026-08-19T19:49:00,,42,,
TEL-E003-1609,E003,AST-E003-019,2026-08-25T00:25:00,,98,,
TEL-E003-1610,E003,AST-E003-020,2026-08-17T20:35:00,,15,,
TEL-E003-1611,E003,AST-E003-021,2026-08-24T21:06:00,,52,,
TEL-E003-1612,E003,AST-E003-022,2026-08-19T15:40:00,,62,,
TEL-E003-1613,E003,AST-E003-023,2026-08-13T19:38:00,,84,,
TEL-E003-1614,E003,AST-E003-024,2026-08-27T20:11:00,,30,,
TEL-E003-1615,E003,AST-E003-025,2026-08-27T22:49:00,,29,,
TEL-E003-1616,E003,AST-E003-026,2026-08-15T08:18:00,,61,,
TEL-E003-1617,E003,AST-E003-027,2026-08-12T12:21:00,,83,,
TEL-E003-1618,E003,AST-E003-028,2026-08-30T07:21:00,,50,,
TEL-E003-1619,E003,AST-E003-029,2026-08-12T16:42:00,,15,,
TEL-E003-1620,E003,AST-E003-030,2026-08-13T14:56:00,,3,,
TEL-E003-1621,E003,AST-E003-001,2026-08-18T22:09:00,,68,,
TEL-E003-1622,E003,AST-E003-002,2026-08-21T22:05:00,,93,,
TEL-E003-1623,E003,AST-E003-003,2026-08-29T20:51:00,,68,,
TEL-E003-1624,E003,AST-E003-004,2026-08-05T11:38:00,,21,,
TEL-E003-1625,E003,AST-E003-005,2026-08-24T13:15:00,,88,,
TEL-E003-1626,E003,AST-E003-006,2026-08-25T20:31:00,,14,,
TEL-E003-1627,E003,AST-E003-007,2026-08-27T02:18:00,,82,,
TEL-E003-1628,E003,AST-E003-008,2026-08-02T01:16:00,,65,,
TEL-E003-1629,E003,AST-E003-009,2026-08-27T09:21:00,,67,,
TEL-E003-1630,E003,AST-E003-010,2026-08-03T14:51:00,,13,,
TEL-E003-1631,E003,AST-E003-011,2026-08-14T19:14:00,,34,,
TEL-E003-1632,E003,AST-E003-012,2026-08-19T06:09:00,,3,,
TEL-E003-1633,E003,AST-E003-013,2026-08-06T01:19:00,,34,,
TEL-E003-1634,E003,AST-E003-014,2026-08-30T13:44:00,,40,,
TEL-E003-1635,E003,AST-E003-015,2026-08-05T06:19:00,,83,,
TEL-E003-1636,E003,AST-E003-016,2026-08-14T09:19:00,,7,,
TEL-E003-1637,E003,AST-E003-017,2026-08-16T02:06:00,,72,,
TEL-E003-1638,E003,AST-E003-018,2026-08-28T03:42:00,,58,,
TEL-E003-1639,E003,AST-E003-019,2026-08-09T10:26:00,,92,,
TEL-E003-1640,E003,AST-E003-020,2026-08-09T23:27:00,,14,,
TEL-E003-1641,E003,AST-E003-021,2026-08-11T17:54:00,,76,,
TEL-E003-1642,E003,AST-E003-022,2026-08-18T15:37:00,,88,,
TEL-E003-1643,E003,AST-E003-023,2026-08-15T03:51:00,,41,,
TEL-E003-1644,E003,AST-E003-024,2026-08-10T19:19:00,,28,,
TEL-E003-1645,E003,AST-E003-025,2026-08-22T15:13:00,,96,,
TEL-E003-1646,E003,AST-E003-026,2026-08-04T10:26:00,,93,,
TEL-E003-1647,E003,AST-E003-027,2026-08-29T22:18:00,,46,,
TEL-E003-1648,E003,AST-E003-028,2026-08-14T23:45:00,,43,,
TEL-E003-1649,E003,AST-E003-029,2026-08-07T04:22:00,,38,,
TEL-E003-1650,E003,AST-E003-030,2026-08-03T04:15:00,,80,,
TEL-E003-1651,E003,AST-E003-001,2026-08-18T04:29:00,,100,,
TEL-E003-1652,E003,AST-E003-002,2026-08-04T02:07:00,,30,,
TEL-E003-1653,E003,AST-E003-003,2026-08-23T22:08:00,,86,,
TEL-E003-1654,E003,AST-E003-004,2026-08-19T03:05:00,,36,,
TEL-E003-1655,E003,AST-E003-005,2026-08-25T19:23:00,,37,,
TEL-E003-1656,E003,AST-E003-006,2026-08-22T02:31:00,,45,,
TEL-E003-1657,E003,AST-E003-007,2026-08-04T01:42:00,,65,,
TEL-E003-1658,E003,AST-E003-008,2026-08-20T18:42:00,,96,,
TEL-E003-1659,E003,AST-E003-009,2026-08-20T08:55:00,,40,,
TEL-E003-1660,E003,AST-E003-010,2026-08-31T01:47:00,,57,,
TEL-E003-1661,E003,AST-E003-011,2026-08-07T09:46:00,,23,,
TEL-E003-1662,E003,AST-E003-012,2026-08-24T10:07:00,,97,,
TEL-E003-1663,E003,AST-E003-013,2026-08-04T05:48:00,,29,,
TEL-E003-1664,E003,AST-E003-014,2026-08-23T11:53:00,,79,,
TEL-E003-1665,E003,AST-E003-015,2026-08-02T18:05:00,,36,,
TEL-E003-1666,E003,AST-E003-016,2026-08-21T19:37:00,,4,,
TEL-E003-1667,E003,AST-E003-017,2026-08-17T10:36:00,,45,,
TEL-E003-1668,E003,AST-E003-018,2026-08-19T17:14:00,,75,,
TEL-E003-1669,E003,AST-E003-019,2026-08-12T20:46:00,,66,,
TEL-E003-1670,E003,AST-E003-020,2026-08-21T19:49:00,,28,,
TEL-E003-1671,E003,AST-E003-021,2026-08-03T00:49:00,,91,,
TEL-E003-1672,E003,AST-E003-022,2026-08-28T08:00:00,,5,,
TEL-E003-1673,E003,AST-E003-023,2026-08-24T21:30:00,,53,,
TEL-E003-1674,E003,AST-E003-024,2026-08-06T20:00:00,,90,,
TEL-E003-1675,E003,AST-E003-025,2026-08-28T23:16:00,,66,,
TEL-E003-1676,E003,AST-E003-026,2026-08-13T23:02:00,,67,,
TEL-E003-1677,E003,AST-E003-027,2026-08-09T13:38:00,,44,,
TEL-E003-1678,E003,AST-E003-028,2026-08-27T15:06:00,,84,,
TEL-E003-1679,E003,AST-E003-029,2026-08-30T19:53:00,,78,,
TEL-E003-1680,E003,AST-E003-030,2026-08-25T22:25:00,,4,,
TEL-E003-1681,E003,AST-E003-001,2026-08-27T20:52:00,,78,,
TEL-E003-1682,E003,AST-E003-002,2026-08-19T02:58:00,,100,,
TEL-E003-1683,E003,AST-E003-003,2026-08-10T03:43:00,,56,,
TEL-E003-1684,E003,AST-E003-004,2026-08-16T20:50:00,,52,,
TEL-E003-1685,E003,AST-E003-005,2026-08-18T20:08:00,,95,,
TEL-E003-1686,E003,AST-E003-006,2026-08-02T16:35:00,,31,,
TEL-E003-1687,E003,AST-E003-007,2026-08-14T05:57:00,,42,,
TEL-E003-1688,E003,AST-E003-008,2026-08-18T22:19:00,,76,,
TEL-E003-1689,E003,AST-E003-009,2026-08-27T00:45:00,,76,,
TEL-E003-1690,E003,AST-E003-010,2026-08-07T21:57:00,,72,,
TEL-E003-1691,E003,AST-E003-011,2026-08-06T05:15:00,,64,,
TEL-E003-1692,E003,AST-E003-012,2026-08-10T04:23:00,,78,,
TEL-E003-1693,E003,AST-E003-013,2026-08-11T11:03:00,,43,,
TEL-E003-1694,E003,AST-E003-014,2026-08-19T06:56:00,,21,,
TEL-E003-1695,E003,AST-E003-015,2026-08-30T11:46:00,,86,,
TEL-E003-1696,E003,AST-E003-016,2026-08-30T05:26:00,,91,,
TEL-E003-1697,E003,AST-E003-017,2026-08-25T14:20:00,,46,,
TEL-E003-1698,E003,AST-E003-018,2026-08-23T00:53:00,,1,,
TEL-E003-1699,E003,AST-E003-019,2026-08-25T20:19:00,,67,,
TEL-E003-1700,E003,AST-E003-020,2026-08-13T09:57:00,,31,,
TEL-E003-1701,E003,AST-E003-021,2026-08-11T14:44:00,,66,,
TEL-E003-1702,E003,AST-E003-022,2026-08-01T23:41:00,,24,,
TEL-E003-1703,E003,AST-E003-023,2026-08-18T04:32:00,,67,,
TEL-E003-1704,E003,AST-E003-024,2026-08-07T16:59:00,,83,,
TEL-E003-1705,E003,AST-E003-025,2026-08-27T11:44:00,,30,,
TEL-E003-1706,E003,AST-E003-026,2026-08-18T13:23:00,,19,,
TEL-E003-1707,E003,AST-E003-027,2026-08-16T05:15:00,,64,,
TEL-E003-1708,E003,AST-E003-028,2026-08-20T19:15:00,,37,,
TEL-E003-1709,E003,AST-E003-029,2026-08-11T09:50:00,,37,,
TEL-E003-1710,E003,AST-E003-030,2026-08-27T21:39:00,,26,,
TEL-E003-1711,E003,AST-E003-001,2026-08-17T20:22:00,,81,,
TEL-E003-1712,E003,AST-E003-002,2026-08-20T15:10:00,,62,,
TEL-E003-1713,E003,AST-E003-003,2026-08-04T23:47:00,,95,,
TEL-E003-1714,E003,AST-E003-004,2026-08-15T01:43:00,,65,,
TEL-E003-1715,E003,AST-E003-005,2026-08-06T14:42:00,,66,,
TEL-E003-1716,E003,AST-E003-006,2026-08-08T17:46:00,,34,,
TEL-E003-1717,E003,AST-E003-007,2026-08-06T15:49:00,,87,,
TEL-E003-1718,E003,AST-E003-008,2026-08-18T12:02:00,,34,,
TEL-E003-1719,E003,AST-E003-009,2026-08-20T20:03:00,,11,,
TEL-E003-1720,E003,AST-E003-010,2026-08-24T18:08:00,,67,,
TEL-E003-1721,E003,AST-E003-011,2026-08-27T07:38:00,,18,,
TEL-E003-1722,E003,AST-E003-012,2026-08-26T06:27:00,,72,,
TEL-E003-1723,E003,AST-E003-013,2026-08-17T22:51:00,,54,,
TEL-E003-1724,E003,AST-E003-014,2026-08-22T20:14:00,,14,,
TEL-E003-1725,E003,AST-E003-015,2026-08-10T13:47:00,,62,,
TEL-E003-1726,E003,AST-E003-016,2026-08-01T11:30:00,,60,,
TEL-E003-1727,E003,AST-E003-017,2026-08-14T15:50:00,,32,,
TEL-E003-1728,E003,AST-E003-018,2026-08-14T20:06:00,,37,,
TEL-E003-1729,E003,AST-E003-019,2026-08-09T02:50:00,,100,,
TEL-E003-1730,E003,AST-E003-020,2026-08-08T15:45:00,,82,,
TEL-E003-1731,E003,AST-E003-021,2026-08-15T12:51:00,,5,,
TEL-E003-1732,E003,AST-E003-022,2026-08-11T20:15:00,,62,,
TEL-E003-1733,E003,AST-E003-023,2026-08-19T17:13:00,,44,,
TEL-E003-1734,E003,AST-E003-024,2026-08-29T15:02:00,,17,,
TEL-E003-1735,E003,AST-E003-025,2026-08-29T10:59:00,,98,,
TEL-E003-1736,E003,AST-E003-026,2026-08-16T20:05:00,,23,,
TEL-E003-1737,E003,AST-E003-027,2026-08-06T01:38:00,,17,,
TEL-E003-1738,E003,AST-E003-028,2026-08-20T04:34:00,,22,,
TEL-E003-1739,E003,AST-E003-029,2026-08-02T13:23:00,,93,,
TEL-E003-1740,E003,AST-E003-030,2026-08-12T10:08:00,,26,,
TEL-E003-1741,E003,AST-E003-001,2026-08-07T19:44:00,,1,,
TEL-E003-1742,E003,AST-E003-002,2026-08-19T11:06:00,,73,,
TEL-E003-1743,E003,AST-E003-003,2026-08-03T09:58:00,,72,,
TEL-E003-1744,E003,AST-E003-004,2026-08-10T18:37:00,,40,,
TEL-E003-1745,E003,AST-E003-005,2026-08-16T10:29:00,,95,,
TEL-E003-1746,E003,AST-E003-006,2026-08-17T19:41:00,,85,,
TEL-E003-1747,E003,AST-E003-007,2026-08-21T16:29:00,,84,,
TEL-E003-1748,E003,AST-E003-008,2026-08-31T03:18:00,,93,,
TEL-E003-1749,E003,AST-E003-009,2026-08-09T00:58:00,,79,,
TEL-E003-1750,E003,AST-E003-010,2026-08-15T08:41:00,,80,,
TEL-E003-1751,E003,AST-E003-011,2026-08-18T08:10:00,,28,,
TEL-E003-1752,E003,AST-E003-012,2026-08-18T10:38:00,,92,,
TEL-E003-1753,E003,AST-E003-013,2026-08-20T08:32:00,,3,,
TEL-E003-1754,E003,AST-E003-014,2026-08-29T20:16:00,,3,,
TEL-E003-1755,E003,AST-E003-015,2026-08-17T14:43:00,,99,,
TEL-E003-1756,E003,AST-E003-016,2026-08-09T06:17:00,,57,,
TEL-E003-1757,E003,AST-E003-017,2026-08-19T08:18:00,,81,,
TEL-E003-1758,E003,AST-E003-018,2026-08-15T14:42:00,,3,,
TEL-E003-1759,E003,AST-E003-019,2026-08-10T10:47:00,,74,,
TEL-E003-1760,E003,AST-E003-020,2026-08-18T04:28:00,,95,,
TEL-E003-1761,E003,AST-E003-021,2026-08-12T13:59:00,,37,,
TEL-E003-1762,E003,AST-E003-022,2026-08-26T10:18:00,,6,,
TEL-E003-1763,E003,AST-E003-023,2026-08-06T23:56:00,,71,,
TEL-E003-1764,E003,AST-E003-024,2026-08-17T02:10:00,,13,,
TEL-E003-1765,E003,AST-E003-025,2026-08-04T12:03:00,,91,,
TEL-E003-1766,E003,AST-E003-026,2026-08-05T21:55:00,,28,,
TEL-E003-1767,E003,AST-E003-027,2026-08-17T18:21:00,,30,,
TEL-E003-1768,E003,AST-E003-028,2026-08-06T03:51:00,,44,,
TEL-E003-1769,E003,AST-E003-029,2026-08-10T23:29:00,,84,,
TEL-E003-1770,E003,AST-E003-030,2026-08-02T12:56:00,,57,,
TEL-E003-1771,E003,AST-E003-001,2026-08-17T20:09:00,,54,,
TEL-E003-1772,E003,AST-E003-002,2026-08-30T08:28:00,,82,,
TEL-E003-1773,E003,AST-E003-003,2026-08-04T20:09:00,,77,,
TEL-E003-1774,E003,AST-E003-004,2026-08-21T18:55:00,,11,,
TEL-E003-1775,E003,AST-E003-005,2026-08-24T21:22:00,,20,,
TEL-E003-1776,E003,AST-E003-006,2026-08-13T21:11:00,,60,,
TEL-E003-1777,E003,AST-E003-007,2026-08-11T04:06:00,,95,,
TEL-E003-1778,E003,AST-E003-008,2026-08-05T04:50:00,,26,,
TEL-E003-1779,E003,AST-E003-009,2026-08-17T13:53:00,,2,,
TEL-E003-1780,E003,AST-E003-010,2026-08-14T05:57:00,,93,,
TEL-E003-1781,E003,AST-E003-011,2026-08-24T02:22:00,,73,,
TEL-E003-1782,E003,AST-E003-012,2026-08-19T20:32:00,,37,,
TEL-E003-1783,E003,AST-E003-013,2026-08-27T19:45:00,,91,,
TEL-E003-1784,E003,AST-E003-014,2026-08-22T13:02:00,,17,,
TEL-E003-1785,E003,AST-E003-015,2026-08-10T10:28:00,,59,,
TEL-E003-1786,E003,AST-E003-016,2026-08-26T02:02:00,,94,,
TEL-E003-1787,E003,AST-E003-017,2026-08-29T02:50:00,,38,,
TEL-E003-1788,E003,AST-E003-018,2026-08-10T23:19:00,,92,,
TEL-E003-1789,E003,AST-E003-019,2026-08-25T16:07:00,,38,,
TEL-E003-1790,E003,AST-E003-020,2026-08-15T17:56:00,,70,,
TEL-E003-1791,E003,AST-E003-021,2026-08-30T20:25:00,,22,,
TEL-E003-1792,E003,AST-E003-022,2026-08-11T19:50:00,,50,,
TEL-E003-1793,E003,AST-E003-023,2026-08-16T07:59:00,,57,,
TEL-E003-1794,E003,AST-E003-024,2026-08-29T13:29:00,,50,,
TEL-E003-1795,E003,AST-E003-025,2026-08-16T18:14:00,,61,,
TEL-E003-1796,E003,AST-E003-026,2026-08-07T12:57:00,,23,,
TEL-E003-1797,E003,AST-E003-027,2026-08-08T02:35:00,,26,,
TEL-E003-1798,E003,AST-E003-028,2026-08-01T12:42:00,,74,,
TEL-E003-1799,E003,AST-E003-029,2026-08-20T10:31:00,,75,,
TEL-E003-1800,E003,AST-E003-030,2026-08-07T01:39:00,,62,,
TEL-E003-1801,E003,AST-E003-001,2026-08-18T03:49:00,,73,,
TEL-E003-1802,E003,AST-E003-002,2026-08-21T10:57:00,,41,,
TEL-E003-1803,E003,AST-E003-003,2026-08-28T23:21:00,,7,,
TEL-E003-1804,E003,AST-E003-004,2026-08-31T05:42:00,,55,,
TEL-E003-1805,E003,AST-E003-005,2026-08-26T14:18:00,,38,,
TEL-E003-1806,E003,AST-E003-006,2026-08-15T07:19:00,,75,,
TEL-E003-1807,E003,AST-E003-007,2026-08-13T02:56:00,,35,,
TEL-E003-1808,E003,AST-E003-008,2026-08-18T20:26:00,,16,,
TEL-E003-1809,E003,AST-E003-009,2026-08-29T09:35:00,,11,,
TEL-E003-1810,E003,AST-E003-010,2026-08-02T02:50:00,,3,,
TEL-E003-1811,E003,AST-E003-011,2026-08-14T12:35:00,,73,,
TEL-E003-1812,E003,AST-E003-012,2026-08-05T16:34:00,,16,,
TEL-E003-1813,E003,AST-E003-013,2026-08-09T10:15:00,,71,,
TEL-E003-1814,E003,AST-E003-014,2026-08-17T09:30:00,,38,,
TEL-E003-1815,E003,AST-E003-015,2026-08-23T19:08:00,,47,,
TEL-E003-1816,E003,AST-E003-016,2026-08-18T03:01:00,,35,,
TEL-E003-1817,E003,AST-E003-017,2026-08-09T04:27:00,,34,,
TEL-E003-1818,E003,AST-E003-018,2026-08-21T19:15:00,,4,,
TEL-E003-1819,E003,AST-E003-019,2026-08-05T10:54:00,,18,,
TEL-E003-1820,E003,AST-E003-020,2026-08-29T09:41:00,,53,,
TEL-E003-1821,E003,AST-E003-021,2026-08-21T03:39:00,,97,,
TEL-E003-1822,E003,AST-E003-022,2026-08-02T15:08:00,,26,,
TEL-E003-1823,E003,AST-E003-023,2026-08-29T10:42:00,,6,,
TEL-E003-1824,E003,AST-E003-024,2026-08-19T01:28:00,,29,,
TEL-E003-1825,E003,AST-E003-025,2026-08-12T03:43:00,,8,,
TEL-E003-1826,E003,AST-E003-026,2026-08-26T20:28:00,,91,,
TEL-E003-1827,E003,AST-E003-027,2026-08-12T07:32:00,,3,,
TEL-E003-1828,E003,AST-E003-028,2026-08-06T06:44:00,,60,,
TEL-E003-1829,E003,AST-E003-029,2026-08-15T07:16:00,,86,,
TEL-E003-1830,E003,AST-E003-030,2026-08-19T14:43:00,,52,,
TEL-E003-1831,E003,AST-E003-001,2026-08-15T23:11:00,,77,,
TEL-E003-1832,E003,AST-E003-002,2026-08-07T08:30:00,,60,,
TEL-E003-1833,E003,AST-E003-003,2026-08-04T15:55:00,,59,,
TEL-E003-1834,E003,AST-E003-004,2026-08-18T23:40:00,,21,,
TEL-E003-1835,E003,AST-E003-005,2026-08-23T03:05:00,,42,,
TEL-E003-1836,E003,AST-E003-006,2026-08-20T12:43:00,,1,,
TEL-E003-1837,E003,AST-E003-007,2026-08-15T05:52:00,,27,,
TEL-E003-1838,E003,AST-E003-008,2026-08-07T02:06:00,,46,,
TEL-E003-1839,E003,AST-E003-009,2026-08-24T00:44:00,,50,,
TEL-E003-1840,E003,AST-E003-010,2026-08-17T08:09:00,,8,,
TEL-E003-1841,E003,AST-E003-011,2026-08-19T18:45:00,,26,,
TEL-E003-1842,E003,AST-E003-012,2026-08-18T20:23:00,,32,,
TEL-E003-1843,E003,AST-E003-013,2026-08-13T21:49:00,,6,,
TEL-E003-1844,E003,AST-E003-014,2026-08-30T11:41:00,,26,,
TEL-E003-1845,E003,AST-E003-015,2026-08-26T05:15:00,,49,,
TEL-E003-1846,E003,AST-E003-016,2026-08-27T20:14:00,,28,,
TEL-E003-1847,E003,AST-E003-017,2026-08-28T22:54:00,,56,,
TEL-E003-1848,E003,AST-E003-018,2026-08-02T14:12:00,,34,,
TEL-E003-1849,E003,AST-E003-019,2026-08-15T02:18:00,,86,,
TEL-E003-1850,E003,AST-E003-020,2026-08-17T15:17:00,,61,,
TEL-E003-1851,E003,AST-E003-021,2026-08-06T15:34:00,,72,,
TEL-E003-1852,E003,AST-E003-022,2026-08-14T18:42:00,,14,,
TEL-E003-1853,E003,AST-E003-023,2026-08-03T08:43:00,,13,,
TEL-E003-1854,E003,AST-E003-024,2026-08-14T18:34:00,,93,,
TEL-E003-1855,E003,AST-E003-025,2026-08-09T03:11:00,,96,,
TEL-E003-1856,E003,AST-E003-026,2026-08-06T10:28:00,,55,,
TEL-E003-1857,E003,AST-E003-027,2026-08-05T20:11:00,,31,,
TEL-E003-1858,E003,AST-E003-028,2026-08-20T21:45:00,,37,,
TEL-E003-1859,E003,AST-E003-029,2026-08-19T05:08:00,,11,,
TEL-E003-1860,E003,AST-E003-030,2026-08-25T15:03:00,,38,,
TEL-E003-1861,E003,AST-E003-001,2026-08-09T14:17:00,,72,,
TEL-E003-1862,E003,AST-E003-002,2026-08-26T21:28:00,,100,,
TEL-E003-1863,E003,AST-E003-003,2026-08-18T12:48:00,,30,,
TEL-E003-1864,E003,AST-E003-004,2026-08-10T14:53:00,,91,,
TEL-E003-1865,E003,AST-E003-005,2026-08-03T15:55:00,,84,,
TEL-E003-1866,E003,AST-E003-006,2026-08-28T02:53:00,,85,,
TEL-E003-1867,E003,AST-E003-007,2026-08-30T00:41:00,,84,,
TEL-E003-1868,E003,AST-E003-008,2026-08-01T08:31:00,,37,,
TEL-E003-1869,E003,AST-E003-009,2026-08-28T18:29:00,,36,,
TEL-E003-1870,E003,AST-E003-010,2026-08-09T04:53:00,,38,,
TEL-E003-1871,E003,AST-E003-011,2026-08-26T07:31:00,,26,,
TEL-E003-1872,E003,AST-E003-012,2026-08-18T01:53:00,,51,,
TEL-E003-1873,E003,AST-E003-013,2026-08-19T10:31:00,,21,,
TEL-E003-1874,E003,AST-E003-014,2026-08-23T07:05:00,,53,,
TEL-E003-1875,E003,AST-E003-015,2026-08-16T01:27:00,,52,,
TEL-E003-1876,E003,AST-E003-016,2026-08-12T14:50:00,,84,,
TEL-E003-1877,E003,AST-E003-017,2026-08-29T07:19:00,,4,,
TEL-E003-1878,E003,AST-E003-018,2026-08-13T20:02:00,,57,,
TEL-E003-1879,E003,AST-E003-019,2026-08-05T03:52:00,,9,,
TEL-E003-1880,E003,AST-E003-020,2026-08-31T07:16:00,,60,,
TEL-E003-1881,E003,AST-E003-021,2026-08-22T05:13:00,,51,,
TEL-E003-1882,E003,AST-E003-022,2026-08-07T08:23:00,,85,,
TEL-E003-1883,E003,AST-E003-023,2026-08-08T22:37:00,,55,,
TEL-E003-1884,E003,AST-E003-024,2026-08-25T14:30:00,,25,,
TEL-E003-1885,E003,AST-E003-025,2026-08-04T17:06:00,,20,,
TEL-E003-1886,E003,AST-E003-026,2026-08-21T14:33:00,,96,,
TEL-E003-1887,E003,AST-E003-027,2026-08-10T00:45:00,,62,,
TEL-E003-1888,E003,AST-E003-028,2026-08-17T15:38:00,,96,,
TEL-E003-1889,E003,AST-E003-029,2026-08-27T03:42:00,,49,,
TEL-E003-1890,E003,AST-E003-030,2026-08-12T17:33:00,,9,,
TEL-E003-1891,E003,AST-E003-001,2026-08-13T00:44:00,,28,,
TEL-E003-1892,E003,AST-E003-002,2026-08-18T05:57:00,,28,,
TEL-E003-1893,E003,AST-E003-003,2026-08-10T23:02:00,,86,,
TEL-E003-1894,E003,AST-E003-004,2026-08-25T03:25:00,,73,,
TEL-E003-1895,E003,AST-E003-005,2026-08-26T13:21:00,,29,,
TEL-E003-1896,E003,AST-E003-006,2026-08-23T23:14:00,,31,,
TEL-E003-1897,E003,AST-E003-007,2026-08-02T06:34:00,,34,,
TEL-E003-1898,E003,AST-E003-008,2026-08-19T21:54:00,,97,,
TEL-E003-1899,E003,AST-E003-009,2026-08-23T18:18:00,,80,,
TEL-E003-1900,E003,AST-E003-010,2026-08-10T12:30:00,,45,,
TEL-E003-1901,E003,AST-E003-011,2026-08-29T19:28:00,,2,,
TEL-E003-1902,E003,AST-E003-012,2026-08-27T05:29:00,,36,,
TEL-E003-1903,E003,AST-E003-013,2026-08-30T06:43:00,,48,,
TEL-E003-1904,E003,AST-E003-014,2026-08-18T05:15:00,,86,,
TEL-E003-1905,E003,AST-E003-015,2026-08-04T18:19:00,,8,,
TEL-E003-1906,E003,AST-E003-016,2026-08-09T18:41:00,,22,,
TEL-E003-1907,E003,AST-E003-017,2026-08-03T19:08:00,,88,,
TEL-E003-1908,E003,AST-E003-018,2026-08-16T15:03:00,,35,,
TEL-E003-1909,E003,AST-E003-019,2026-08-28T19:03:00,,73,,
TEL-E003-1910,E003,AST-E003-020,2026-08-24T15:26:00,,18,,
TEL-E003-1911,E003,AST-E003-021,2026-08-02T10:22:00,,62,,
TEL-E003-1912,E003,AST-E003-022,2026-08-21T07:13:00,,81,,
TEL-E003-1913,E003,AST-E003-023,2026-08-31T05:24:00,,37,,
TEL-E003-1914,E003,AST-E003-024,2026-08-16T02:19:00,,87,,
TEL-E003-1915,E003,AST-E003-025,2026-08-15T10:46:00,,10,,
TEL-E003-1916,E003,AST-E003-026,2026-08-08T23:06:00,,90,,
TEL-E003-1917,E003,AST-E003-027,2026-08-22T08:41:00,,66,,
TEL-E003-1918,E003,AST-E003-028,2026-08-30T08:41:00,,38,,
TEL-E003-1919,E003,AST-E003-029,2026-08-12T04:28:00,,34,,
TEL-E003-1920,E003,AST-E003-030,2026-08-01T15:54:00,,61,,
TEL-E003-1921,E003,AST-E003-001,2026-08-17T19:01:00,,96,,
TEL-E003-1922,E003,AST-E003-002,2026-08-20T16:18:00,,22,,
TEL-E003-1923,E003,AST-E003-003,2026-08-18T19:49:00,,17,,
TEL-E003-1924,E003,AST-E003-004,2026-08-07T05:55:00,,78,,
TEL-E003-1925,E003,AST-E003-005,2026-08-09T13:13:00,,39,,
TEL-E003-1926,E003,AST-E003-006,2026-08-19T09:50:00,,87,,
TEL-E003-1927,E003,AST-E003-007,2026-08-09T21:55:00,,1,,
TEL-E003-1928,E003,AST-E003-008,2026-08-25T21:31:00,,15,,
TEL-E003-1929,E003,AST-E003-009,2026-08-21T21:22:00,,89,,
TEL-E003-1930,E003,AST-E003-010,2026-08-18T21:27:00,,83,,
TEL-E003-1931,E003,AST-E003-011,2026-08-11T17:54:00,,24,,
TEL-E003-1932,E003,AST-E003-012,2026-08-03T05:44:00,,18,,
TEL-E003-1933,E003,AST-E003-013,2026-08-15T14:23:00,,91,,
TEL-E003-1934,E003,AST-E003-014,2026-08-15T10:09:00,,52,,
TEL-E003-1935,E003,AST-E003-015,2026-08-18T07:34:00,,48,,
TEL-E003-1936,E003,AST-E003-016,2026-08-07T21:22:00,,78,,
TEL-E003-1937,E003,AST-E003-017,2026-08-30T11:39:00,,55,,
TEL-E003-1938,E003,AST-E003-018,2026-08-15T22:58:00,,48,,
TEL-E003-1939,E003,AST-E003-019,2026-08-13T01:49:00,,99,,
TEL-E003-1940,E003,AST-E003-020,2026-08-10T16:06:00,,95,,
TEL-E003-1941,E003,AST-E003-021,2026-08-01T10:57:00,,33,,
TEL-E003-1942,E003,AST-E003-022,2026-08-12T12:12:00,,61,,
TEL-E003-1943,E003,AST-E003-023,2026-08-25T20:55:00,,25,,
TEL-E003-1944,E003,AST-E003-024,2026-08-11T20:32:00,,17,,
TEL-E003-1945,E003,AST-E003-025,2026-08-25T18:51:00,,17,,
TEL-E003-1946,E003,AST-E003-026,2026-08-26T01:39:00,,39,,
TEL-E003-1947,E003,AST-E003-027,2026-08-29T23:03:00,,24,,
TEL-E003-1948,E003,AST-E003-028,2026-08-17T06:18:00,,92,,
TEL-E003-1949,E003,AST-E003-029,2026-08-22T06:46:00,,12,,
TEL-E003-1950,E003,AST-E003-030,2026-08-03T14:31:00,,8,,
TEL-E003-1951,E003,AST-E003-001,2026-08-17T10:52:00,,15,,
TEL-E003-1952,E003,AST-E003-002,2026-08-11T09:48:00,,18,,
TEL-E003-1953,E003,AST-E003-003,2026-08-02T18:15:00,,9,,
TEL-E003-1954,E003,AST-E003-004,2026-08-24T11:50:00,,51,,
TEL-E003-1955,E003,AST-E003-005,2026-08-24T03:14:00,,21,,
TEL-E003-1956,E003,AST-E003-006,2026-08-20T10:44:00,,45,,
TEL-E003-1957,E003,AST-E003-007,2026-08-27T07:26:00,,11,,
TEL-E003-1958,E003,AST-E003-008,2026-08-07T22:19:00,,12,,
TEL-E003-1959,E003,AST-E003-009,2026-08-23T08:29:00,,3,,
TEL-E003-1960,E003,AST-E003-010,2026-08-19T18:49:00,,13,,
TEL-E003-1961,E003,AST-E003-011,2026-08-30T06:50:00,,3,,
TEL-E003-1962,E003,AST-E003-012,2026-08-29T20:03:00,,43,,
TEL-E003-1963,E003,AST-E003-013,2026-08-27T07:01:00,,36,,
TEL-E003-1964,E003,AST-E003-014,2026-08-23T18:45:00,,23,,
TEL-E003-1965,E003,AST-E003-015,2026-08-19T20:43:00,,14,,
TEL-E003-1966,E003,AST-E003-016,2026-08-29T18:29:00,,79,,
TEL-E003-1967,E003,AST-E003-017,2026-08-02T01:26:00,,97,,
TEL-E003-1968,E003,AST-E003-018,2026-08-25T09:51:00,,99,,
TEL-E003-1969,E003,AST-E003-019,2026-08-21T22:08:00,,52,,
TEL-E003-1970,E003,AST-E003-020,2026-08-26T09:15:00,,44,,
TEL-E003-1971,E003,AST-E003-021,2026-08-21T00:29:00,,60,,
TEL-E003-1972,E003,AST-E003-022,2026-08-09T13:43:00,,59,,
TEL-E003-1973,E003,AST-E003-023,2026-08-18T15:42:00,,6,,
TEL-E003-1974,E003,AST-E003-024,2026-08-05T06:57:00,,15,,
TEL-E003-1975,E003,AST-E003-025,2026-08-12T18:18:00,,2,,
TEL-E003-1976,E003,AST-E003-026,2026-08-17T04:17:00,,63,,
TEL-E003-1977,E003,AST-E003-027,2026-08-11T13:08:00,,50,,
TEL-E003-1978,E003,AST-E003-028,2026-08-31T06:38:00,,78,,
TEL-E003-1979,E003,AST-E003-029,2026-08-21T05:59:00,,51,,
TEL-E003-1980,E003,AST-E003-030,2026-08-07T05:41:00,,96,,
TEL-E003-1981,E003,AST-E003-001,2026-08-08T18:25:00,,92,,
TEL-E003-1982,E003,AST-E003-002,2026-08-15T14:10:00,,79,,
TEL-E003-1983,E003,AST-E003-003,2026-08-10T01:41:00,,9,,
TEL-E003-1984,E003,AST-E003-004,2026-08-25T07:40:00,,98,,
TEL-E003-1985,E003,AST-E003-005,2026-08-01T18:37:00,,22,,
TEL-E003-1986,E003,AST-E003-006,2026-08-27T00:04:00,,47,,
TEL-E003-1987,E003,AST-E003-007,2026-08-13T06:28:00,,20,,
TEL-E003-1988,E003,AST-E003-008,2026-08-26T05:03:00,,16,,
TEL-E003-1989,E003,AST-E003-009,2026-08-19T04:28:00,,20,,
TEL-E003-1990,E003,AST-E003-010,2026-08-26T21:25:00,,32,,
TEL-E003-1991,E003,AST-E003-011,2026-08-30T20:12:00,,19,,
TEL-E003-1992,E003,AST-E003-012,2026-08-14T23:17:00,,55,,
TEL-E003-1993,E003,AST-E003-013,2026-08-03T06:26:00,,96,,
TEL-E003-1994,E003,AST-E003-014,2026-08-19T04:45:00,,52,,
TEL-E003-1995,E003,AST-E003-015,2026-08-24T12:10:00,,53,,
TEL-E003-1996,E003,AST-E003-016,2026-08-05T15:04:00,,3,,
TEL-E003-1997,E003,AST-E003-017,2026-08-17T20:48:00,,23,,
TEL-E003-1998,E003,AST-E003-018,2026-08-30T23:40:00,,43,,
TEL-E003-1999,E003,AST-E003-019,2026-08-19T18:52:00,,40,,
TEL-E003-2000,E003,AST-E003-020,2026-08-26T10:36:00,,39,,
TEL-E003-2001,E003,AST-E003-021,2026-08-27T09:44:00,,74,,
TEL-E003-2002,E003,AST-E003-022,2026-08-03T17:04:00,,87,,
TEL-E003-2003,E003,AST-E003-023,2026-08-09T02:28:00,,86,,
TEL-E003-2004,E003,AST-E003-024,2026-08-01T15:12:00,,85,,
TEL-E003-2005,E003,AST-E003-025,2026-08-28T16:32:00,,99,,
TEL-E003-2006,E003,AST-E003-026,2026-08-30T09:20:00,,29,,
TEL-E003-2007,E003,AST-E003-027,2026-08-11T22:27:00,,71,,
TEL-E003-2008,E003,AST-E003-028,2026-08-23T19:21:00,,71,,
TEL-E003-2009,E003,AST-E003-029,2026-08-23T17:52:00,,27,,
TEL-E003-2010,E003,AST-E003-030,2026-08-17T12:22:00,,49,,
TEL-E003-2011,E003,AST-E003-001,2026-08-02T06:50:00,,67,,
TEL-E003-2012,E003,AST-E003-002,2026-08-28T01:55:00,,99,,
TEL-E003-2013,E003,AST-E003-003,2026-08-30T21:46:00,,55,,
TEL-E003-2014,E003,AST-E003-004,2026-08-18T11:07:00,,48,,
TEL-E003-2015,E003,AST-E003-005,2026-08-24T02:43:00,,37,,
TEL-E003-2016,E003,AST-E003-006,2026-08-11T20:21:00,,76,,
