telemetry_id,entity_id,asset_id,timestamp,source_type,event_count,expected_event_count,status
E005-T000001,E005,E005-AS001,2026-08-01 08:00:00,EDR,982,1000,ACTIVE
E005-T000002,E005,E005-AS001,2026-08-01 09:00:00,EDR,1074,1000,ACTIVE
E005-T000003,E005,E005-AS001,2026-08-01 10:00:00,EDR,1061,1000,ACTIVE
E005-T000004,E005,E005-AS001,2026-08-01 11:00:00,EDR,1098,1000,ACTIVE
E005-T000005,E005,E005-AS001,2026-08-01 12:00:00,EDR,1002,1000,ACTIVE
E005-T000006,E005,E005-AS001,2026-08-01 13:00:00,EDR,1067,1000,ACTIVE
E005-T000007,E005,E005-AS001,2026-08-01 14:00:00,EDR,1051,1000,ACTIVE
E005-T000008,E005,E005-AS001,2026-08-01 15:00:00,EDR,955,1000,ACTIVE
E005-T000009,E005,E005-AS001,2026-08-01 16:00:00,EDR,1091,1000,ACTIVE
E005-T000010,E005,E005-AS001,2026-08-01 17:00:00,EDR,955,1000,ACTIVE
E005-T000011,E005,E005-AS001,2026-08-01 18:00:00,EDR,920,1000,ACTIVE
E005-T000012,E005,E005-AS001,2026-08-01 19:00:00,EDR,1073,1000,ACTIVE
E005-T000013,E005,E005-AS001,2026-08-01 20:00:00,EDR,955,1000,ACTIVE
E005-T000014,E005,E005-AS001,2026-08-01 21:00:00,EDR,1080,1000,ACTIVE
E005-T000015,E005,E005-AS001,2026-08-01 22:00:00,EDR,930,1000,ACTIVE
E005-T000016,E005,E005-AS001,2026-08-01 23:00:00,EDR,1083,1000,ACTIVE
E005-T000017,E005,E005-AS001,2026-08-02 00:00:00,EDR,972,1000,ACTIVE
E005-T000018,E005,E005-AS001,2026-08-02 01:00:00,EDR,1078,1000,ACTIVE
E005-T000019,E005,E005-AS001,2026-08-02 02:00:00,EDR,977,1000,ACTIVE
E005-T000020,E005,E005-AS001,2026-08-02 03:00:00,EDR,1004,1000,ACTIVE
E005-T000021,E005,E005-AS001,2026-08-02 04:00:00,EDR,1018,1000,ACTIVE
E005-T000022,E005,E005-AS001,2026-08-02 05:00:00,EDR,1044,1000,ACTIVE
E005-T000023,E005,E005-AS001,2026-08-02 06:00:00,EDR,956,1000,ACTIVE
E005-T000024,E005,E005-AS001,2026-08-02 07:00:00,EDR,991,1000,ACTIVE
E005-T000025,E005,E005-AS001,2026-08-02 08:00:00,EDR,963,1000,ACTIVE
E005-T000026,E005,E005-AS001,2026-08-02 09:00:00,EDR,965,1000,ACTIVE
E005-T000027,E005,E005-AS001,2026-08-02 10:00:00,EDR,1089,1000,ACTIVE
E005-T000028,E005,E005-AS001,2026-08-02 11:00:00,EDR,910,1000,ACTIVE
E005-T000029,E005,E005-AS001,2026-08-02 12:00:00,EDR,1031,1000,ACTIVE
E005-T000030,E005,E005-AS001,2026-08-02 13:00:00,EDR,947,1000,ACTIVE
E005-T000031,E005,E005-AS001,2026-08-02 14:00:00,EDR,1065,1000,ACTIVE
E005-T000032,E005,E005-AS001,2026-08-02 15:00:00,EDR,1095,1000,ACTIVE
E005-T000033,E005,E005-AS001,2026-08-02 16:00:00,EDR,1061,1000,ACTIVE
E005-T000034,E005,E005-AS001,2026-08-02 17:00:00,EDR,949,1000,ACTIVE
E005-T000035,E005,E005-AS001,2026-08-02 18:00:00,EDR,1064,1000,ACTIVE
E005-T000036,E005,E005-AS001,2026-08-02 19:00:00,EDR,955,1000,ACTIVE
E005-T000037,E005,E005-AS001,2026-08-02 20:00:00,EDR,1091,1000,ACTIVE
E005-T000038,E005,E005-AS001,2026-08-02 21:00:00,EDR,1060,1000,ACTIVE
E005-T000039,E005,E005-AS001,2026-08-02 22:00:00,EDR,1097,1000,ACTIVE
E005-T000040,E005,E005-AS001,2026-08-02 23:00:00,EDR,969,1000,ACTIVE
E005-T000041,E005,E005-AS001,2026-08-03 00:00:00,EDR,914,1000,ACTIVE
E005-T000042,E005,E005-AS001,2026-08-03 01:00:00,EDR,1082,1000,ACTIVE
E005-T000043,E005,E005-AS001,2026-08-03 02:00:00,EDR,1054,1000,ACTIVE
E005-T000044,E005,E005-AS001,2026-08-03 03:00:00,EDR,976,1000,ACTIVE
E005-T000045,E005,E005-AS001,2026-08-03 04:00:00,EDR,936,1000,ACTIVE
E005-T000046,E005,E005-AS001,2026-08-03 05:00:00,EDR,1087,1000,ACTIVE
E005-T000047,E005,E005-AS001,2026-08-03 06:00:00,EDR,933,1000,ACTIVE
E005-T000048,E005,E005-AS001,2026-08-03 07:00:00,EDR,996,1000,ACTIVE
E005-T000049,E005,E005-AS002,2026-08-01 08:00:00,EDR,1015,1000,ACTIVE
E005-T000050,E005,E005-AS002,2026-08-01 09:00:00,EDR,994,1000,ACTIVE
E005-T000051,E005,E005-AS002,2026-08-01 10:00:00,EDR,1034,1000,ACTIVE
E005-T000052,E005,E005-AS002,2026-08-01 11:00:00,EDR,901,1000,ACTIVE
E005-T000053,E005,E005-AS002,2026-08-01 12:00:00,EDR,1086,1000,ACTIVE
E005-T000054,E005,E005-AS002,2026-08-01 13:00:00,EDR,975,1000,ACTIVE
E005-T000055,E005,E005-AS002,2026-08-01 14:00:00,EDR,963,1000,ACTIVE
E005-T000056,E005,E005-AS002,2026-08-01 15:00:00,EDR,1030,1000,ACTIVE
E005-T000057,E005,E005-AS002,2026-08-01 16:00:00,EDR,1068,1000,ACTIVE
E005-T000058,E005,E005-AS002,2026-08-01 17:00:00,EDR,1027,1000,ACTIVE
E005-T000059,E005,E005-AS002,2026-08-01 18:00:00,EDR,934,1000,ACTIVE
E005-T000060,E005,E005-AS002,2026-08-01 19:00:00,EDR,1025,1000,ACTIVE
E005-T000061,E005,E005-AS002,2026-08-01 20:00:00,EDR,900,1000,ACTIVE
E005-T000062,E005,E005-AS002,2026-08-01 21:00:00,EDR,947,1000,ACTIVE
E005-T000063,E005,E005-AS002,2026-08-01 22:00:00,EDR,1041,1000,ACTIVE
E005-T000064,E005,E005-AS002,2026-08-01 23:00:00,EDR,947,1000,ACTIVE
E005-T000065,E005,E005-AS002,2026-08-02 00:00:00,EDR,1010,1000,ACTIVE
E005-T000066,E005,E005-AS002,2026-08-02 01:00:00,EDR,985,1000,ACTIVE
E005-T000067,E005,E005-AS002,2026-08-02 02:00:00,EDR,997,1000,ACTIVE
E005-T000068,E005,E005-AS002,2026-08-02 03:00:00,EDR,1073,1000,ACTIVE
E005-T000069,E005,E005-AS002,2026-08-02 04:00:00,EDR,987,1000,ACTIVE
E005-T000070,E005,E005-AS002,2026-08-02 05:00:00,EDR,1057,1000,ACTIVE
E005-T000071,E005,E005-AS002,2026-08-02 06:00:00,EDR,1034,1000,ACTIVE
E005-T000072,E005,E005-AS002,2026-08-02 07:00:00,EDR,1065,1000,ACTIVE
E005-T000073,E005,E005-AS002,2026-08-02 08:00:00,EDR,904,1000,ACTIVE
E005-T000074,E005,E005-AS002,2026-08-02 09:00:00,EDR,1009,1000,ACTIVE
E005-T000075,E005,E005-AS002,2026-08-02 10:00:00,EDR,984,1000,ACTIVE
E005-T000076,E005,E005-AS002,2026-08-02 11:00:00,EDR,963,1000,ACTIVE
E005-T000077,E005,E005-AS002,2026-08-02 12:00:00,EDR,917,1000,ACTIVE
E005-T000078,E005,E005-AS002,2026-08-02 13:00:00,EDR,1077,1000,ACTIVE
E005-T000079,E005,E005-AS002,2026-08-02 14:00:00,EDR,985,1000,ACTIVE
E005-T000080,E005,E005-AS002,2026-08-02 15:00:00,EDR,956,1000,ACTIVE
E005-T000081,E005,E005-AS002,2026-08-02 16:00:00,EDR,980,1000,ACTIVE
E005-T000082,E005,E005-AS002,2026-08-02 17:00:00,EDR,1040,1000,ACTIVE
E005-T000083,E005,E005-AS002,2026-08-02 18:00:00,EDR,941,1000,ACTIVE
E005-T000084,E005,E005-AS002,2026-08-02 19:00:00,EDR,1029,1000,ACTIVE
E005-T000085,E005,E005-AS002,2026-08-02 20:00:00,EDR,930,1000,ACTIVE
E005-T000086,E005,E005-AS002,2026-08-02 21:00:00,EDR,948,1000,ACTIVE
E005-T000087,E005,E005-AS002,2026-08-02 22:00:00,EDR,957,1000,ACTIVE
E005-T000088,E005,E005-AS002,2026-08-02 23:00:00,EDR,1059,1000,ACTIVE
E005-T000089,E005,E005-AS002,2026-08-03 00:00:00,EDR,1051,1000,ACTIVE
E005-T000090,E005,E005-AS002,2026-08-03 01:00:00,EDR,937,1000,ACTIVE
E005-T000091,E005,E005-AS002,2026-08-03 02:00:00,EDR,939,1000,ACTIVE
E005-T000092,E005,E005-AS002,2026-08-03 03:00:00,EDR,947,1000,ACTIVE
E005-T000093,E005,E005-AS002,2026-08-03 04:00:00,EDR,1079,1000,ACTIVE
E005-T000094,E005,E005-AS002,2026-08-03 05:00:00,EDR,1012,1000,ACTIVE
E005-T000095,E005,E005-AS002,2026-08-03 06:00:00,EDR,1095,1000,ACTIVE
E005-T000096,E005,E005-AS002,2026-08-03 07:00:00,EDR,1017,1000,ACTIVE
E005-T000097,E005,E005-AS003,2026-08-01 08:00:00,EDR,998,1000,ACTIVE
E005-T000098,E005,E005-AS003,2026-08-01 09:00:00,EDR,1058,1000,ACTIVE
E005-T000099,E005,E005-AS003,2026-08-01 10:00:00,EDR,1063,1000,ACTIVE
E005-T000100,E005,E005-AS003,2026-08-01 11:00:00,EDR,908,1000,ACTIVE
E005-T000101,E005,E005-AS003,2026-08-01 12:00:00,EDR,1011,1000,ACTIVE
E005-T000102,E005,E005-AS003,2026-08-01 13:00:00,EDR,992,1000,ACTIVE
E005-T000103,E005,E005-AS003,2026-08-01 14:00:00,EDR,956,1000,ACTIVE
E005-T000104,E005,E005-AS003,2026-08-01 15:00:00,EDR,1042,1000,ACTIVE
E005-T000105,E005,E005-AS003,2026-08-01 16:00:00,EDR,903,1000,ACTIVE
E005-T000106,E005,E005-AS003,2026-08-01 17:00:00,EDR,1037,1000,ACTIVE
E005-T000107,E005,E005-AS003,2026-08-01 18:00:00,EDR,1025,1000,ACTIVE
E005-T000108,E005,E005-AS003,2026-08-01 19:00:00,EDR,931,1000,ACTIVE
E005-T000109,E005,E005-AS003,2026-08-01 20:00:00,EDR,1066,1000,ACTIVE
E005-T000110,E005,E005-AS003,2026-08-01 21:00:00,EDR,991,1000,ACTIVE
E005-T000111,E005,E005-AS003,2026-08-01 22:00:00,EDR,974,1000,ACTIVE
E005-T000112,E005,E005-AS003,2026-08-01 23:00:00,EDR,958,1000,ACTIVE
E005-T000113,E005,E005-AS003,2026-08-02 00:00:00,EDR,950,1000,ACTIVE
E005-T000114,E005,E005-AS003,2026-08-02 01:00:00,EDR,942,1000,ACTIVE
E005-T000115,E005,E005-AS003,2026-08-02 02:00:00,EDR,999,1000,ACTIVE
E005-T000116,E005,E005-AS003,2026-08-02 03:00:00,EDR,958,1000,ACTIVE
E005-T000117,E005,E005-AS003,2026-08-02 04:00:00,EDR,976,1000,ACTIVE
E005-T000118,E005,E005-AS003,2026-08-02 05:00:00,EDR,1037,1000,ACTIVE
E005-T000119,E005,E005-AS003,2026-08-02 06:00:00,EDR,999,1000,ACTIVE
E005-T000120,E005,E005-AS003,2026-08-02 07:00:00,EDR,914,1000,ACTIVE
E005-T000121,E005,E005-AS003,2026-08-02 08:00:00,EDR,916,1000,ACTIVE
E005-T000122,E005,E005-AS003,2026-08-02 09:00:00,EDR,975,1000,ACTIVE
E005-T000123,E005,E005-AS003,2026-08-02 10:00:00,EDR,1030,1000,ACTIVE
E005-T000124,E005,E005-AS003,2026-08-02 11:00:00,EDR,980,1000,ACTIVE
E005-T000125,E005,E005-AS003,2026-08-02 12:00:00,EDR,996,1000,ACTIVE
E005-T000126,E005,E005-AS003,2026-08-02 13:00:00,EDR,926,1000,ACTIVE
E005-T000127,E005,E005-AS003,2026-08-02 14:00:00,EDR,911,1000,ACTIVE
E005-T000128,E005,E005-AS003,2026-08-02 15:00:00,EDR,1049,1000,ACTIVE
E005-T000129,E005,E005-AS003,2026-08-02 16:00:00,EDR,1085,1000,ACTIVE
E005-T000130,E005,E005-AS003,2026-08-02 17:00:00,EDR,1047,1000,ACTIVE
E005-T000131,E005,E005-AS003,2026-08-02 18:00:00,EDR,973,1000,ACTIVE
E005-T000132,E005,E005-AS003,2026-08-02 19:00:00,EDR,1051,1000,ACTIVE
E005-T000133,E005,E005-AS003,2026-08-02 20:00:00,EDR,961,1000,ACTIVE
E005-T000134,E005,E005-AS003,2026-08-02 21:00:00,EDR,1005,1000,ACTIVE
E005-T000135,E005,E005-AS003,2026-08-02 22:00:00,EDR,986,1000,ACTIVE
E005-T000136,E005,E005-AS003,2026-08-02 23:00:00,EDR,965,1000,ACTIVE
E005-T000137,E005,E005-AS003,2026-08-03 00:00:00,EDR,1000,1000,ACTIVE
E005-T000138,E005,E005-AS003,2026-08-03 01:00:00,EDR,1097,1000,ACTIVE
E005-T000139,E005,E005-AS003,2026-08-03 02:00:00,EDR,960,1000,ACTIVE
E005-T000140,E005,E005-AS003,2026-08-03 03:00:00,EDR,967,1000,ACTIVE
E005-T000141,E005,E005-AS003,2026-08-03 04:00:00,EDR,1060,1000,ACTIVE
E005-T000142,E005,E005-AS003,2026-08-03 05:00:00,EDR,1049,1000,ACTIVE
E005-T000143,E005,E005-AS003,2026-08-03 06:00:00,EDR,1057,1000,ACTIVE
E005-T000144,E005,E005-AS003,2026-08-03 07:00:00,EDR,977,1000,ACTIVE
E005-T000145,E005,E005-AS004,2026-08-01 08:00:00,EDR,1049,1000,ACTIVE
E005-T000146,E005,E005-AS004,2026-08-01 09:00:00,EDR,993,1000,ACTIVE
E005-T000147,E005,E005-AS004,2026-08-01 10:00:00,EDR,1088,1000,ACTIVE
E005-T000148,E005,E005-AS004,2026-08-01 11:00:00,EDR,1040,1000,ACTIVE
E005-T000149,E005,E005-AS004,2026-08-01 12:00:00,EDR,962,1000,ACTIVE
E005-T000150,E005,E005-AS004,2026-08-01 13:00:00,EDR,991,1000,ACTIVE
E005-T000151,E005,E005-AS004,2026-08-01 14:00:00,EDR,1052,1000,ACTIVE
E005-T000152,E005,E005-AS004,2026-08-01 15:00:00,EDR,1036,1000,ACTIVE
E005-T000153,E005,E005-AS004,2026-08-01 16:00:00,EDR,954,1000,ACTIVE
E005-T000154,E005,E005-AS004,2026-08-01 17:00:00,EDR,934,1000,ACTIVE
E005-T000155,E005,E005-AS004,2026-08-01 18:00:00,EDR,1065,1000,ACTIVE
E005-T000156,E005,E005-AS004,2026-08-01 19:00:00,EDR,946,1000,ACTIVE
E005-T000157,E005,E005-AS004,2026-08-01 20:00:00,EDR,1042,1000,ACTIVE
E005-T000158,E005,E005-AS004,2026-08-01 21:00:00,EDR,958,1000,ACTIVE
E005-T000159,E005,E005-AS004,2026-08-01 22:00:00,EDR,1092,1000,ACTIVE
E005-T000160,E005,E005-AS004,2026-08-01 23:00:00,EDR,931,1000,ACTIVE
E005-T000161,E005,E005-AS004,2026-08-02 00:00:00,EDR,912,1000,ACTIVE
E005-T000162,E005,E005-AS004,2026-08-02 01:00:00,EDR,989,1000,ACTIVE
E005-T000163,E005,E005-AS004,2026-08-02 02:00:00,EDR,955,1000,ACTIVE
E005-T000164,E005,E005-AS004,2026-08-02 03:00:00,EDR,926,1000,ACTIVE
E005-T000165,E005,E005-AS004,2026-08-02 04:00:00,EDR,1009,1000,ACTIVE
E005-T000166,E005,E005-AS004,2026-08-02 05:00:00,EDR,948,1000,ACTIVE
E005-T000167,E005,E005-AS004,2026-08-02 06:00:00,EDR,927,1000,ACTIVE
E005-T000168,E005,E005-AS004,2026-08-02 07:00:00,EDR,1094,1000,ACTIVE
E005-T000169,E005,E005-AS004,2026-08-02 08:00:00,EDR,1021,1000,ACTIVE
E005-T000170,E005,E005-AS004,2026-08-02 09:00:00,EDR,989,1000,ACTIVE
E005-T000171,E005,E005-AS004,2026-08-02 10:00:00,EDR,1025,1000,ACTIVE
E005-T000172,E005,E005-AS004,2026-08-02 11:00:00,EDR,1034,1000,ACTIVE
E005-T000173,E005,E005-AS004,2026-08-02 12:00:00,EDR,1061,1000,ACTIVE
E005-T000174,E005,E005-AS004,2026-08-02 13:00:00,EDR,935,1000,ACTIVE
E005-T000175,E005,E005-AS004,2026-08-02 14:00:00,EDR,1054,1000,ACTIVE
E005-T000176,E005,E005-AS004,2026-08-02 15:00:00,EDR,1035,1000,ACTIVE
E005-T000177,E005,E005-AS004,2026-08-02 16:00:00,EDR,1034,1000,ACTIVE
E005-T000178,E005,E005-AS004,2026-08-02 17:00:00,EDR,937,1000,ACTIVE
E005-T000179,E005,E005-AS004,2026-08-02 18:00:00,EDR,1088,1000,ACTIVE
E005-T000180,E005,E005-AS004,2026-08-02 19:00:00,EDR,1086,1000,ACTIVE
E005-T000181,E005,E005-AS004,2026-08-02 20:00:00,EDR,1009,1000,ACTIVE
E005-T000182,E005,E005-AS004,2026-08-02 21:00:00,EDR,975,1000,ACTIVE
E005-T000183,E005,E005-AS004,2026-08-02 22:00:00,EDR,1005,1000,ACTIVE
E005-T000184,E005,E005-AS004,2026-08-02 23:00:00,EDR,938,1000,ACTIVE
E005-T000185,E005,E005-AS004,2026-08-03 00:00:00,EDR,1032,1000,ACTIVE
E005-T000186,E005,E005-AS004,2026-08-03 01:00:00,EDR,921,1000,ACTIVE
E005-T000187,E005,E005-AS004,2026-08-03 02:00:00,EDR,1034,1000,ACTIVE
E005-T000188,E005,E005-AS004,2026-08-03 03:00:00,EDR,1016,1000,ACTIVE
E005-T000189,E005,E005-AS004,2026-08-03 04:00:00,EDR,1003,1000,ACTIVE
E005-T000190,E005,E005-AS004,2026-08-03 05:00:00,EDR,1086,1000,ACTIVE
E005-T000191,E005,E005-AS004,2026-08-03 06:00:00,EDR,984,1000,ACTIVE
E005-T000192,E005,E005-AS004,2026-08-03 07:00:00,EDR,1010,1000,ACTIVE
E005-T000193,E005,E005-AS005,2026-08-01 08:00:00,EDR,969,1000,ACTIVE
E005-T000194,E005,E005-AS005,2026-08-01 09:00:00,EDR,1063,1000,ACTIVE
E005-T000195,E005,E005-AS005,2026-08-01 10:00:00,EDR,965,1000,ACTIVE
E005-T000196,E005,E005-AS005,2026-08-01 11:00:00,EDR,945,1000,ACTIVE
E005-T000197,E005,E005-AS005,2026-08-01 12:00:00,EDR,1088,1000,ACTIVE
E005-T000198,E005,E005-AS005,2026-08-01 13:00:00,EDR,1055,1000,ACTIVE
E005-T000199,E005,E005-AS005,2026-08-01 14:00:00,EDR,936,1000,ACTIVE
E005-T000200,E005,E005-AS005,2026-08-01 15:00:00,EDR,1017,1000,ACTIVE
E005-T000201,E005,E005-AS005,2026-08-01 16:00:00,EDR,953,1000,ACTIVE
E005-T000202,E005,E005-AS005,2026-08-01 17:00:00,EDR,1080,1000,ACTIVE
E005-T000203,E005,E005-AS005,2026-08-01 18:00:00,EDR,912,1000,ACTIVE
E005-T000204,E005,E005-AS005,2026-08-01 19:00:00,EDR,1069,1000,ACTIVE
E005-T000205,E005,E005-AS005,2026-08-01 20:00:00,EDR,921,1000,ACTIVE
E005-T000206,E005,E005-AS005,2026-08-01 21:00:00,EDR,1025,1000,ACTIVE
E005-T000207,E005,E005-AS005,2026-08-01 22:00:00,EDR,900,1000,ACTIVE
E005-T000208,E005,E005-AS005,2026-08-01 23:00:00,EDR,903,1000,ACTIVE
E005-T000209,E005,E005-AS005,2026-08-02 00:00:00,EDR,1050,1000,ACTIVE
E005-T000210,E005,E005-AS005,2026-08-02 01:00:00,EDR,1001,1000,ACTIVE
E005-T000211,E005,E005-AS005,2026-08-02 02:00:00,EDR,1073,1000,ACTIVE
E005-T000212,E005,E005-AS005,2026-08-02 03:00:00,EDR,1013,1000,ACTIVE
E005-T000213,E005,E005-AS005,2026-08-02 04:00:00,EDR,917,1000,ACTIVE
E005-T000214,E005,E005-AS005,2026-08-02 05:00:00,EDR,1083,1000,ACTIVE
E005-T000215,E005,E005-AS005,2026-08-02 06:00:00,EDR,987,1000,ACTIVE
E005-T000216,E005,E005-AS005,2026-08-02 07:00:00,EDR,1094,1000,ACTIVE
E005-T000217,E005,E005-AS005,2026-08-02 08:00:00,EDR,1071,1000,ACTIVE
E005-T000218,E005,E005-AS005,2026-08-02 09:00:00,EDR,1066,1000,ACTIVE
E005-T000219,E005,E005-AS005,2026-08-02 10:00:00,EDR,936,1000,ACTIVE
E005-T000220,E005,E005-AS005,2026-08-02 11:00:00,EDR,951,1000,ACTIVE
E005-T000221,E005,E005-AS005,2026-08-02 12:00:00,EDR,901,1000,ACTIVE
E005-T000222,E005,E005-AS005,2026-08-02 13:00:00,EDR,1029,1000,ACTIVE
E005-T000223,E005,E005-AS005,2026-08-02 14:00:00,EDR,990,1000,ACTIVE
E005-T000224,E005,E005-AS005,2026-08-02 15:00:00,EDR,1090,1000,ACTIVE
E005-T000225,E005,E005-AS005,2026-08-02 16:00:00,EDR,1027,1000,ACTIVE
E005-T000226,E005,E005-AS005,2026-08-02 17:00:00,EDR,950,1000,ACTIVE
E005-T000227,E005,E005-AS005,2026-08-02 18:00:00,EDR,1098,1000,ACTIVE
E005-T000228,E005,E005-AS005,2026-08-02 19:00:00,EDR,986,1000,ACTIVE
E005-T000229,E005,E005-AS005,2026-08-02 20:00:00,EDR,1019,1000,ACTIVE
E005-T000230,E005,E005-AS005,2026-08-02 21:00:00,EDR,1093,1000,ACTIVE
E005-T000231,E005,E005-AS005,2026-08-02 22:00:00,EDR,1024,1000,ACTIVE
E005-T000232,E005,E005-AS005,2026-08-02 23:00:00,EDR,1036,1000,ACTIVE
E005-T000233,E005,E005-AS005,2026-08-03 00:00:00,EDR,1063,1000,ACTIVE
E005-T000234,E005,E005-AS005,2026-08-03 01:00:00,EDR,942,1000,ACTIVE
E005-T000235,E005,E005-AS005,2026-08-03 02:00:00,EDR,976,1000,ACTIVE
E005-T000236,E005,E005-AS005,2026-08-03 03:00:00,EDR,928,1000,ACTIVE
E005-T000237,E005,E005-AS005,2026-08-03 04:00:00,EDR,1052,1000,ACTIVE
E005-T000238,E005,E005-AS005,2026-08-03 05:00:00,EDR,955,1000,ACTIVE
E005-T000239,E005,E005-AS005,2026-08-03 06:00:00,EDR,1080,1000,ACTIVE
E005-T000240,E005,E005-AS005,2026-08-03 07:00:00,EDR,980,1000,ACTIVE
E005-T000241,E005,E005-AS006,2026-08-01 08:00:00,EDR,955,1000,ACTIVE
E005-T000242,E005,E005-AS006,2026-08-01 09:00:00,EDR,1055,1000,ACTIVE
E005-T000243,E005,E005-AS006,2026-08-01 10:00:00,EDR,1012,1000,ACTIVE
E005-T000244,E005,E005-AS006,2026-08-01 11:00:00,EDR,902,1000,ACTIVE
E005-T000245,E005,E005-AS006,2026-08-01 12:00:00,EDR,1001,1000,ACTIVE
E005-T000246,E005,E005-AS006,2026-08-01 13:00:00,EDR,1087,1000,ACTIVE
E005-T000247,E005,E005-AS006,2026-08-01 14:00:00,EDR,921,1000,ACTIVE
E005-T000248,E005,E005-AS006,2026-08-01 15:00:00,EDR,1098,1000,ACTIVE
E005-T000249,E005,E005-AS006,2026-08-01 16:00:00,EDR,1088,1000,ACTIVE
E005-T000250,E005,E005-AS006,2026-08-01 17:00:00,EDR,923,1000,ACTIVE
E005-T000251,E005,E005-AS006,2026-08-01 18:00:00,EDR,1085,1000,ACTIVE
E005-T000252,E005,E005-AS006,2026-08-01 19:00:00,EDR,929,1000,ACTIVE
E005-T000253,E005,E005-AS006,2026-08-01 20:00:00,EDR,970,1000,ACTIVE
E005-T000254,E005,E005-AS006,2026-08-01 21:00:00,EDR,950,1000,ACTIVE
E005-T000255,E005,E005-AS006,2026-08-01 22:00:00,EDR,954,1000,ACTIVE
E005-T000256,E005,E005-AS006,2026-08-01 23:00:00,EDR,937,1000,ACTIVE
E005-T000257,E005,E005-AS006,2026-08-02 00:00:00,EDR,1015,1000,ACTIVE
E005-T000258,E005,E005-AS006,2026-08-02 01:00:00,EDR,1025,1000,ACTIVE
E005-T000259,E005,E005-AS006,2026-08-02 02:00:00,EDR,935,1000,ACTIVE
E005-T000260,E005,E005-AS006,2026-08-02 03:00:00,EDR,1056,1000,ACTIVE
E005-T000261,E005,E005-AS006,2026-08-02 04:00:00,EDR,1091,1000,ACTIVE
E005-T000262,E005,E005-AS006,2026-08-02 05:00:00,EDR,965,1000,ACTIVE
E005-T000263,E005,E005-AS006,2026-08-02 06:00:00,EDR,1033,1000,ACTIVE
E005-T000264,E005,E005-AS006,2026-08-02 07:00:00,EDR,991,1000,ACTIVE
E005-T000265,E005,E005-AS006,2026-08-02 08:00:00,EDR,1061,1000,ACTIVE
E005-T000266,E005,E005-AS006,2026-08-02 09:00:00,EDR,942,1000,ACTIVE
E005-T000267,E005,E005-AS006,2026-08-02 10:00:00,EDR,1092,1000,ACTIVE
E005-T000268,E005,E005-AS006,2026-08-02 11:00:00,EDR,1085,1000,ACTIVE
E005-T000269,E005,E005-AS006,2026-08-02 12:00:00,EDR,958,1000,ACTIVE
E005-T000270,E005,E005-AS006,2026-08-02 13:00:00,EDR,1081,1000,ACTIVE
E005-T000271,E005,E005-AS006,2026-08-02 14:00:00,EDR,1002,1000,ACTIVE
E005-T000272,E005,E005-AS006,2026-08-02 15:00:00,EDR,1055,1000,ACTIVE
E005-T000273,E005,E005-AS006,2026-08-02 16:00:00,EDR,1076,1000,ACTIVE
E005-T000274,E005,E005-AS006,2026-08-02 17:00:00,EDR,1055,1000,ACTIVE
E005-T000275,E005,E005-AS006,2026-08-02 18:00:00,EDR,1049,1000,ACTIVE
E005-T000276,E005,E005-AS006,2026-08-02 19:00:00,EDR,1033,1000,ACTIVE
E005-T000277,E005,E005-AS006,2026-08-02 20:00:00,EDR,944,1000,ACTIVE
E005-T000278,E005,E005-AS006,2026-08-02 21:00:00,EDR,1090,1000,ACTIVE
E005-T000279,E005,E005-AS006,2026-08-02 22:00:00,EDR,986,1000,ACTIVE
E005-T000280,E005,E005-AS006,2026-08-02 23:00:00,EDR,1056,1000,ACTIVE
E005-T000281,E005,E005-AS006,2026-08-03 00:00:00,EDR,923,1000,ACTIVE
E005-T000282,E005,E005-AS006,2026-08-03 01:00:00,EDR,955,1000,ACTIVE
E005-T000283,E005,E005-AS006,2026-08-03 02:00:00,EDR,963,1000,ACTIVE
E005-T000284,E005,E005-AS006,2026-08-03 03:00:00,EDR,1051,1000,ACTIVE
E005-T000285,E005,E005-AS006,2026-08-03 04:00:00,EDR,948,1000,ACTIVE
E005-T000286,E005,E005-AS006,2026-08-03 05:00:00,EDR,1002,1000,ACTIVE
E005-T000287,E005,E005-AS006,2026-08-03 06:00:00,EDR,1089,1000,ACTIVE
E005-T000288,E005,E005-AS006,2026-08-03 07:00:00,EDR,1098,1000,ACTIVE
E005-T000289,E005,E005-AS007,2026-08-01 08:00:00,EDR,1085,1000,ACTIVE
E005-T000290,E005,E005-AS007,2026-08-01 09:00:00,EDR,918,1000,ACTIVE
E005-T000291,E005,E005-AS007,2026-08-01 10:00:00,EDR,980,1000,ACTIVE
E005-T000292,E005,E005-AS007,2026-08-01 11:00:00,EDR,962,1000,ACTIVE
E005-T000293,E005,E005-AS007,2026-08-01 12:00:00,EDR,1065,1000,ACTIVE
E005-T000294,E005,E005-AS007,2026-08-01 13:00:00,EDR,1052,1000,ACTIVE
E005-T000295,E005,E005-AS007,2026-08-01 14:00:00,EDR,910,1000,ACTIVE
E005-T000296,E005,E005-AS007,2026-08-01 15:00:00,EDR,984,1000,ACTIVE
E005-T000297,E005,E005-AS007,2026-08-01 16:00:00,EDR,900,1000,ACTIVE
E005-T000298,E005,E005-AS007,2026-08-01 17:00:00,EDR,982,1000,ACTIVE
E005-T000299,E005,E005-AS007,2026-08-01 18:00:00,EDR,1096,1000,ACTIVE
E005-T000300,E005,E005-AS007,2026-08-01 19:00:00,EDR,1063,1000,ACTIVE
E005-T000301,E005,E005-AS007,2026-08-01 20:00:00,EDR,947,1000,ACTIVE
E005-T000302,E005,E005-AS007,2026-08-01 21:00:00,EDR,978,1000,ACTIVE
E005-T000303,E005,E005-AS007,2026-08-01 22:00:00,EDR,956,1000,ACTIVE
E005-T000304,E005,E005-AS007,2026-08-01 23:00:00,EDR,927,1000,ACTIVE
E005-T000305,E005,E005-AS007,2026-08-02 00:00:00,EDR,959,1000,ACTIVE
E005-T000306,E005,E005-AS007,2026-08-02 01:00:00,EDR,1084,1000,ACTIVE
E005-T000307,E005,E005-AS007,2026-08-02 02:00:00,EDR,1090,1000,ACTIVE
E005-T000308,E005,E005-AS007,2026-08-02 03:00:00,EDR,1100,1000,ACTIVE
E005-T000309,E005,E005-AS007,2026-08-02 04:00:00,EDR,944,1000,ACTIVE
E005-T000310,E005,E005-AS007,2026-08-02 05:00:00,EDR,938,1000,ACTIVE
E005-T000311,E005,E005-AS007,2026-08-02 06:00:00,EDR,931,1000,ACTIVE
E005-T000312,E005,E005-AS007,2026-08-02 07:00:00,EDR,1028,1000,ACTIVE
E005-T000313,E005,E005-AS007,2026-08-02 08:00:00,EDR,910,1000,ACTIVE
E005-T000314,E005,E005-AS007,2026-08-02 09:00:00,EDR,1016,1000,ACTIVE
E005-T000315,E005,E005-AS007,2026-08-02 10:00:00,EDR,1011,1000,ACTIVE
E005-T000316,E005,E005-AS007,2026-08-02 11:00:00,EDR,992,1000,ACTIVE
E005-T000317,E005,E005-AS007,2026-08-02 12:00:00,EDR,1013,1000,ACTIVE
E005-T000318,E005,E005-AS007,2026-08-02 13:00:00,EDR,1064,1000,ACTIVE
E005-T000319,E005,E005-AS007,2026-08-02 14:00:00,EDR,1054,1000,ACTIVE
E005-T000320,E005,E005-AS007,2026-08-02 15:00:00,EDR,941,1000,ACTIVE
E005-T000321,E005,E005-AS007,2026-08-02 16:00:00,EDR,1029,1000,ACTIVE
E005-T000322,E005,E005-AS007,2026-08-02 17:00:00,EDR,1003,1000,ACTIVE
E005-T000323,E005,E005-AS007,2026-08-02 18:00:00,EDR,1086,1000,ACTIVE
E005-T000324,E005,E005-AS007,2026-08-02 19:00:00,EDR,1053,1000,ACTIVE
E005-T000325,E005,E005-AS007,2026-08-02 20:00:00,EDR,924,1000,ACTIVE
E005-T000326,E005,E005-AS007,2026-08-02 21:00:00,EDR,1014,1000,ACTIVE
E005-T000327,E005,E005-AS007,2026-08-02 22:00:00,EDR,1035,1000,ACTIVE
E005-T000328,E005,E005-AS007,2026-08-02 23:00:00,EDR,963,1000,ACTIVE
E005-T000329,E005,E005-AS007,2026-08-03 00:00:00,EDR,965,1000,ACTIVE
E005-T000330,E005,E005-AS007,2026-08-03 01:00:00,EDR,1020,1000,ACTIVE
E005-T000331,E005,E005-AS007,2026-08-03 02:00:00,EDR,1043,1000,ACTIVE
E005-T000332,E005,E005-AS007,2026-08-03 03:00:00,EDR,1044,1000,ACTIVE
E005-T000333,E005,E005-AS007,2026-08-03 04:00:00,EDR,931,1000,ACTIVE
E005-T000334,E005,E005-AS007,2026-08-03 05:00:00,EDR,1061,1000,ACTIVE
E005-T000335,E005,E005-AS007,2026-08-03 06:00:00,EDR,937,1000,ACTIVE
E005-T000336,E005,E005-AS007,2026-08-03 07:00:00,EDR,1023,1000,ACTIVE
E005-T000337,E005,E005-AS008,2026-08-01 08:00:00,EDR,935,1000,ACTIVE
E005-T000338,E005,E005-AS008,2026-08-01 09:00:00,EDR,1024,1000,ACTIVE
E005-T000339,E005,E005-AS008,2026-08-01 10:00:00,EDR,1015,1000,ACTIVE
E005-T000340,E005,E005-AS008,2026-08-01 11:00:00,EDR,1024,1000,ACTIVE
E005-T000341,E005,E005-AS008,2026-08-01 12:00:00,EDR,964,1000,ACTIVE
E005-T000342,E005,E005-AS008,2026-08-01 13:00:00,EDR,1055,1000,ACTIVE
E005-T000343,E005,E005-AS008,2026-08-01 14:00:00,EDR,916,1000,ACTIVE
E005-T000344,E005,E005-AS008,2026-08-01 15:00:00,EDR,1044,1000,ACTIVE
E005-T000345,E005,E005-AS008,2026-08-01 16:00:00,EDR,936,1000,ACTIVE
E005-T000346,E005,E005-AS008,2026-08-01 17:00:00,EDR,974,1000,ACTIVE
E005-T000347,E005,E005-AS008,2026-08-01 18:00:00,EDR,1055,1000,ACTIVE
E005-T000348,E005,E005-AS008,2026-08-01 19:00:00,EDR,1037,1000,ACTIVE
E005-T000349,E005,E005-AS008,2026-08-01 20:00:00,EDR,922,1000,ACTIVE
E005-T000350,E005,E005-AS008,2026-08-01 21:00:00,EDR,1015,1000,ACTIVE
E005-T000351,E005,E005-AS008,2026-08-01 22:00:00,EDR,1091,1000,ACTIVE
E005-T000352,E005,E005-AS008,2026-08-01 23:00:00,EDR,1090,1000,ACTIVE
E005-T000353,E005,E005-AS008,2026-08-02 00:00:00,EDR,1028,1000,ACTIVE
E005-T000354,E005,E005-AS008,2026-08-02 01:00:00,EDR,1072,1000,ACTIVE
E005-T000355,E005,E005-AS008,2026-08-02 02:00:00,EDR,930,1000,ACTIVE
E005-T000356,E005,E005-AS008,2026-08-02 03:00:00,EDR,902,1000,ACTIVE
E005-T000357,E005,E005-AS008,2026-08-02 04:00:00,EDR,1069,1000,ACTIVE
E005-T000358,E005,E005-AS008,2026-08-02 05:00:00,EDR,1064,1000,ACTIVE
E005-T000359,E005,E005-AS008,2026-08-02 06:00:00,EDR,1020,1000,ACTIVE
E005-T000360,E005,E005-AS008,2026-08-02 07:00:00,EDR,1016,1000,ACTIVE
E005-T000361,E005,E005-AS008,2026-08-02 08:00:00,EDR,1045,1000,ACTIVE
E005-T000362,E005,E005-AS008,2026-08-02 09:00:00,EDR,1057,1000,ACTIVE
E005-T000363,E005,E005-AS008,2026-08-02 10:00:00,EDR,986,1000,ACTIVE
E005-T000364,E005,E005-AS008,2026-08-02 11:00:00,EDR,907,1000,ACTIVE
E005-T000365,E005,E005-AS008,2026-08-02 12:00:00,EDR,1046,1000,ACTIVE
E005-T000366,E005,E005-AS008,2026-08-02 13:00:00,EDR,1030,1000,ACTIVE
E005-T000367,E005,E005-AS008,2026-08-02 14:00:00,EDR,1080,1000,ACTIVE
E005-T000368,E005,E005-AS008,2026-08-02 15:00:00,EDR,1011,1000,ACTIVE
E005-T000369,E005,E005-AS008,2026-08-02 16:00:00,EDR,1000,1000,ACTIVE
E005-T000370,E005,E005-AS008,2026-08-02 17:00:00,EDR,1088,1000,ACTIVE
E005-T000371,E005,E005-AS008,2026-08-02 18:00:00,EDR,1088,1000,ACTIVE
E005-T000372,E005,E005-AS008,2026-08-02 19:00:00,EDR,1000,1000,ACTIVE
E005-T000373,E005,E005-AS008,2026-08-02 20:00:00,EDR,975,1000,ACTIVE
E005-T000374,E005,E005-AS008,2026-08-02 21:00:00,EDR,1082,1000,ACTIVE
E005-T000375,E005,E005-AS008,2026-08-02 22:00:00,EDR,988,1000,ACTIVE
E005-T000376,E005,E005-AS008,2026-08-02 23:00:00,EDR,922,1000,ACTIVE
E005-T000377,E005,E005-AS008,2026-08-03 00:00:00,EDR,1084,1000,ACTIVE
E005-T000378,E005,E005-AS008,2026-08-03 01:00:00,EDR,1049,1000,ACTIVE
E005-T000379,E005,E005-AS008,2026-08-03 02:00:00,EDR,1048,1000,ACTIVE
E005-T000380,E005,E005-AS008,2026-08-03 03:00:00,EDR,1007,1000,ACTIVE
E005-T000381,E005,E005-AS008,2026-08-03 04:00:00,EDR,1007,1000,ACTIVE
E005-T000382,E005,E005-AS008,2026-08-03 05:00:00,EDR,953,1000,ACTIVE
E005-T000383,E005,E005-AS008,2026-08-03 06:00:00,EDR,963,1000,ACTIVE
E005-T000384,E005,E005-AS008,2026-08-03 07:00:00,EDR,900,1000,ACTIVE
E005-T000385,E005,E005-AS009,2026-08-01 08:00:00,EDR,992,1000,ACTIVE
E005-T000386,E005,E005-AS009,2026-08-01 09:00:00,EDR,1009,1000,ACTIVE
E005-T000387,E005,E005-AS009,2026-08-01 10:00:00,EDR,1039,1000,ACTIVE
E005-T000388,E005,E005-AS009,2026-08-01 11:00:00,EDR,1046,1000,ACTIVE
E005-T000389,E005,E005-AS009,2026-08-01 12:00:00,EDR,1082,1000,ACTIVE
E005-T000390,E005,E005-AS009,2026-08-01 13:00:00,EDR,921,1000,ACTIVE
E005-T000391,E005,E005-AS009,2026-08-01 14:00:00,EDR,944,1000,ACTIVE
E005-T000392,E005,E005-AS009,2026-08-01 15:00:00,EDR,1084,1000,ACTIVE
E005-T000393,E005,E005-AS009,2026-08-01 16:00:00,EDR,972,1000,ACTIVE
E005-T000394,E005,E005-AS009,2026-08-01 17:00:00,EDR,1068,1000,ACTIVE
E005-T000395,E005,E005-AS009,2026-08-01 18:00:00,EDR,992,1000,ACTIVE
E005-T000396,E005,E005-AS009,2026-08-01 19:00:00,EDR,952,1000,ACTIVE
E005-T000397,E005,E005-AS009,2026-08-01 20:00:00,EDR,1071,1000,ACTIVE
E005-T000398,E005,E005-AS009,2026-08-01 21:00:00,EDR,1059,1000,ACTIVE
E005-T000399,E005,E005-AS009,2026-08-01 22:00:00,EDR,975,1000,ACTIVE
E005-T000400,E005,E005-AS009,2026-08-01 23:00:00,EDR,1070,1000,ACTIVE
E005-T000401,E005,E005-AS009,2026-08-02 00:00:00,EDR,925,1000,ACTIVE
E005-T000402,E005,E005-AS009,2026-08-02 01:00:00,EDR,973,1000,ACTIVE
E005-T000403,E005,E005-AS009,2026-08-02 02:00:00,EDR,955,1000,ACTIVE
E005-T000404,E005,E005-AS009,2026-08-02 03:00:00,EDR,906,1000,ACTIVE
E005-T000405,E005,E005-AS009,2026-08-02 04:00:00,EDR,961,1000,ACTIVE
E005-T000406,E005,E005-AS009,2026-08-02 05:00:00,EDR,998,1000,ACTIVE
E005-T000407,E005,E005-AS009,2026-08-02 06:00:00,EDR,939,1000,ACTIVE
E005-T000408,E005,E005-AS009,2026-08-02 07:00:00,EDR,1009,1000,ACTIVE
E005-T000409,E005,E005-AS009,2026-08-02 08:00:00,EDR,917,1000,ACTIVE
E005-T000410,E005,E005-AS009,2026-08-02 09:00:00,EDR,956,1000,ACTIVE
E005-T000411,E005,E005-AS009,2026-08-02 10:00:00,EDR,905,1000,ACTIVE
E005-T000412,E005,E005-AS009,2026-08-02 11:00:00,EDR,961,1000,ACTIVE
E005-T000413,E005,E005-AS009,2026-08-02 12:00:00,EDR,991,1000,ACTIVE
E005-T000414,E005,E005-AS009,2026-08-02 13:00:00,EDR,919,1000,ACTIVE
E005-T000415,E005,E005-AS009,2026-08-02 14:00:00,EDR,956,1000,ACTIVE
E005-T000416,E005,E005-AS009,2026-08-02 15:00:00,EDR,1025,1000,ACTIVE
E005-T000417,E005,E005-AS009,2026-08-02 16:00:00,EDR,947,1000,ACTIVE
E005-T000418,E005,E005-AS009,2026-08-02 17:00:00,EDR,908,1000,ACTIVE
E005-T000419,E005,E005-AS009,2026-08-02 18:00:00,EDR,933,1000,ACTIVE
E005-T000420,E005,E005-AS009,2026-08-02 19:00:00,EDR,925,1000,ACTIVE
E005-T000421,E005,E005-AS009,2026-08-02 20:00:00,EDR,985,1000,ACTIVE
E005-T000422,E005,E005-AS009,2026-08-02 21:00:00,EDR,990,1000,ACTIVE
E005-T000423,E005,E005-AS009,2026-08-02 22:00:00,EDR,1008,1000,ACTIVE
E005-T000424,E005,E005-AS009,2026-08-02 23:00:00,EDR,966,1000,ACTIVE
E005-T000425,E005,E005-AS009,2026-08-03 00:00:00,EDR,1086,1000,ACTIVE
E005-T000426,E005,E005-AS009,2026-08-03 01:00:00,EDR,1043,1000,ACTIVE
E005-T000427,E005,E005-AS009,2026-08-03 02:00:00,EDR,1076,1000,ACTIVE
E005-T000428,E005,E005-AS009,2026-08-03 03:00:00,EDR,936,1000,ACTIVE
E005-T000429,E005,E005-AS009,2026-08-03 04:00:00,EDR,960,1000,ACTIVE
E005-T000430,E005,E005-AS009,2026-08-03 05:00:00,EDR,915,1000,ACTIVE
E005-T000431,E005,E005-AS009,2026-08-03 06:00:00,EDR,1049,1000,ACTIVE
E005-T000432,E005,E005-AS009,2026-08-03 07:00:00,EDR,937,1000,ACTIVE
E005-T000433,E005,E005-AS010,2026-08-01 08:00:00,EDR,969,1000,ACTIVE
E005-T000434,E005,E005-AS010,2026-08-01 09:00:00,EDR,972,1000,ACTIVE
E005-T000435,E005,E005-AS010,2026-08-01 10:00:00,EDR,950,1000,ACTIVE
E005-T000436,E005,E005-AS010,2026-08-01 11:00:00,EDR,965,1000,ACTIVE
E005-T000437,E005,E005-AS010,2026-08-01 12:00:00,EDR,1006,1000,ACTIVE
E005-T000438,E005,E005-AS010,2026-08-01 13:00:00,EDR,979,1000,ACTIVE
E005-T000439,E005,E005-AS010,2026-08-01 14:00:00,EDR,951,1000,ACTIVE
E005-T000440,E005,E005-AS010,2026-08-01 15:00:00,EDR,964,1000,ACTIVE
E005-T000441,E005,E005-AS010,2026-08-01 16:00:00,EDR,1063,1000,ACTIVE
E005-T000442,E005,E005-AS010,2026-08-01 17:00:00,EDR,986,1000,ACTIVE
E005-T000443,E005,E005-AS010,2026-08-01 18:00:00,EDR,971,1000,ACTIVE
E005-T000444,E005,E005-AS010,2026-08-01 19:00:00,EDR,1023,1000,ACTIVE
E005-T000445,E005,E005-AS010,2026-08-01 20:00:00,EDR,972,1000,ACTIVE
E005-T000446,E005,E005-AS010,2026-08-01 21:00:00,EDR,1013,1000,ACTIVE
E005-T000447,E005,E005-AS010,2026-08-01 22:00:00,EDR,963,1000,ACTIVE
E005-T000448,E005,E005-AS010,2026-08-01 23:00:00,EDR,998,1000,ACTIVE
E005-T000449,E005,E005-AS010,2026-08-02 00:00:00,EDR,1002,1000,ACTIVE
E005-T000450,E005,E005-AS010,2026-08-02 01:00:00,EDR,1007,1000,ACTIVE
E005-T000451,E005,E005-AS010,2026-08-02 02:00:00,EDR,1098,1000,ACTIVE
E005-T000452,E005,E005-AS010,2026-08-02 03:00:00,EDR,977,1000,ACTIVE
E005-T000453,E005,E005-AS010,2026-08-02 04:00:00,EDR,1049,1000,ACTIVE
E005-T000454,E005,E005-AS010,2026-08-02 05:00:00,EDR,1036,1000,ACTIVE
E005-T000455,E005,E005-AS010,2026-08-02 06:00:00,EDR,1087,1000,ACTIVE
E005-T000456,E005,E005-AS010,2026-08-02 07:00:00,EDR,1070,1000,ACTIVE
E005-T000457,E005,E005-AS010,2026-08-02 08:00:00,EDR,1002,1000,ACTIVE
E005-T000458,E005,E005-AS010,2026-08-02 09:00:00,EDR,968,1000,ACTIVE
E005-T000459,E005,E005-AS010,2026-08-02 10:00:00,EDR,1087,1000,ACTIVE
E005-T000460,E005,E005-AS010,2026-08-02 11:00:00,EDR,968,1000,ACTIVE
E005-T000461,E005,E005-AS010,2026-08-02 12:00:00,EDR,936,1000,ACTIVE
E005-T000462,E005,E005-AS010,2026-08-02 13:00:00,EDR,947,1000,ACTIVE
E005-T000463,E005,E005-AS010,2026-08-02 14:00:00,EDR,912,1000,ACTIVE
E005-T000464,E005,E005-AS010,2026-08-02 15:00:00,EDR,1016,1000,ACTIVE
E005-T000465,E005,E005-AS010,2026-08-02 16:00:00,EDR,1055,1000,ACTIVE
E005-T000466,E005,E005-AS010,2026-08-02 17:00:00,EDR,924,1000,ACTIVE
E005-T000467,E005,E005-AS010,2026-08-02 18:00:00,EDR,981,1000,ACTIVE
E005-T000468,E005,E005-AS010,2026-08-02 19:00:00,EDR,1036,1000,ACTIVE
E005-T000469,E005,E005-AS010,2026-08-02 20:00:00,EDR,917,1000,ACTIVE
E005-T000470,E005,E005-AS010,2026-08-02 21:00:00,EDR,1071,1000,ACTIVE
E005-T000471,E005,E005-AS010,2026-08-02 22:00:00,EDR,1072,1000,ACTIVE
E005-T000472,E005,E005-AS010,2026-08-02 23:00:00,EDR,1083,1000,ACTIVE
E005-T000473,E005,E005-AS010,2026-08-03 00:00:00,EDR,958,1000,ACTIVE
E005-T000474,E005,E005-AS010,2026-08-03 01:00:00,EDR,922,1000,ACTIVE
E005-T000475,E005,E005-AS010,2026-08-03 02:00:00,EDR,1004,1000,ACTIVE
E005-T000476,E005,E005-AS010,2026-08-03 03:00:00,EDR,1013,1000,ACTIVE
E005-T000477,E005,E005-AS010,2026-08-03 04:00:00,EDR,934,1000,ACTIVE
E005-T000478,E005,E005-AS010,2026-08-03 05:00:00,EDR,1076,1000,ACTIVE
E005-T000479,E005,E005-AS010,2026-08-03 06:00:00,EDR,1097,1000,ACTIVE
E005-T000480,E005,E005-AS010,2026-08-03 07:00:00,EDR,991,1000,ACTIVE
E005-T000481,E005,E005-AS011,2026-08-01 08:00:00,EDR,996,1000,ACTIVE
E005-T000482,E005,E005-AS011,2026-08-01 09:00:00,EDR,1070,1000,ACTIVE
E005-T000483,E005,E005-AS011,2026-08-01 10:00:00,EDR,1064,1000,ACTIVE
E005-T000484,E005,E005-AS011,2026-08-01 11:00:00,EDR,933,1000,ACTIVE
E005-T000485,E005,E005-AS011,2026-08-01 12:00:00,EDR,1070,1000,ACTIVE
E005-T000486,E005,E005-AS011,2026-08-01 13:00:00,EDR,945,1000,ACTIVE
E005-T000487,E005,E005-AS011,2026-08-01 14:00:00,EDR,1097,1000,ACTIVE
E005-T000488,E005,E005-AS011,2026-08-01 15:00:00,EDR,947,1000,ACTIVE
E005-T000489,E005,E005-AS011,2026-08-01 16:00:00,EDR,968,1000,ACTIVE
E005-T000490,E005,E005-AS011,2026-08-01 17:00:00,EDR,1040,1000,ACTIVE
E005-T000491,E005,E005-AS011,2026-08-01 18:00:00,EDR,993,1000,ACTIVE
E005-T000492,E005,E005-AS011,2026-08-01 19:00:00,EDR,932,1000,ACTIVE
E005-T000493,E005,E005-AS011,2026-08-01 20:00:00,EDR,1032,1000,ACTIVE
E005-T000494,E005,E005-AS011,2026-08-01 21:00:00,EDR,1061,1000,ACTIVE
E005-T000495,E005,E005-AS011,2026-08-01 22:00:00,EDR,1092,1000,ACTIVE
E005-T000496,E005,E005-AS011,2026-08-01 23:00:00,EDR,947,1000,ACTIVE
E005-T000497,E005,E005-AS011,2026-08-02 00:00:00,EDR,982,1000,ACTIVE
E005-T000498,E005,E005-AS011,2026-08-02 01:00:00,EDR,1000,1000,ACTIVE
E005-T000499,E005,E005-AS011,2026-08-02 02:00:00,EDR,962,1000,ACTIVE
E005-T000500,E005,E005-AS011,2026-08-02 03:00:00,EDR,964,1000,ACTIVE
E005-T000501,E005,E005-AS011,2026-08-02 04:00:00,EDR,992,1000,ACTIVE
E005-T000502,E005,E005-AS011,2026-08-02 05:00:00,EDR,1036,1000,ACTIVE
E005-T000503,E005,E005-AS011,2026-08-02 06:00:00,EDR,1038,1000,ACTIVE
E005-T000504,E005,E005-AS011,2026-08-02 07:00:00,EDR,958,1000,ACTIVE
E005-T000505,E005,E005-AS011,2026-08-02 08:00:00,EDR,1053,1000,ACTIVE
E005-T000506,E005,E005-AS011,2026-08-02 09:00:00,EDR,1053,1000,ACTIVE
E005-T000507,E005,E005-AS011,2026-08-02 10:00:00,EDR,927,1000,ACTIVE
E005-T000508,E005,E005-AS011,2026-08-02 11:00:00,EDR,924,1000,ACTIVE
E005-T000509,E005,E005-AS011,2026-08-02 12:00:00,EDR,1036,1000,ACTIVE
E005-T000510,E005,E005-AS011,2026-08-02 13:00:00,EDR,1026,1000,ACTIVE
E005-T000511,E005,E005-AS011,2026-08-02 14:00:00,EDR,1092,1000,ACTIVE
E005-T000512,E005,E005-AS011,2026-08-02 15:00:00,EDR,982,1000,ACTIVE
E005-T000513,E005,E005-AS011,2026-08-02 16:00:00,EDR,931,1000,ACTIVE
E005-T000514,E005,E005-AS011,2026-08-02 17:00:00,EDR,1098,1000,ACTIVE
E005-T000515,E005,E005-AS011,2026-08-02 18:00:00,EDR,959,1000,ACTIVE
E005-T000516,E005,E005-AS011,2026-08-02 19:00:00,EDR,977,1000,ACTIVE
E005-T000517,E005,E005-AS011,2026-08-02 20:00:00,EDR,1082,1000,ACTIVE
E005-T000518,E005,E005-AS011,2026-08-02 21:00:00,EDR,1082,1000,ACTIVE
E005-T000519,E005,E005-AS011,2026-08-02 22:00:00,EDR,928,1000,ACTIVE
E005-T000520,E005,E005-AS011,2026-08-02 23:00:00,EDR,1001,1000,ACTIVE
E005-T000521,E005,E005-AS011,2026-08-03 00:00:00,EDR,1067,1000,ACTIVE
E005-T000522,E005,E005-AS011,2026-08-03 01:00:00,EDR,932,1000,ACTIVE
E005-T000523,E005,E005-AS011,2026-08-03 02:00:00,EDR,1031,1000,ACTIVE
E005-T000524,E005,E005-AS011,2026-08-03 03:00:00,EDR,1077,1000,ACTIVE
E005-T000525,E005,E005-AS011,2026-08-03 04:00:00,EDR,911,1000,ACTIVE
E005-T000526,E005,E005-AS011,2026-08-03 05:00:00,EDR,1054,1000,ACTIVE
E005-T000527,E005,E005-AS011,2026-08-03 06:00:00,EDR,930,1000,ACTIVE
E005-T000528,E005,E005-AS011,2026-08-03 07:00:00,EDR,972,1000,ACTIVE
E005-T000529,E005,E005-AS012,2026-08-01 08:00:00,EDR,930,1000,ACTIVE
E005-T000530,E005,E005-AS012,2026-08-01 09:00:00,EDR,1062,1000,ACTIVE
E005-T000531,E005,E005-AS012,2026-08-01 10:00:00,EDR,996,1000,ACTIVE
E005-T000532,E005,E005-AS012,2026-08-01 11:00:00,EDR,998,1000,ACTIVE
E005-T000533,E005,E005-AS012,2026-08-01 12:00:00,EDR,977,1000,ACTIVE
E005-T000534,E005,E005-AS012,2026-08-01 13:00:00,EDR,1061,1000,ACTIVE
E005-T000535,E005,E005-AS012,2026-08-01 14:00:00,EDR,991,1000,ACTIVE
E005-T000536,E005,E005-AS012,2026-08-01 15:00:00,EDR,986,1000,ACTIVE
E005-T000537,E005,E005-AS012,2026-08-01 16:00:00,EDR,964,1000,ACTIVE
E005-T000538,E005,E005-AS012,2026-08-01 17:00:00,EDR,1029,1000,ACTIVE
E005-T000539,E005,E005-AS012,2026-08-01 18:00:00,EDR,1047,1000,ACTIVE
E005-T000540,E005,E005-AS012,2026-08-01 19:00:00,EDR,1087,1000,ACTIVE
E005-T000541,E005,E005-AS012,2026-08-01 20:00:00,EDR,1049,1000,ACTIVE
E005-T000542,E005,E005-AS012,2026-08-01 21:00:00,EDR,1026,1000,ACTIVE
E005-T000543,E005,E005-AS012,2026-08-01 22:00:00,EDR,1007,1000,ACTIVE
E005-T000544,E005,E005-AS012,2026-08-01 23:00:00,EDR,1078,1000,ACTIVE
E005-T000545,E005,E005-AS012,2026-08-02 00:00:00,EDR,927,1000,ACTIVE
E005-T000546,E005,E005-AS012,2026-08-02 01:00:00,EDR,928,1000,ACTIVE
E005-T000547,E005,E005-AS012,2026-08-02 02:00:00,EDR,914,1000,ACTIVE
E005-T000548,E005,E005-AS012,2026-08-02 03:00:00,EDR,904,1000,ACTIVE
E005-T000549,E005,E005-AS012,2026-08-02 04:00:00,EDR,1058,1000,ACTIVE
E005-T000550,E005,E005-AS012,2026-08-02 05:00:00,EDR,1031,1000,ACTIVE
E005-T000551,E005,E005-AS012,2026-08-02 06:00:00,EDR,981,1000,ACTIVE
E005-T000552,E005,E005-AS012,2026-08-02 07:00:00,EDR,900,1000,ACTIVE
E005-T000553,E005,E005-AS012,2026-08-02 08:00:00,EDR,942,1000,ACTIVE
E005-T000554,E005,E005-AS012,2026-08-02 09:00:00,EDR,1041,1000,ACTIVE
E005-T000555,E005,E005-AS012,2026-08-02 10:00:00,EDR,983,1000,ACTIVE
E005-T000556,E005,E005-AS012,2026-08-02 11:00:00,EDR,1097,1000,ACTIVE
E005-T000557,E005,E005-AS012,2026-08-02 12:00:00,EDR,943,1000,ACTIVE
E005-T000558,E005,E005-AS012,2026-08-02 13:00:00,EDR,1005,1000,ACTIVE
E005-T000559,E005,E005-AS012,2026-08-02 14:00:00,EDR,1051,1000,ACTIVE
E005-T000560,E005,E005-AS012,2026-08-02 15:00:00,EDR,1017,1000,ACTIVE
E005-T000561,E005,E005-AS012,2026-08-02 16:00:00,EDR,1051,1000,ACTIVE
E005-T000562,E005,E005-AS012,2026-08-02 17:00:00,EDR,1048,1000,ACTIVE
E005-T000563,E005,E005-AS012,2026-08-02 18:00:00,EDR,1093,1000,ACTIVE
E005-T000564,E005,E005-AS012,2026-08-02 19:00:00,EDR,1076,1000,ACTIVE
E005-T000565,E005,E005-AS012,2026-08-02 20:00:00,EDR,1088,1000,ACTIVE
E005-T000566,E005,E005-AS012,2026-08-02 21:00:00,EDR,962,1000,ACTIVE
E005-T000567,E005,E005-AS012,2026-08-02 22:00:00,EDR,980,1000,ACTIVE
E005-T000568,E005,E005-AS012,2026-08-02 23:00:00,EDR,1002,1000,ACTIVE
E005-T000569,E005,E005-AS012,2026-08-03 00:00:00,EDR,996,1000,ACTIVE
E005-T000570,E005,E005-AS012,2026-08-03 01:00:00,EDR,1058,1000,ACTIVE
E005-T000571,E005,E005-AS012,2026-08-03 02:00:00,EDR,959,1000,ACTIVE
E005-T000572,E005,E005-AS012,2026-08-03 03:00:00,EDR,928,1000,ACTIVE
E005-T000573,E005,E005-AS012,2026-08-03 04:00:00,EDR,1019,1000,ACTIVE
E005-T000574,E005,E005-AS012,2026-08-03 05:00:00,EDR,1093,1000,ACTIVE
E005-T000575,E005,E005-AS012,2026-08-03 06:00:00,EDR,1054,1000,ACTIVE
E005-T000576,E005,E005-AS012,2026-08-03 07:00:00,EDR,1002,1000,ACTIVE
E005-T000577,E005,E005-AS013,2026-08-01 08:00:00,EDR,1008,1000,ACTIVE
E005-T000578,E005,E005-AS013,2026-08-01 09:00:00,EDR,997,1000,ACTIVE
E005-T000579,E005,E005-AS013,2026-08-01 10:00:00,EDR,920,1000,ACTIVE
E005-T000580,E005,E005-AS013,2026-08-01 11:00:00,EDR,1059,1000,ACTIVE
E005-T000581,E005,E005-AS013,2026-08-01 12:00:00,EDR,1088,1000,ACTIVE
E005-T000582,E005,E005-AS013,2026-08-01 13:00:00,EDR,904,1000,ACTIVE
E005-T000583,E005,E005-AS013,2026-08-01 14:00:00,EDR,1078,1000,ACTIVE
E005-T000584,E005,E005-AS013,2026-08-01 15:00:00,EDR,977,1000,ACTIVE
E005-T000585,E005,E005-AS013,2026-08-01 16:00:00,EDR,1079,1000,ACTIVE
E005-T000586,E005,E005-AS013,2026-08-01 17:00:00,EDR,1016,1000,ACTIVE
E005-T000587,E005,E005-AS013,2026-08-01 18:00:00,EDR,1034,1000,ACTIVE
E005-T000588,E005,E005-AS013,2026-08-01 19:00:00,EDR,908,1000,ACTIVE
E005-T000589,E005,E005-AS013,2026-08-01 20:00:00,EDR,994,1000,ACTIVE
E005-T000590,E005,E005-AS013,2026-08-01 21:00:00,EDR,993,1000,ACTIVE
E005-T000591,E005,E005-AS013,2026-08-01 22:00:00,EDR,903,1000,ACTIVE
E005-T000592,E005,E005-AS013,2026-08-01 23:00:00,EDR,1087,1000,ACTIVE
E005-T000593,E005,E005-AS013,2026-08-02 00:00:00,EDR,936,1000,ACTIVE
E005-T000594,E005,E005-AS013,2026-08-02 01:00:00,EDR,1061,1000,ACTIVE
E005-T000595,E005,E005-AS013,2026-08-02 02:00:00,EDR,980,1000,ACTIVE
E005-T000596,E005,E005-AS013,2026-08-02 03:00:00,EDR,1092,1000,ACTIVE
E005-T000597,E005,E005-AS013,2026-08-02 04:00:00,EDR,991,1000,ACTIVE
E005-T000598,E005,E005-AS013,2026-08-02 05:00:00,EDR,1100,1000,ACTIVE
E005-T000599,E005,E005-AS013,2026-08-02 06:00:00,EDR,921,1000,ACTIVE
E005-T000600,E005,E005-AS013,2026-08-02 07:00:00,EDR,928,1000,ACTIVE
E005-T000601,E005,E005-AS013,2026-08-02 08:00:00,EDR,973,1000,ACTIVE
E005-T000602,E005,E005-AS013,2026-08-02 09:00:00,EDR,1063,1000,ACTIVE
E005-T000603,E005,E005-AS013,2026-08-02 10:00:00,EDR,928,1000,ACTIVE
E005-T000604,E005,E005-AS013,2026-08-02 11:00:00,EDR,995,1000,ACTIVE
E005-T000605,E005,E005-AS013,2026-08-02 12:00:00,EDR,1059,1000,ACTIVE
E005-T000606,E005,E005-AS013,2026-08-02 13:00:00,EDR,1045,1000,ACTIVE
E005-T000607,E005,E005-AS013,2026-08-02 14:00:00,EDR,1024,1000,ACTIVE
E005-T000608,E005,E005-AS013,2026-08-02 15:00:00,EDR,902,1000,ACTIVE
E005-T000609,E005,E005-AS013,2026-08-02 16:00:00,EDR,1039,1000,ACTIVE
E005-T000610,E005,E005-AS013,2026-08-02 17:00:00,EDR,1059,1000,ACTIVE
E005-T000611,E005,E005-AS013,2026-08-02 18:00:00,EDR,1076,1000,ACTIVE
E005-T000612,E005,E005-AS013,2026-08-02 19:00:00,EDR,1046,1000,ACTIVE
E005-T000613,E005,E005-AS013,2026-08-02 20:00:00,EDR,954,1000,ACTIVE
E005-T000614,E005,E005-AS013,2026-08-02 21:00:00,EDR,919,1000,ACTIVE
E005-T000615,E005,E005-AS013,2026-08-02 22:00:00,EDR,947,1000,ACTIVE
E005-T000616,E005,E005-AS013,2026-08-02 23:00:00,EDR,975,1000,ACTIVE
E005-T000617,E005,E005-AS013,2026-08-03 00:00:00,EDR,914,1000,ACTIVE
E005-T000618,E005,E005-AS013,2026-08-03 01:00:00,EDR,952,1000,ACTIVE
E005-T000619,E005,E005-AS013,2026-08-03 02:00:00,EDR,1087,1000,ACTIVE
E005-T000620,E005,E005-AS013,2026-08-03 03:00:00,EDR,922,1000,ACTIVE
E005-T000621,E005,E005-AS013,2026-08-03 04:00:00,EDR,1047,1000,ACTIVE
E005-T000622,E005,E005-AS013,2026-08-03 05:00:00,EDR,916,1000,ACTIVE
E005-T000623,E005,E005-AS013,2026-08-03 06:00:00,EDR,1050,1000,ACTIVE
E005-T000624,E005,E005-AS013,2026-08-03 07:00:00,EDR,971,1000,ACTIVE
E005-T000625,E005,E005-AS014,2026-08-01 08:00:00,EDR,1078,1000,ACTIVE
E005-T000626,E005,E005-AS014,2026-08-01 09:00:00,EDR,1038,1000,ACTIVE
E005-T000627,E005,E005-AS014,2026-08-01 10:00:00,EDR,970,1000,ACTIVE
E005-T000628,E005,E005-AS014,2026-08-01 11:00:00,EDR,938,1000,ACTIVE
E005-T000629,E005,E005-AS014,2026-08-01 12:00:00,EDR,1074,1000,ACTIVE
E005-T000630,E005,E005-AS014,2026-08-01 13:00:00,EDR,974,1000,ACTIVE
E005-T000631,E005,E005-AS014,2026-08-01 14:00:00,EDR,1015,1000,ACTIVE
E005-T000632,E005,E005-AS014,2026-08-01 15:00:00,EDR,960,1000,ACTIVE
E005-T000633,E005,E005-AS014,2026-08-01 16:00:00,EDR,957,1000,ACTIVE
E005-T000634,E005,E005-AS014,2026-08-01 17:00:00,EDR,1005,1000,ACTIVE
E005-T000635,E005,E005-AS014,2026-08-01 18:00:00,EDR,917,1000,ACTIVE
E005-T000636,E005,E005-AS014,2026-08-01 19:00:00,EDR,1035,1000,ACTIVE
E005-T000637,E005,E005-AS014,2026-08-01 20:00:00,EDR,1019,1000,ACTIVE
E005-T000638,E005,E005-AS014,2026-08-01 21:00:00,EDR,914,1000,ACTIVE
E005-T000639,E005,E005-AS014,2026-08-01 22:00:00,EDR,1078,1000,ACTIVE
E005-T000640,E005,E005-AS014,2026-08-01 23:00:00,EDR,1050,1000,ACTIVE
E005-T000641,E005,E005-AS014,2026-08-02 00:00:00,EDR,1087,1000,ACTIVE
E005-T000642,E005,E005-AS014,2026-08-02 01:00:00,EDR,1037,1000,ACTIVE
E005-T000643,E005,E005-AS014,2026-08-02 02:00:00,EDR,936,1000,ACTIVE
E005-T000644,E005,E005-AS014,2026-08-02 03:00:00,EDR,1024,1000,ACTIVE
E005-T000645,E005,E005-AS014,2026-08-02 04:00:00,EDR,1099,1000,ACTIVE
E005-T000646,E005,E005-AS014,2026-08-02 05:00:00,EDR,945,1000,ACTIVE
E005-T000647,E005,E005-AS014,2026-08-02 06:00:00,EDR,1060,1000,ACTIVE
E005-T000648,E005,E005-AS014,2026-08-02 07:00:00,EDR,974,1000,ACTIVE
E005-T000649,E005,E005-AS014,2026-08-02 08:00:00,EDR,977,1000,ACTIVE
E005-T000650,E005,E005-AS014,2026-08-02 09:00:00,EDR,1073,1000,ACTIVE
E005-T000651,E005,E005-AS014,2026-08-02 10:00:00,EDR,1034,1000,ACTIVE
E005-T000652,E005,E005-AS014,2026-08-02 11:00:00,EDR,910,1000,ACTIVE
E005-T000653,E005,E005-AS014,2026-08-02 12:00:00,EDR,910,1000,ACTIVE
E005-T000654,E005,E005-AS014,2026-08-02 13:00:00,EDR,1092,1000,ACTIVE
E005-T000655,E005,E005-AS014,2026-08-02 14:00:00,EDR,916,1000,ACTIVE
E005-T000656,E005,E005-AS014,2026-08-02 15:00:00,EDR,974,1000,ACTIVE
E005-T000657,E005,E005-AS014,2026-08-02 16:00:00,EDR,1037,1000,ACTIVE
E005-T000658,E005,E005-AS014,2026-08-02 17:00:00,EDR,942,1000,ACTIVE
E005-T000659,E005,E005-AS014,2026-08-02 18:00:00,EDR,1035,1000,ACTIVE
E005-T000660,E005,E005-AS014,2026-08-02 19:00:00,EDR,1092,1000,ACTIVE
E005-T000661,E005,E005-AS014,2026-08-02 20:00:00,EDR,1033,1000,ACTIVE
E005-T000662,E005,E005-AS014,2026-08-02 21:00:00,EDR,1031,1000,ACTIVE
E005-T000663,E005,E005-AS014,2026-08-02 22:00:00,EDR,1056,1000,ACTIVE
E005-T000664,E005,E005-AS014,2026-08-02 23:00:00,EDR,1014,1000,ACTIVE
E005-T000665,E005,E005-AS014,2026-08-03 00:00:00,EDR,1048,1000,ACTIVE
E005-T000666,E005,E005-AS014,2026-08-03 01:00:00,EDR,932,1000,ACTIVE
E005-T000667,E005,E005-AS014,2026-08-03 02:00:00,EDR,987,1000,ACTIVE
E005-T000668,E005,E005-AS014,2026-08-03 03:00:00,EDR,1039,1000,ACTIVE
E005-T000669,E005,E005-AS014,2026-08-03 04:00:00,EDR,980,1000,ACTIVE
E005-T000670,E005,E005-AS014,2026-08-03 05:00:00,EDR,1034,1000,ACTIVE
E005-T000671,E005,E005-AS014,2026-08-03 06:00:00,EDR,996,1000,ACTIVE
E005-T000672,E005,E005-AS014,2026-08-03 07:00:00,EDR,912,1000,ACTIVE
E005-T000673,E005,E005-AS015,2026-08-01 08:00:00,EDR,1091,1000,ACTIVE
E005-T000674,E005,E005-AS015,2026-08-01 09:00:00,EDR,1053,1000,ACTIVE
E005-T000675,E005,E005-AS015,2026-08-01 10:00:00,EDR,1037,1000,ACTIVE
E005-T000676,E005,E005-AS015,2026-08-01 11:00:00,EDR,1035,1000,ACTIVE
E005-T000677,E005,E005-AS015,2026-08-01 12:00:00,EDR,983,1000,ACTIVE
E005-T000678,E005,E005-AS015,2026-08-01 13:00:00,EDR,992,1000,ACTIVE
E005-T000679,E005,E005-AS015,2026-08-01 14:00:00,EDR,1024,1000,ACTIVE
E005-T000680,E005,E005-AS015,2026-08-01 15:00:00,EDR,1084,1000,ACTIVE
E005-T000681,E005,E005-AS015,2026-08-01 16:00:00,EDR,930,1000,ACTIVE
E005-T000682,E005,E005-AS015,2026-08-01 17:00:00,EDR,930,1000,ACTIVE
E005-T000683,E005,E005-AS015,2026-08-01 18:00:00,EDR,940,1000,ACTIVE
E005-T000684,E005,E005-AS015,2026-08-01 19:00:00,EDR,1068,1000,ACTIVE
E005-T000685,E005,E005-AS015,2026-08-01 20:00:00,EDR,1081,1000,ACTIVE
E005-T000686,E005,E005-AS015,2026-08-01 21:00:00,EDR,1055,1000,ACTIVE
E005-T000687,E005,E005-AS015,2026-08-01 22:00:00,EDR,1049,1000,ACTIVE
E005-T000688,E005,E005-AS015,2026-08-01 23:00:00,EDR,1097,1000,ACTIVE
E005-T000689,E005,E005-AS015,2026-08-02 00:00:00,EDR,1086,1000,ACTIVE
E005-T000690,E005,E005-AS015,2026-08-02 01:00:00,EDR,1083,1000,ACTIVE
E005-T000691,E005,E005-AS015,2026-08-02 02:00:00,EDR,1070,1000,ACTIVE
E005-T000692,E005,E005-AS015,2026-08-02 03:00:00,EDR,1076,1000,ACTIVE
E005-T000693,E005,E005-AS015,2026-08-02 04:00:00,EDR,946,1000,ACTIVE
E005-T000694,E005,E005-AS015,2026-08-02 05:00:00,EDR,1025,1000,ACTIVE
E005-T000695,E005,E005-AS015,2026-08-02 06:00:00,EDR,1076,1000,ACTIVE
E005-T000696,E005,E005-AS015,2026-08-02 07:00:00,EDR,1079,1000,ACTIVE
E005-T000697,E005,E005-AS015,2026-08-02 08:00:00,EDR,934,1000,ACTIVE
E005-T000698,E005,E005-AS015,2026-08-02 09:00:00,EDR,1096,1000,ACTIVE
E005-T000699,E005,E005-AS015,2026-08-02 10:00:00,EDR,1051,1000,ACTIVE
E005-T000700,E005,E005-AS015,2026-08-02 11:00:00,EDR,1082,1000,ACTIVE
E005-T000701,E005,E005-AS015,2026-08-02 12:00:00,EDR,907,1000,ACTIVE
E005-T000702,E005,E005-AS015,2026-08-02 13:00:00,EDR,985,1000,ACTIVE
E005-T000703,E005,E005-AS015,2026-08-02 14:00:00,EDR,1061,1000,ACTIVE
E005-T000704,E005,E005-AS015,2026-08-02 15:00:00,EDR,1079,1000,ACTIVE
E005-T000705,E005,E005-AS015,2026-08-02 16:00:00,EDR,903,1000,ACTIVE
E005-T000706,E005,E005-AS015,2026-08-02 17:00:00,EDR,1092,1000,ACTIVE
E005-T000707,E005,E005-AS015,2026-08-02 18:00:00,EDR,966,1000,ACTIVE
E005-T000708,E005,E005-AS015,2026-08-02 19:00:00,EDR,1012,1000,ACTIVE
E005-T000709,E005,E005-AS015,2026-08-02 20:00:00,EDR,969,1000,ACTIVE
E005-T000710,E005,E005-AS015,2026-08-02 21:00:00,EDR,1054,1000,ACTIVE
E005-T000711,E005,E005-AS015,2026-08-02 22:00:00,EDR,944,1000,ACTIVE
E005-T000712,E005,E005-AS015,2026-08-02 23:00:00,EDR,1060,1000,ACTIVE
E005-T000713,E005,E005-AS015,2026-08-03 00:00:00,EDR,1028,1000,ACTIVE
E005-T000714,E005,E005-AS015,2026-08-03 01:00:00,EDR,1080,1000,ACTIVE
E005-T000715,E005,E005-AS015,2026-08-03 02:00:00,EDR,944,1000,ACTIVE
E005-T000716,E005,E005-AS015,2026-08-03 03:00:00,EDR,1014,1000,ACTIVE
E005-T000717,E005,E005-AS015,2026-08-03 04:00:00,EDR,949,1000,ACTIVE
E005-T000718,E005,E005-AS015,2026-08-03 05:00:00,EDR,968,1000,ACTIVE
E005-T000719,E005,E005-AS015,2026-08-03 06:00:00,EDR,981,1000,ACTIVE
E005-T000720,E005,E005-AS015,2026-08-03 07:00:00,EDR,1013,1000,ACTIVE
E005-T000721,E005,E005-AS016,2026-08-01 08:00:00,EDR,982,1000,ACTIVE
E005-T000722,E005,E005-AS016,2026-08-01 09:00:00,EDR,1053,1000,ACTIVE
E005-T000723,E005,E005-AS016,2026-08-01 10:00:00,EDR,1004,1000,ACTIVE
E005-T000724,E005,E005-AS016,2026-08-01 11:00:00,EDR,1017,1000,ACTIVE
E005-T000725,E005,E005-AS016,2026-08-01 12:00:00,EDR,986,1000,ACTIVE
E005-T000726,E005,E005-AS016,2026-08-01 13:00:00,EDR,1077,1000,ACTIVE
E005-T000727,E005,E005-AS016,2026-08-01 14:00:00,EDR,955,1000,ACTIVE
E005-T000728,E005,E005-AS016,2026-08-01 15:00:00,EDR,1052,1000,ACTIVE
E005-T000729,E005,E005-AS016,2026-08-01 16:00:00,EDR,918,1000,ACTIVE
E005-T000730,E005,E005-AS016,2026-08-01 17:00:00,EDR,1087,1000,ACTIVE
E005-T000731,E005,E005-AS016,2026-08-01 18:00:00,EDR,917,1000,ACTIVE
E005-T000732,E005,E005-AS016,2026-08-01 19:00:00,EDR,1051,1000,ACTIVE
E005-T000733,E005,E005-AS016,2026-08-01 20:00:00,EDR,1000,1000,ACTIVE
E005-T000734,E005,E005-AS016,2026-08-01 21:00:00,EDR,947,1000,ACTIVE
E005-T000735,E005,E005-AS016,2026-08-01 22:00:00,EDR,1049,1000,ACTIVE
E005-T000736,E005,E005-AS016,2026-08-01 23:00:00,EDR,935,1000,ACTIVE
E005-T000737,E005,E005-AS016,2026-08-02 00:00:00,EDR,903,1000,ACTIVE
E005-T000738,E005,E005-AS016,2026-08-02 01:00:00,EDR,1035,1000,ACTIVE
E005-T000739,E005,E005-AS016,2026-08-02 02:00:00,EDR,1003,1000,ACTIVE
E005-T000740,E005,E005-AS016,2026-08-02 03:00:00,EDR,963,1000,ACTIVE
E005-T000741,E005,E005-AS016,2026-08-02 04:00:00,EDR,989,1000,ACTIVE
E005-T000742,E005,E005-AS016,2026-08-02 05:00:00,EDR,1094,1000,ACTIVE
E005-T000743,E005,E005-AS016,2026-08-02 06:00:00,EDR,930,1000,ACTIVE
E005-T000744,E005,E005-AS016,2026-08-02 07:00:00,EDR,1062,1000,ACTIVE
E005-T000745,E005,E005-AS016,2026-08-02 08:00:00,EDR,1013,1000,ACTIVE
E005-T000746,E005,E005-AS016,2026-08-02 09:00:00,EDR,952,1000,ACTIVE
E005-T000747,E005,E005-AS016,2026-08-02 10:00:00,EDR,956,1000,ACTIVE
E005-T000748,E005,E005-AS016,2026-08-02 11:00:00,EDR,1040,1000,ACTIVE
E005-T000749,E005,E005-AS016,2026-08-02 12:00:00,EDR,900,1000,ACTIVE
E005-T000750,E005,E005-AS016,2026-08-02 13:00:00,EDR,1088,1000,ACTIVE
E005-T000751,E005,E005-AS016,2026-08-02 14:00:00,EDR,1006,1000,ACTIVE
E005-T000752,E005,E005-AS016,2026-08-02 15:00:00,EDR,1069,1000,ACTIVE
E005-T000753,E005,E005-AS016,2026-08-02 16:00:00,EDR,1034,1000,ACTIVE
E005-T000754,E005,E005-AS016,2026-08-02 17:00:00,EDR,1082,1000,ACTIVE
E005-T000755,E005,E005-AS016,2026-08-02 18:00:00,EDR,930,1000,ACTIVE
E005-T000756,E005,E005-AS016,2026-08-02 19:00:00,EDR,1060,1000,ACTIVE
E005-T000757,E005,E005-AS016,2026-08-02 20:00:00,EDR,935,1000,ACTIVE
E005-T000758,E005,E005-AS016,2026-08-02 21:00:00,EDR,966,1000,ACTIVE
E005-T000759,E005,E005-AS016,2026-08-02 22:00:00,EDR,1081,1000,ACTIVE
E005-T000760,E005,E005-AS016,2026-08-02 23:00:00,EDR,1017,1000,ACTIVE
E005-T000761,E005,E005-AS016,2026-08-03 00:00:00,EDR,900,1000,ACTIVE
E005-T000762,E005,E005-AS016,2026-08-03 01:00:00,EDR,1052,1000,ACTIVE
E005-T000763,E005,E005-AS016,2026-08-03 02:00:00,EDR,974,1000,ACTIVE
E005-T000764,E005,E005-AS016,2026-08-03 03:00:00,EDR,1000,1000,ACTIVE
E005-T000765,E005,E005-AS016,2026-08-03 04:00:00,EDR,916,1000,ACTIVE
E005-T000766,E005,E005-AS016,2026-08-03 05:00:00,EDR,1031,1000,ACTIVE
E005-T000767,E005,E005-AS016,2026-08-03 06:00:00,EDR,1099,1000,ACTIVE
E005-T000768,E005,E005-AS016,2026-08-03 07:00:00,EDR,946,1000,ACTIVE
E005-T000769,E005,E005-AS017,2026-08-01 08:00:00,EDR,1038,1000,ACTIVE
E005-T000770,E005,E005-AS017,2026-08-01 09:00:00,EDR,1044,1000,ACTIVE
E005-T000771,E005,E005-AS017,2026-08-01 10:00:00,EDR,1038,1000,ACTIVE
E005-T000772,E005,E005-AS017,2026-08-01 11:00:00,EDR,1098,1000,ACTIVE
E005-T000773,E005,E005-AS017,2026-08-01 12:00:00,EDR,989,1000,ACTIVE
E005-T000774,E005,E005-AS017,2026-08-01 13:00:00,EDR,1043,1000,ACTIVE
E005-T000775,E005,E005-AS017,2026-08-01 14:00:00,EDR,931,1000,ACTIVE
E005-T000776,E005,E005-AS017,2026-08-01 15:00:00,EDR,930,1000,ACTIVE
E005-T000777,E005,E005-AS017,2026-08-01 16:00:00,EDR,966,1000,ACTIVE
E005-T000778,E005,E005-AS017,2026-08-01 17:00:00,EDR,1025,1000,ACTIVE
E005-T000779,E005,E005-AS017,2026-08-01 18:00:00,EDR,1078,1000,ACTIVE
E005-T000780,E005,E005-AS017,2026-08-01 19:00:00,EDR,1005,1000,ACTIVE
E005-T000781,E005,E005-AS017,2026-08-01 20:00:00,EDR,967,1000,ACTIVE
E005-T000782,E005,E005-AS017,2026-08-01 21:00:00,EDR,909,1000,ACTIVE
E005-T000783,E005,E005-AS017,2026-08-01 22:00:00,EDR,1033,1000,ACTIVE
E005-T000784,E005,E005-AS017,2026-08-01 23:00:00,EDR,1077,1000,ACTIVE
E005-T000785,E005,E005-AS017,2026-08-02 00:00:00,EDR,919,1000,ACTIVE
E005-T000786,E005,E005-AS017,2026-08-02 01:00:00,EDR,1033,1000,ACTIVE
E005-T000787,E005,E005-AS017,2026-08-02 02:00:00,EDR,958,1000,ACTIVE
E005-T000788,E005,E005-AS017,2026-08-02 03:00:00,EDR,1065,1000,ACTIVE
E005-T000789,E005,E005-AS017,2026-08-02 04:00:00,EDR,1078,1000,ACTIVE
E005-T000790,E005,E005-AS017,2026-08-02 05:00:00,EDR,914,1000,ACTIVE
E005-T000791,E005,E005-AS017,2026-08-02 06:00:00,EDR,1042,1000,ACTIVE
E005-T000792,E005,E005-AS017,2026-08-02 07:00:00,EDR,1028,1000,ACTIVE
E005-T000793,E005,E005-AS017,2026-08-02 08:00:00,EDR,903,1000,ACTIVE
E005-T000794,E005,E005-AS017,2026-08-02 09:00:00,EDR,1052,1000,ACTIVE
E005-T000795,E005,E005-AS017,2026-08-02 10:00:00,EDR,1078,1000,ACTIVE
E005-T000796,E005,E005-AS017,2026-08-02 11:00:00,EDR,1093,1000,ACTIVE
E005-T000797,E005,E005-AS017,2026-08-02 12:00:00,EDR,945,1000,ACTIVE
E005-T000798,E005,E005-AS017,2026-08-02 13:00:00,EDR,924,1000,ACTIVE
E005-T000799,E005,E005-AS017,2026-08-02 14:00:00,EDR,981,1000,ACTIVE
E005-T000800,E005,E005-AS017,2026-08-02 15:00:00,EDR,962,1000,ACTIVE
E005-T000801,E005,E005-AS017,2026-08-02 16:00:00,EDR,1014,1000,ACTIVE
E005-T000802,E005,E005-AS017,2026-08-02 17:00:00,EDR,1076,1000,ACTIVE
E005-T000803,E005,E005-AS017,2026-08-02 18:00:00,EDR,1028,1000,ACTIVE
E005-T000804,E005,E005-AS017,2026-08-02 19:00:00,EDR,932,1000,ACTIVE
E005-T000805,E005,E005-AS017,2026-08-02 20:00:00,EDR,1052,1000,ACTIVE
E005-T000806,E005,E005-AS017,2026-08-02 21:00:00,EDR,1001,1000,ACTIVE
E005-T000807,E005,E005-AS017,2026-08-02 22:00:00,EDR,936,1000,ACTIVE
E005-T000808,E005,E005-AS017,2026-08-02 23:00:00,EDR,1018,1000,ACTIVE
E005-T000809,E005,E005-AS017,2026-08-03 00:00:00,EDR,981,1000,ACTIVE
E005-T000810,E005,E005-AS017,2026-08-03 01:00:00,EDR,916,1000,ACTIVE
E005-T000811,E005,E005-AS017,2026-08-03 02:00:00,EDR,1094,1000,ACTIVE
E005-T000812,E005,E005-AS017,2026-08-03 03:00:00,EDR,969,1000,ACTIVE
E005-T000813,E005,E005-AS017,2026-08-03 04:00:00,EDR,1060,1000,ACTIVE
E005-T000814,E005,E005-AS017,2026-08-03 05:00:00,EDR,1057,1000,ACTIVE
E005-T000815,E005,E005-AS017,2026-08-03 06:00:00,EDR,1080,1000,ACTIVE
E005-T000816,E005,E005-AS017,2026-08-03 07:00:00,EDR,994,1000,ACTIVE
E005-T000817,E005,E005-AS018,2026-08-01 08:00:00,EDR,948,1000,ACTIVE
E005-T000818,E005,E005-AS018,2026-08-01 09:00:00,EDR,1028,1000,ACTIVE
E005-T000819,E005,E005-AS018,2026-08-01 10:00:00,EDR,923,1000,ACTIVE
E005-T000820,E005,E005-AS018,2026-08-01 11:00:00,EDR,1032,1000,ACTIVE
E005-T000821,E005,E005-AS018,2026-08-01 12:00:00,EDR,968,1000,ACTIVE
E005-T000822,E005,E005-AS018,2026-08-01 13:00:00,EDR,1022,1000,ACTIVE
E005-T000823,E005,E005-AS018,2026-08-01 14:00:00,EDR,976,1000,ACTIVE
E005-T000824,E005,E005-AS018,2026-08-01 15:00:00,EDR,1047,1000,ACTIVE
E005-T000825,E005,E005-AS018,2026-08-01 16:00:00,EDR,916,1000,ACTIVE
E005-T000826,E005,E005-AS018,2026-08-01 17:00:00,EDR,908,1000,ACTIVE
E005-T000827,E005,E005-AS018,2026-08-01 18:00:00,EDR,1073,1000,ACTIVE
E005-T000828,E005,E005-AS018,2026-08-01 19:00:00,EDR,961,1000,ACTIVE
E005-T000829,E005,E005-AS018,2026-08-01 20:00:00,EDR,1077,1000,ACTIVE
E005-T000830,E005,E005-AS018,2026-08-01 21:00:00,EDR,976,1000,ACTIVE
E005-T000831,E005,E005-AS018,2026-08-01 22:00:00,EDR,1028,1000,ACTIVE
E005-T000832,E005,E005-AS018,2026-08-01 23:00:00,EDR,1066,1000,ACTIVE
E005-T000833,E005,E005-AS018,2026-08-02 00:00:00,EDR,985,1000,ACTIVE
E005-T000834,E005,E005-AS018,2026-08-02 01:00:00,EDR,910,1000,ACTIVE
E005-T000835,E005,E005-AS018,2026-08-02 02:00:00,EDR,1066,1000,ACTIVE
E005-T000836,E005,E005-AS018,2026-08-02 03:00:00,EDR,976,1000,ACTIVE
E005-T000837,E005,E005-AS018,2026-08-02 04:00:00,EDR,1065,1000,ACTIVE
E005-T000838,E005,E005-AS018,2026-08-02 05:00:00,EDR,1087,1000,ACTIVE
E005-T000839,E005,E005-AS018,2026-08-02 06:00:00,EDR,902,1000,ACTIVE
E005-T000840,E005,E005-AS018,2026-08-02 07:00:00,EDR,1095,1000,ACTIVE
E005-T000841,E005,E005-AS018,2026-08-02 08:00:00,EDR,912,1000,ACTIVE
E005-T000842,E005,E005-AS018,2026-08-02 09:00:00,EDR,1037,1000,ACTIVE
E005-T000843,E005,E005-AS018,2026-08-02 10:00:00,EDR,921,1000,ACTIVE
E005-T000844,E005,E005-AS018,2026-08-02 11:00:00,EDR,954,1000,ACTIVE
E005-T000845,E005,E005-AS018,2026-08-02 12:00:00,EDR,1014,1000,ACTIVE
E005-T000846,E005,E005-AS018,2026-08-02 13:00:00,EDR,1064,1000,ACTIVE
E005-T000847,E005,E005-AS018,2026-08-02 14:00:00,EDR,1035,1000,ACTIVE
E005-T000848,E005,E005-AS018,2026-08-02 15:00:00,EDR,963,1000,ACTIVE
E005-T000849,E005,E005-AS018,2026-08-02 16:00:00,EDR,1019,1000,ACTIVE
E005-T000850,E005,E005-AS018,2026-08-02 17:00:00,EDR,945,1000,ACTIVE
E005-T000851,E005,E005-AS018,2026-08-02 18:00:00,EDR,986,1000,ACTIVE
E005-T000852,E005,E005-AS018,2026-08-02 19:00:00,EDR,1026,1000,ACTIVE
E005-T000853,E005,E005-AS018,2026-08-02 20:00:00,EDR,945,1000,ACTIVE
E005-T000854,E005,E005-AS018,2026-08-02 21:00:00,EDR,1067,1000,ACTIVE
E005-T000855,E005,E005-AS018,2026-08-02 22:00:00,EDR,925,1000,ACTIVE
E005-T000856,E005,E005-AS018,2026-08-02 23:00:00,EDR,973,1000,ACTIVE
E005-T000857,E005,E005-AS018,2026-08-03 00:00:00,EDR,914,1000,ACTIVE
E005-T000858,E005,E005-AS018,2026-08-03 01:00:00,EDR,904,1000,ACTIVE
E005-T000859,E005,E005-AS018,2026-08-03 02:00:00,EDR,966,1000,ACTIVE
E005-T000860,E005,E005-AS018,2026-08-03 03:00:00,EDR,935,1000,ACTIVE
E005-T000861,E005,E005-AS018,2026-08-03 04:00:00,EDR,1003,1000,ACTIVE
E005-T000862,E005,E005-AS018,2026-08-03 05:00:00,EDR,1060,1000,ACTIVE
E005-T000863,E005,E005-AS018,2026-08-03 06:00:00,EDR,1065,1000,ACTIVE
E005-T000864,E005,E005-AS018,2026-08-03 07:00:00,EDR,1069,1000,ACTIVE
E005-T000865,E005,E005-AS019,2026-08-01 08:00:00,EDR,981,1000,ACTIVE
E005-T000866,E005,E005-AS019,2026-08-01 09:00:00,EDR,1009,1000,ACTIVE
E005-T000867,E005,E005-AS019,2026-08-01 10:00:00,EDR,999,1000,ACTIVE
E005-T000868,E005,E005-AS019,2026-08-01 11:00:00,EDR,924,1000,ACTIVE
E005-T000869,E005,E005-AS019,2026-08-01 12:00:00,EDR,1079,1000,ACTIVE
E005-T000870,E005,E005-AS019,2026-08-01 13:00:00,EDR,1096,1000,ACTIVE
E005-T000871,E005,E005-AS019,2026-08-01 14:00:00,EDR,973,1000,ACTIVE
E005-T000872,E005,E005-AS019,2026-08-01 15:00:00,EDR,1023,1000,ACTIVE
E005-T000873,E005,E005-AS019,2026-08-01 16:00:00,EDR,1026,1000,ACTIVE
E005-T000874,E005,E005-AS019,2026-08-01 17:00:00,EDR,908,1000,ACTIVE
E005-T000875,E005,E005-AS019,2026-08-01 18:00:00,EDR,1015,1000,ACTIVE
E005-T000876,E005,E005-AS019,2026-08-01 19:00:00,EDR,911,1000,ACTIVE
E005-T000877,E005,E005-AS019,2026-08-01 20:00:00,EDR,958,1000,ACTIVE
E005-T000878,E005,E005-AS019,2026-08-01 21:00:00,EDR,999,1000,ACTIVE
E005-T000879,E005,E005-AS019,2026-08-01 22:00:00,EDR,1044,1000,ACTIVE
E005-T000880,E005,E005-AS019,2026-08-01 23:00:00,EDR,973,1000,ACTIVE
E005-T000881,E005,E005-AS019,2026-08-02 00:00:00,EDR,952,1000,ACTIVE
E005-T000882,E005,E005-AS019,2026-08-02 01:00:00,EDR,972,1000,ACTIVE
E005-T000883,E005,E005-AS019,2026-08-02 02:00:00,EDR,989,1000,ACTIVE
E005-T000884,E005,E005-AS019,2026-08-02 03:00:00,EDR,1051,1000,ACTIVE
E005-T000885,E005,E005-AS019,2026-08-02 04:00:00,EDR,1001,1000,ACTIVE
E005-T000886,E005,E005-AS019,2026-08-02 05:00:00,EDR,984,1000,ACTIVE
E005-T000887,E005,E005-AS019,2026-08-02 06:00:00,EDR,973,1000,ACTIVE
E005-T000888,E005,E005-AS019,2026-08-02 07:00:00,EDR,1010,1000,ACTIVE
E005-T000889,E005,E005-AS019,2026-08-02 08:00:00,EDR,968,1000,ACTIVE
E005-T000890,E005,E005-AS019,2026-08-02 09:00:00,EDR,1024,1000,ACTIVE
E005-T000891,E005,E005-AS019,2026-08-02 10:00:00,EDR,1032,1000,ACTIVE
E005-T000892,E005,E005-AS019,2026-08-02 11:00:00,EDR,1000,1000,ACTIVE
E005-T000893,E005,E005-AS019,2026-08-02 12:00:00,EDR,968,1000,ACTIVE
E005-T000894,E005,E005-AS019,2026-08-02 13:00:00,EDR,917,1000,ACTIVE
E005-T000895,E005,E005-AS019,2026-08-02 14:00:00,EDR,1034,1000,ACTIVE
E005-T000896,E005,E005-AS019,2026-08-02 15:00:00,EDR,1061,1000,ACTIVE
E005-T000897,E005,E005-AS019,2026-08-02 16:00:00,EDR,1044,1000,ACTIVE
E005-T000898,E005,E005-AS019,2026-08-02 17:00:00,EDR,913,1000,ACTIVE
E005-T000899,E005,E005-AS019,2026-08-02 18:00:00,EDR,1009,1000,ACTIVE
E005-T000900,E005,E005-AS019,2026-08-02 19:00:00,EDR,995,1000,ACTIVE
E005-T000901,E005,E005-AS019,2026-08-02 20:00:00,EDR,1008,1000,ACTIVE
E005-T000902,E005,E005-AS019,2026-08-02 21:00:00,EDR,998,1000,ACTIVE
E005-T000903,E005,E005-AS019,2026-08-02 22:00:00,EDR,962,1000,ACTIVE
E005-T000904,E005,E005-AS019,2026-08-02 23:00:00,EDR,907,1000,ACTIVE
E005-T000905,E005,E005-AS019,2026-08-03 00:00:00,EDR,919,1000,ACTIVE
E005-T000906,E005,E005-AS019,2026-08-03 01:00:00,EDR,1062,1000,ACTIVE
E005-T000907,E005,E005-AS019,2026-08-03 02:00:00,EDR,902,1000,ACTIVE
E005-T000908,E005,E005-AS019,2026-08-03 03:00:00,EDR,1027,1000,ACTIVE
E005-T000909,E005,E005-AS019,2026-08-03 04:00:00,EDR,1012,1000,ACTIVE
E005-T000910,E005,E005-AS019,2026-08-03 05:00:00,EDR,945,1000,ACTIVE
E005-T000911,E005,E005-AS019,2026-08-03 06:00:00,EDR,1023,1000,ACTIVE
E005-T000912,E005,E005-AS019,2026-08-03 07:00:00,EDR,1041,1000,ACTIVE
E005-T000913,E005,E005-AS020,2026-08-01 08:00:00,EDR,922,1000,ACTIVE
E005-T000914,E005,E005-AS020,2026-08-01 09:00:00,EDR,969,1000,ACTIVE
E005-T000915,E005,E005-AS020,2026-08-01 10:00:00,EDR,901,1000,ACTIVE
E005-T000916,E005,E005-AS020,2026-08-01 11:00:00,EDR,989,1000,ACTIVE
E005-T000917,E005,E005-AS020,2026-08-01 12:00:00,EDR,1097,1000,ACTIVE
E005-T000918,E005,E005-AS020,2026-08-01 13:00:00,EDR,1045,1000,ACTIVE
E005-T000919,E005,E005-AS020,2026-08-01 14:00:00,EDR,1063,1000,ACTIVE
E005-T000920,E005,E005-AS020,2026-08-01 15:00:00,EDR,941,1000,ACTIVE
E005-T000921,E005,E005-AS020,2026-08-01 16:00:00,EDR,1049,1000,ACTIVE
E005-T000922,E005,E005-AS020,2026-08-01 17:00:00,EDR,976,1000,ACTIVE
E005-T000923,E005,E005-AS020,2026-08-01 18:00:00,EDR,960,1000,ACTIVE
E005-T000924,E005,E005-AS020,2026-08-01 19:00:00,EDR,925,1000,ACTIVE
E005-T000925,E005,E005-AS020,2026-08-01 20:00:00,EDR,1086,1000,ACTIVE
E005-T000926,E005,E005-AS020,2026-08-01 21:00:00,EDR,1087,1000,ACTIVE
E005-T000927,E005,E005-AS020,2026-08-01 22:00:00,EDR,1061,1000,ACTIVE
E005-T000928,E005,E005-AS020,2026-08-01 23:00:00,EDR,978,1000,ACTIVE
E005-T000929,E005,E005-AS020,2026-08-02 00:00:00,EDR,945,1000,ACTIVE
E005-T000930,E005,E005-AS020,2026-08-02 01:00:00,EDR,1055,1000,ACTIVE
E005-T000931,E005,E005-AS020,2026-08-02 02:00:00,EDR,1089,1000,ACTIVE
E005-T000932,E005,E005-AS020,2026-08-02 03:00:00,EDR,1069,1000,ACTIVE
E005-T000933,E005,E005-AS020,2026-08-02 04:00:00,EDR,972,1000,ACTIVE
E005-T000934,E005,E005-AS020,2026-08-02 05:00:00,EDR,1073,1000,ACTIVE
E005-T000935,E005,E005-AS020,2026-08-02 06:00:00,EDR,1068,1000,ACTIVE
E005-T000936,E005,E005-AS020,2026-08-02 07:00:00,EDR,970,1000,ACTIVE
E005-T000937,E005,E005-AS020,2026-08-02 08:00:00,EDR,999,1000,ACTIVE
E005-T000938,E005,E005-AS020,2026-08-02 09:00:00,EDR,978,1000,ACTIVE
E005-T000939,E005,E005-AS020,2026-08-02 10:00:00,EDR,1076,1000,ACTIVE
E005-T000940,E005,E005-AS020,2026-08-02 11:00:00,EDR,945,1000,ACTIVE
E005-T000941,E005,E005-AS020,2026-08-02 12:00:00,EDR,1075,1000,ACTIVE
E005-T000942,E005,E005-AS020,2026-08-02 13:00:00,EDR,1097,1000,ACTIVE
E005-T000943,E005,E005-AS020,2026-08-02 14:00:00,EDR,1060,1000,ACTIVE
E005-T000944,E005,E005-AS020,2026-08-02 15:00:00,EDR,932,1000,ACTIVE
E005-T000945,E005,E005-AS020,2026-08-02 16:00:00,EDR,1085,1000,ACTIVE
E005-T000946,E005,E005-AS020,2026-08-02 17:00:00,EDR,1056,1000,ACTIVE
E005-T000947,E005,E005-AS020,2026-08-02 18:00:00,EDR,1015,1000,ACTIVE
E005-T000948,E005,E005-AS020,2026-08-02 19:00:00,EDR,906,1000,ACTIVE
E005-T000949,E005,E005-AS020,2026-08-02 20:00:00,EDR,986,1000,ACTIVE
E005-T000950,E005,E005-AS020,2026-08-02 21:00:00,EDR,985,1000,ACTIVE
E005-T000951,E005,E005-AS020,2026-08-02 22:00:00,EDR,1087,1000,ACTIVE
E005-T000952,E005,E005-AS020,2026-08-02 23:00:00,EDR,976,1000,ACTIVE
E005-T000953,E005,E005-AS020,2026-08-03 00:00:00,EDR,914,1000,ACTIVE
E005-T000954,E005,E005-AS020,2026-08-03 01:00:00,EDR,919,1000,ACTIVE
E005-T000955,E005,E005-AS020,2026-08-03 02:00:00,EDR,981,1000,ACTIVE
E005-T000956,E005,E005-AS020,2026-08-03 03:00:00,EDR,987,1000,ACTIVE
E005-T000957,E005,E005-AS020,2026-08-03 04:00:00,EDR,930,1000,ACTIVE
E005-T000958,E005,E005-AS020,2026-08-03 05:00:00,EDR,979,1000,ACTIVE
E005-T000959,E005,E005-AS020,2026-08-03 06:00:00,EDR,1097,1000,ACTIVE
E005-T000960,E005,E005-AS020,2026-08-03 07:00:00,EDR,962,1000,ACTIVE
E005-T000961,E005,E005-AS021,2026-08-01 08:00:00,EDR,1030,1000,ACTIVE
E005-T000962,E005,E005-AS021,2026-08-01 09:00:00,EDR,1097,1000,ACTIVE
E005-T000963,E005,E005-AS021,2026-08-01 10:00:00,EDR,1082,1000,ACTIVE
E005-T000964,E005,E005-AS021,2026-08-01 11:00:00,EDR,1082,1000,ACTIVE
E005-T000965,E005,E005-AS021,2026-08-01 12:00:00,EDR,1100,1000,ACTIVE
E005-T000966,E005,E005-AS021,2026-08-01 13:00:00,EDR,1016,1000,ACTIVE
E005-T000967,E005,E005-AS021,2026-08-01 14:00:00,EDR,1044,1000,ACTIVE
E005-T000968,E005,E005-AS021,2026-08-01 15:00:00,EDR,1048,1000,ACTIVE
E005-T000969,E005,E005-AS021,2026-08-01 16:00:00,EDR,972,1000,ACTIVE
E005-T000970,E005,E005-AS021,2026-08-01 17:00:00,EDR,1068,1000,ACTIVE
E005-T000971,E005,E005-AS021,2026-08-01 18:00:00,EDR,986,1000,ACTIVE
E005-T000972,E005,E005-AS021,2026-08-01 19:00:00,EDR,967,1000,ACTIVE
E005-T000973,E005,E005-AS021,2026-08-01 20:00:00,EDR,983,1000,ACTIVE
E005-T000974,E005,E005-AS021,2026-08-01 21:00:00,EDR,907,1000,ACTIVE
E005-T000975,E005,E005-AS021,2026-08-01 22:00:00,EDR,1077,1000,ACTIVE
E005-T000976,E005,E005-AS021,2026-08-01 23:00:00,EDR,912,1000,ACTIVE
E005-T000977,E005,E005-AS021,2026-08-02 00:00:00,EDR,1090,1000,ACTIVE
E005-T000978,E005,E005-AS021,2026-08-02 01:00:00,EDR,915,1000,ACTIVE
E005-T000979,E005,E005-AS021,2026-08-02 02:00:00,EDR,1031,1000,ACTIVE
E005-T000980,E005,E005-AS021,2026-08-02 03:00:00,EDR,1034,1000,ACTIVE
E005-T000981,E005,E005-AS021,2026-08-02 04:00:00,EDR,1072,1000,ACTIVE
E005-T000982,E005,E005-AS021,2026-08-02 05:00:00,EDR,1010,1000,ACTIVE
E005-T000983,E005,E005-AS021,2026-08-02 06:00:00,EDR,937,1000,ACTIVE
E005-T000984,E005,E005-AS021,2026-08-02 07:00:00,EDR,935,1000,ACTIVE
E005-T000985,E005,E005-AS021,2026-08-02 08:00:00,EDR,979,1000,ACTIVE
E005-T000986,E005,E005-AS021,2026-08-02 09:00:00,EDR,1074,1000,ACTIVE
E005-T000987,E005,E005-AS021,2026-08-02 10:00:00,EDR,937,1000,ACTIVE
E005-T000988,E005,E005-AS021,2026-08-02 11:00:00,EDR,1002,1000,ACTIVE
E005-T000989,E005,E005-AS021,2026-08-02 12:00:00,EDR,920,1000,ACTIVE
E005-T000990,E005,E005-AS021,2026-08-02 13:00:00,EDR,1060,1000,ACTIVE
E005-T000991,E005,E005-AS021,2026-08-02 14:00:00,EDR,1093,1000,ACTIVE
E005-T000992,E005,E005-AS021,2026-08-02 15:00:00,EDR,905,1000,ACTIVE
E005-T000993,E005,E005-AS021,2026-08-02 16:00:00,EDR,1051,1000,ACTIVE
E005-T000994,E005,E005-AS021,2026-08-02 17:00:00,EDR,996,1000,ACTIVE
E005-T000995,E005,E005-AS021,2026-08-02 18:00:00,EDR,945,1000,ACTIVE
E005-T000996,E005,E005-AS021,2026-08-02 19:00:00,EDR,1030,1000,ACTIVE
E005-T000997,E005,E005-AS021,2026-08-02 20:00:00,EDR,1074,1000,ACTIVE
E005-T000998,E005,E005-AS021,2026-08-02 21:00:00,EDR,991,1000,ACTIVE
E005-T000999,E005,E005-AS021,2026-08-02 22:00:00,EDR,963,1000,ACTIVE
E005-T001000,E005,E005-AS021,2026-08-02 23:00:00,EDR,997,1000,ACTIVE
E005-T001001,E005,E005-AS021,2026-08-03 00:00:00,EDR,985,1000,ACTIVE
E005-T001002,E005,E005-AS021,2026-08-03 01:00:00,EDR,1069,1000,ACTIVE
E005-T001003,E005,E005-AS021,2026-08-03 02:00:00,EDR,972,1000,ACTIVE
E005-T001004,E005,E005-AS021,2026-08-03 03:00:00,EDR,1090,1000,ACTIVE
E005-T001005,E005,E005-AS021,2026-08-03 04:00:00,EDR,1038,1000,ACTIVE
E005-T001006,E005,E005-AS021,2026-08-03 05:00:00,EDR,987,1000,ACTIVE
E005-T001007,E005,E005-AS021,2026-08-03 06:00:00,EDR,959,1000,ACTIVE
E005-T001008,E005,E005-AS021,2026-08-03 07:00:00,EDR,1043,1000,ACTIVE
E005-T001009,E005,E005-AS022,2026-08-01 08:00:00,EDR,961,1000,ACTIVE
E005-T001010,E005,E005-AS022,2026-08-01 09:00:00,EDR,993,1000,ACTIVE
E005-T001011,E005,E005-AS022,2026-08-01 10:00:00,EDR,1001,1000,ACTIVE
E005-T001012,E005,E005-AS022,2026-08-01 11:00:00,EDR,1044,1000,ACTIVE
E005-T001013,E005,E005-AS022,2026-08-01 12:00:00,EDR,982,1000,ACTIVE
E005-T001014,E005,E005-AS022,2026-08-01 13:00:00,EDR,1085,1000,ACTIVE
E005-T001015,E005,E005-AS022,2026-08-01 14:00:00,EDR,1049,1000,ACTIVE
E005-T001016,E005,E005-AS022,2026-08-01 15:00:00,EDR,923,1000,ACTIVE
E005-T001017,E005,E005-AS022,2026-08-01 16:00:00,EDR,1094,1000,ACTIVE
E005-T001018,E005,E005-AS022,2026-08-01 17:00:00,EDR,984,1000,ACTIVE
E005-T001019,E005,E005-AS022,2026-08-01 18:00:00,EDR,1060,1000,ACTIVE
E005-T001020,E005,E005-AS022,2026-08-01 19:00:00,EDR,1039,1000,ACTIVE
E005-T001021,E005,E005-AS022,2026-08-01 20:00:00,EDR,909,1000,ACTIVE
E005-T001022,E005,E005-AS022,2026-08-01 21:00:00,EDR,1016,1000,ACTIVE
E005-T001023,E005,E005-AS022,2026-08-01 22:00:00,EDR,917,1000,ACTIVE
E005-T001024,E005,E005-AS022,2026-08-01 23:00:00,EDR,906,1000,ACTIVE
E005-T001025,E005,E005-AS022,2026-08-02 00:00:00,EDR,999,1000,ACTIVE
E005-T001026,E005,E005-AS022,2026-08-02 01:00:00,EDR,949,1000,ACTIVE
E005-T001027,E005,E005-AS022,2026-08-02 02:00:00,EDR,987,1000,ACTIVE
E005-T001028,E005,E005-AS022,2026-08-02 03:00:00,EDR,1082,1000,ACTIVE
E005-T001029,E005,E005-AS022,2026-08-02 04:00:00,EDR,925,1000,ACTIVE
E005-T001030,E005,E005-AS022,2026-08-02 05:00:00,EDR,1039,1000,ACTIVE
E005-T001031,E005,E005-AS022,2026-08-02 06:00:00,EDR,992,1000,ACTIVE
E005-T001032,E005,E005-AS022,2026-08-02 07:00:00,EDR,959,1000,ACTIVE
E005-T001033,E005,E005-AS022,2026-08-02 08:00:00,EDR,1076,1000,ACTIVE
E005-T001034,E005,E005-AS022,2026-08-02 09:00:00,EDR,1017,1000,ACTIVE
E005-T001035,E005,E005-AS022,2026-08-02 10:00:00,EDR,929,1000,ACTIVE
E005-T001036,E005,E005-AS022,2026-08-02 11:00:00,EDR,963,1000,ACTIVE
E005-T001037,E005,E005-AS022,2026-08-02 12:00:00,EDR,1071,1000,ACTIVE
E005-T001038,E005,E005-AS022,2026-08-02 13:00:00,EDR,955,1000,ACTIVE
E005-T001039,E005,E005-AS022,2026-08-02 14:00:00,EDR,1027,1000,ACTIVE
E005-T001040,E005,E005-AS022,2026-08-02 15:00:00,EDR,1092,1000,ACTIVE
E005-T001041,E005,E005-AS022,2026-08-02 16:00:00,EDR,1069,1000,ACTIVE
E005-T001042,E005,E005-AS022,2026-08-02 17:00:00,EDR,1050,1000,ACTIVE
E005-T001043,E005,E005-AS022,2026-08-02 18:00:00,EDR,1084,1000,ACTIVE
E005-T001044,E005,E005-AS022,2026-08-02 19:00:00,EDR,1082,1000,ACTIVE
E005-T001045,E005,E005-AS022,2026-08-02 20:00:00,EDR,1088,1000,ACTIVE
E005-T001046,E005,E005-AS022,2026-08-02 21:00:00,EDR,1061,1000,ACTIVE
E005-T001047,E005,E005-AS022,2026-08-02 22:00:00,EDR,1087,1000,ACTIVE
E005-T001048,E005,E005-AS022,2026-08-02 23:00:00,EDR,1080,1000,ACTIVE
E005-T001049,E005,E005-AS022,2026-08-03 00:00:00,EDR,1067,1000,ACTIVE
E005-T001050,E005,E005-AS022,2026-08-03 01:00:00,EDR,902,1000,ACTIVE
E005-T001051,E005,E005-AS022,2026-08-03 02:00:00,EDR,1007,1000,ACTIVE
E005-T001052,E005,E005-AS022,2026-08-03 03:00:00,EDR,998,1000,ACTIVE
E005-T001053,E005,E005-AS022,2026-08-03 04:00:00,EDR,1052,1000,ACTIVE
E005-T001054,E005,E005-AS022,2026-08-03 05:00:00,EDR,981,1000,ACTIVE
E005-T001055,E005,E005-AS022,2026-08-03 06:00:00,EDR,1099,1000,ACTIVE
E005-T001056,E005,E005-AS022,2026-08-03 07:00:00,EDR,910,1000,ACTIVE
E005-T001057,E005,E005-AS023,2026-08-01 08:00:00,EDR,934,1000,ACTIVE
E005-T001058,E005,E005-AS023,2026-08-01 09:00:00,EDR,961,1000,ACTIVE
E005-T001059,E005,E005-AS023,2026-08-01 10:00:00,EDR,971,1000,ACTIVE
E005-T001060,E005,E005-AS023,2026-08-01 11:00:00,EDR,930,1000,ACTIVE
E005-T001061,E005,E005-AS023,2026-08-01 12:00:00,EDR,1058,1000,ACTIVE
E005-T001062,E005,E005-AS023,2026-08-01 13:00:00,EDR,942,1000,ACTIVE
E005-T001063,E005,E005-AS023,2026-08-01 14:00:00,EDR,1012,1000,ACTIVE
E005-T001064,E005,E005-AS023,2026-08-01 15:00:00,EDR,1013,1000,ACTIVE
E005-T001065,E005,E005-AS023,2026-08-01 16:00:00,EDR,951,1000,ACTIVE
E005-T001066,E005,E005-AS023,2026-08-01 17:00:00,EDR,934,1000,ACTIVE
E005-T001067,E005,E005-AS023,2026-08-01 18:00:00,EDR,961,1000,ACTIVE
E005-T001068,E005,E005-AS023,2026-08-01 19:00:00,EDR,977,1000,ACTIVE
E005-T001069,E005,E005-AS023,2026-08-01 20:00:00,EDR,961,1000,ACTIVE
E005-T001070,E005,E005-AS023,2026-08-01 21:00:00,EDR,1003,1000,ACTIVE
E005-T001071,E005,E005-AS023,2026-08-01 22:00:00,EDR,1029,1000,ACTIVE
E005-T001072,E005,E005-AS023,2026-08-01 23:00:00,EDR,1041,1000,ACTIVE
E005-T001073,E005,E005-AS023,2026-08-02 00:00:00,EDR,948,1000,ACTIVE
E005-T001074,E005,E005-AS023,2026-08-02 01:00:00,EDR,1053,1000,ACTIVE
E005-T001075,E005,E005-AS023,2026-08-02 02:00:00,EDR,1024,1000,ACTIVE
E005-T001076,E005,E005-AS023,2026-08-02 03:00:00,EDR,1057,1000,ACTIVE
E005-T001077,E005,E005-AS023,2026-08-02 04:00:00,EDR,1090,1000,ACTIVE
E005-T001078,E005,E005-AS023,2026-08-02 05:00:00,EDR,1099,1000,ACTIVE
E005-T001079,E005,E005-AS023,2026-08-02 06:00:00,EDR,989,1000,ACTIVE
E005-T001080,E005,E005-AS023,2026-08-02 07:00:00,EDR,1007,1000,ACTIVE
E005-T001081,E005,E005-AS023,2026-08-02 08:00:00,EDR,955,1000,ACTIVE
E005-T001082,E005,E005-AS023,2026-08-02 09:00:00,EDR,942,1000,ACTIVE
E005-T001083,E005,E005-AS023,2026-08-02 10:00:00,EDR,907,1000,ACTIVE
E005-T001084,E005,E005-AS023,2026-08-02 11:00:00,EDR,930,1000,ACTIVE
E005-T001085,E005,E005-AS023,2026-08-02 12:00:00,EDR,1018,1000,ACTIVE
E005-T001086,E005,E005-AS023,2026-08-02 13:00:00,EDR,1057,1000,ACTIVE
E005-T001087,E005,E005-AS023,2026-08-02 14:00:00,EDR,951,1000,ACTIVE
E005-T001088,E005,E005-AS023,2026-08-02 15:00:00,EDR,972,1000,ACTIVE
E005-T001089,E005,E005-AS023,2026-08-02 16:00:00,EDR,1090,1000,ACTIVE
E005-T001090,E005,E005-AS023,2026-08-02 17:00:00,EDR,916,1000,ACTIVE
E005-T001091,E005,E005-AS023,2026-08-02 18:00:00,EDR,955,1000,ACTIVE
E005-T001092,E005,E005-AS023,2026-08-02 19:00:00,EDR,1016,1000,ACTIVE
E005-T001093,E005,E005-AS023,2026-08-02 20:00:00,EDR,1054,1000,ACTIVE
E005-T001094,E005,E005-AS023,2026-08-02 21:00:00,EDR,1065,1000,ACTIVE
E005-T001095,E005,E005-AS023,2026-08-02 22:00:00,EDR,1089,1000,ACTIVE
E005-T001096,E005,E005-AS023,2026-08-02 23:00:00,EDR,1095,1000,ACTIVE
E005-T001097,E005,E005-AS023,2026-08-03 00:00:00,EDR,1012,1000,ACTIVE
E005-T001098,E005,E005-AS023,2026-08-03 01:00:00,EDR,968,1000,ACTIVE
E005-T001099,E005,E005-AS023,2026-08-03 02:00:00,EDR,1097,1000,ACTIVE
E005-T001100,E005,E005-AS023,2026-08-03 03:00:00,EDR,1003,1000,ACTIVE
E005-T001101,E005,E005-AS023,2026-08-03 04:00:00,EDR,1085,1000,ACTIVE
E005-T001102,E005,E005-AS023,2026-08-03 05:00:00,EDR,977,1000,ACTIVE
E005-T001103,E005,E005-AS023,2026-08-03 06:00:00,EDR,919,1000,ACTIVE
E005-T001104,E005,E005-AS023,2026-08-03 07:00:00,EDR,987,1000,ACTIVE
E005-T001105,E005,E005-AS024,2026-08-01 08:00:00,EDR,1008,1000,ACTIVE
E005-T001106,E005,E005-AS024,2026-08-01 09:00:00,EDR,1032,1000,ACTIVE
E005-T001107,E005,E005-AS024,2026-08-01 10:00:00,EDR,918,1000,ACTIVE
E005-T001108,E005,E005-AS024,2026-08-01 11:00:00,EDR,923,1000,ACTIVE
E005-T001109,E005,E005-AS024,2026-08-01 12:00:00,EDR,1066,1000,ACTIVE
E005-T001110,E005,E005-AS024,2026-08-01 13:00:00,EDR,927,1000,ACTIVE
E005-T001111,E005,E005-AS024,2026-08-01 14:00:00,EDR,933,1000,ACTIVE
E005-T001112,E005,E005-AS024,2026-08-01 15:00:00,EDR,961,1000,ACTIVE
E005-T001113,E005,E005-AS024,2026-08-01 16:00:00,EDR,1063,1000,ACTIVE
E005-T001114,E005,E005-AS024,2026-08-01 17:00:00,EDR,1088,1000,ACTIVE
E005-T001115,E005,E005-AS024,2026-08-01 18:00:00,EDR,1087,1000,ACTIVE
E005-T001116,E005,E005-AS024,2026-08-01 19:00:00,EDR,953,1000,ACTIVE
E005-T001117,E005,E005-AS024,2026-08-01 20:00:00,EDR,1079,1000,ACTIVE
E005-T001118,E005,E005-AS024,2026-08-01 21:00:00,EDR,916,1000,ACTIVE
E005-T001119,E005,E005-AS024,2026-08-01 22:00:00,EDR,939,1000,ACTIVE
E005-T001120,E005,E005-AS024,2026-08-01 23:00:00,EDR,944,1000,ACTIVE
E005-T001121,E005,E005-AS024,2026-08-02 00:00:00,EDR,1042,1000,ACTIVE
E005-T001122,E005,E005-AS024,2026-08-02 01:00:00,EDR,1024,1000,ACTIVE
E005-T001123,E005,E005-AS024,2026-08-02 02:00:00,EDR,1064,1000,ACTIVE
E005-T001124,E005,E005-AS024,2026-08-02 03:00:00,EDR,1000,1000,ACTIVE
E005-T001125,E005,E005-AS024,2026-08-02 04:00:00,EDR,965,1000,ACTIVE
E005-T001126,E005,E005-AS024,2026-08-02 05:00:00,EDR,948,1000,ACTIVE
E005-T001127,E005,E005-AS024,2026-08-02 06:00:00,EDR,1014,1000,ACTIVE
E005-T001128,E005,E005-AS024,2026-08-02 07:00:00,EDR,946,1000,ACTIVE
E005-T001129,E005,E005-AS024,2026-08-02 08:00:00,EDR,1045,1000,ACTIVE
E005-T001130,E005,E005-AS024,2026-08-02 09:00:00,EDR,977,1000,ACTIVE
E005-T001131,E005,E005-AS024,2026-08-02 10:00:00,EDR,992,1000,ACTIVE
E005-T001132,E005,E005-AS024,2026-08-02 11:00:00,EDR,1084,1000,ACTIVE
E005-T001133,E005,E005-AS024,2026-08-02 12:00:00,EDR,1034,1000,ACTIVE
E005-T001134,E005,E005-AS024,2026-08-02 13:00:00,EDR,994,1000,ACTIVE
E005-T001135,E005,E005-AS024,2026-08-02 14:00:00,EDR,972,1000,ACTIVE
E005-T001136,E005,E005-AS024,2026-08-02 15:00:00,EDR,1050,1000,ACTIVE
E005-T001137,E005,E005-AS024,2026-08-02 16:00:00,EDR,1011,1000,ACTIVE
E005-T001138,E005,E005-AS024,2026-08-02 17:00:00,EDR,1073,1000,ACTIVE
E005-T001139,E005,E005-AS024,2026-08-02 18:00:00,EDR,1026,1000,ACTIVE
E005-T001140,E005,E005-AS024,2026-08-02 19:00:00,EDR,972,1000,ACTIVE
E005-T001141,E005,E005-AS024,2026-08-02 20:00:00,EDR,1007,1000,ACTIVE
E005-T001142,E005,E005-AS024,2026-08-02 21:00:00,EDR,986,1000,ACTIVE
E005-T001143,E005,E005-AS024,2026-08-02 22:00:00,EDR,1063,1000,ACTIVE
E005-T001144,E005,E005-AS024,2026-08-02 23:00:00,EDR,1061,1000,ACTIVE
E005-T001145,E005,E005-AS024,2026-08-03 00:00:00,EDR,1009,1000,ACTIVE
E005-T001146,E005,E005-AS024,2026-08-03 01:00:00,EDR,998,1000,ACTIVE
E005-T001147,E005,E005-AS024,2026-08-03 02:00:00,EDR,965,1000,ACTIVE
E005-T001148,E005,E005-AS024,2026-08-03 03:00:00,EDR,940,1000,ACTIVE
E005-T001149,E005,E005-AS024,2026-08-03 04:00:00,EDR,907,1000,ACTIVE
E005-T001150,E005,E005-AS024,2026-08-03 05:00:00,EDR,1068,1000,ACTIVE
E005-T001151,E005,E005-AS024,2026-08-03 06:00:00,EDR,954,1000,ACTIVE
E005-T001152,E005,E005-AS024,2026-08-03 07:00:00,EDR,978,1000,ACTIVE
E005-T001153,E005,E005-AS025,2026-08-01 08:00:00,EDR,974,1000,ACTIVE
E005-T001154,E005,E005-AS025,2026-08-01 09:00:00,EDR,1047,1000,ACTIVE
E005-T001155,E005,E005-AS025,2026-08-01 10:00:00,EDR,934,1000,ACTIVE
E005-T001156,E005,E005-AS025,2026-08-01 11:00:00,EDR,1083,1000,ACTIVE
E005-T001157,E005,E005-AS025,2026-08-01 12:00:00,EDR,944,1000,ACTIVE
E005-T001158,E005,E005-AS025,2026-08-01 13:00:00,EDR,1010,1000,ACTIVE
E005-T001159,E005,E005-AS025,2026-08-01 14:00:00,EDR,974,1000,ACTIVE
E005-T001160,E005,E005-AS025,2026-08-01 15:00:00,EDR,1089,1000,ACTIVE
E005-T001161,E005,E005-AS025,2026-08-01 16:00:00,EDR,960,1000,ACTIVE
E005-T001162,E005,E005-AS025,2026-08-01 17:00:00,EDR,926,1000,ACTIVE
E005-T001163,E005,E005-AS025,2026-08-01 18:00:00,EDR,949,1000,ACTIVE
E005-T001164,E005,E005-AS025,2026-08-01 19:00:00,EDR,1029,1000,ACTIVE
E005-T001165,E005,E005-AS025,2026-08-01 20:00:00,EDR,975,1000,ACTIVE
E005-T001166,E005,E005-AS025,2026-08-01 21:00:00,EDR,1064,1000,ACTIVE
E005-T001167,E005,E005-AS025,2026-08-01 22:00:00,EDR,1005,1000,ACTIVE
E005-T001168,E005,E005-AS025,2026-08-01 23:00:00,EDR,1016,1000,ACTIVE
E005-T001169,E005,E005-AS025,2026-08-02 00:00:00,EDR,943,1000,ACTIVE
E005-T001170,E005,E005-AS025,2026-08-02 01:00:00,EDR,1066,1000,ACTIVE
E005-T001171,E005,E005-AS025,2026-08-02 02:00:00,EDR,1049,1000,ACTIVE
E005-T001172,E005,E005-AS025,2026-08-02 03:00:00,EDR,967,1000,ACTIVE
E005-T001173,E005,E005-AS025,2026-08-02 04:00:00,EDR,1054,1000,ACTIVE
E005-T001174,E005,E005-AS025,2026-08-02 05:00:00,EDR,901,1000,ACTIVE
E005-T001175,E005,E005-AS025,2026-08-02 06:00:00,EDR,1080,1000,ACTIVE
E005-T001176,E005,E005-AS025,2026-08-02 07:00:00,EDR,1021,1000,ACTIVE
E005-T001177,E005,E005-AS025,2026-08-02 08:00:00,EDR,983,1000,ACTIVE
E005-T001178,E005,E005-AS025,2026-08-02 09:00:00,EDR,1088,1000,ACTIVE
E005-T001179,E005,E005-AS025,2026-08-02 10:00:00,EDR,929,1000,ACTIVE
E005-T001180,E005,E005-AS025,2026-08-02 11:00:00,EDR,1061,1000,ACTIVE
E005-T001181,E005,E005-AS025,2026-08-02 12:00:00,EDR,916,1000,ACTIVE
E005-T001182,E005,E005-AS025,2026-08-02 13:00:00,EDR,1088,1000,ACTIVE
E005-T001183,E005,E005-AS025,2026-08-02 14:00:00,EDR,973,1000,ACTIVE
E005-T001184,E005,E005-AS025,2026-08-02 15:00:00,EDR,1067,1000,ACTIVE
E005-T001185,E005,E005-AS025,2026-08-02 16:00:00,EDR,1045,1000,ACTIVE
E005-T001186,E005,E005-AS025,2026-08-02 17:00:00,EDR,1062,1000,ACTIVE
E005-T001187,E005,E005-AS025,2026-08-02 18:00:00,EDR,1074,1000,ACTIVE
E005-T001188,E005,E005-AS025,2026-08-02 19:00:00,EDR,997,1000,ACTIVE
E005-T001189,E005,E005-AS025,2026-08-02 20:00:00,EDR,942,1000,ACTIVE
E005-T001190,E005,E005-AS025,2026-08-02 21:00:00,EDR,906,1000,ACTIVE
E005-T001191,E005,E005-AS025,2026-08-02 22:00:00,EDR,973,1000,ACTIVE
E005-T001192,E005,E005-AS025,2026-08-02 23:00:00,EDR,1092,1000,ACTIVE
E005-T001193,E005,E005-AS025,2026-08-03 00:00:00,EDR,905,1000,ACTIVE
E005-T001194,E005,E005-AS025,2026-08-03 01:00:00,EDR,1038,1000,ACTIVE
E005-T001195,E005,E005-AS025,2026-08-03 02:00:00,EDR,942,1000,ACTIVE
E005-T001196,E005,E005-AS025,2026-08-03 03:00:00,EDR,923,1000,ACTIVE
E005-T001197,E005,E005-AS025,2026-08-03 04:00:00,EDR,951,1000,ACTIVE
E005-T001198,E005,E005-AS025,2026-08-03 05:00:00,EDR,978,1000,ACTIVE
E005-T001199,E005,E005-AS025,2026-08-03 06:00:00,EDR,911,1000,ACTIVE
E005-T001200,E005,E005-AS025,2026-08-03 07:00:00,EDR,940,1000,ACTIVE
E005-T001201,E005,E005-AS026,2026-08-01 08:00:00,EDR,1038,1000,ACTIVE
E005-T001202,E005,E005-AS026,2026-08-01 09:00:00,EDR,948,1000,ACTIVE
E005-T001203,E005,E005-AS026,2026-08-01 10:00:00,EDR,939,1000,ACTIVE
E005-T001204,E005,E005-AS026,2026-08-01 11:00:00,EDR,922,1000,ACTIVE
E005-T001205,E005,E005-AS026,2026-08-01 12:00:00,EDR,972,1000,ACTIVE
E005-T001206,E005,E005-AS026,2026-08-01 13:00:00,EDR,1084,1000,ACTIVE
E005-T001207,E005,E005-AS026,2026-08-01 14:00:00,EDR,1011,1000,ACTIVE
E005-T001208,E005,E005-AS026,2026-08-01 15:00:00,EDR,1094,1000,ACTIVE
E005-T001209,E005,E005-AS026,2026-08-01 16:00:00,EDR,1085,1000,ACTIVE
E005-T001210,E005,E005-AS026,2026-08-01 17:00:00,EDR,1072,1000,ACTIVE
E005-T001211,E005,E005-AS026,2026-08-01 18:00:00,EDR,978,1000,ACTIVE
E005-T001212,E005,E005-AS026,2026-08-01 19:00:00,EDR,1093,1000,ACTIVE
E005-T001213,E005,E005-AS026,2026-08-01 20:00:00,EDR,1001,1000,ACTIVE
E005-T001214,E005,E005-AS026,2026-08-01 21:00:00,EDR,999,1000,ACTIVE
E005-T001215,E005,E005-AS026,2026-08-01 22:00:00,EDR,1095,1000,ACTIVE
E005-T001216,E005,E005-AS026,2026-08-01 23:00:00,EDR,1040,1000,ACTIVE
E005-T001217,E005,E005-AS026,2026-08-02 00:00:00,EDR,1097,1000,ACTIVE
E005-T001218,E005,E005-AS026,2026-08-02 01:00:00,EDR,1088,1000,ACTIVE
E005-T001219,E005,E005-AS026,2026-08-02 02:00:00,EDR,1007,1000,ACTIVE
E005-T001220,E005,E005-AS026,2026-08-02 03:00:00,EDR,908,1000,ACTIVE
E005-T001221,E005,E005-AS026,2026-08-02 04:00:00,EDR,986,1000,ACTIVE
E005-T001222,E005,E005-AS026,2026-08-02 05:00:00,EDR,996,1000,ACTIVE
E005-T001223,E005,E005-AS026,2026-08-02 06:00:00,EDR,900,1000,ACTIVE
E005-T001224,E005,E005-AS026,2026-08-02 07:00:00,EDR,956,1000,ACTIVE
E005-T001225,E005,E005-AS026,2026-08-02 08:00:00,EDR,918,1000,ACTIVE
E005-T001226,E005,E005-AS026,2026-08-02 09:00:00,EDR,940,1000,ACTIVE
E005-T001227,E005,E005-AS026,2026-08-02 10:00:00,EDR,1026,1000,ACTIVE
E005-T001228,E005,E005-AS026,2026-08-02 11:00:00,EDR,1078,1000,ACTIVE
E005-T001229,E005,E005-AS026,2026-08-02 12:00:00,EDR,902,1000,ACTIVE
E005-T001230,E005,E005-AS026,2026-08-02 13:00:00,EDR,936,1000,ACTIVE
E005-T001231,E005,E005-AS026,2026-08-02 14:00:00,EDR,1028,1000,ACTIVE
E005-T001232,E005,E005-AS026,2026-08-02 15:00:00,EDR,1083,1000,ACTIVE
E005-T001233,E005,E005-AS026,2026-08-02 16:00:00,EDR,1047,1000,ACTIVE
E005-T001234,E005,E005-AS026,2026-08-02 17:00:00,EDR,1004,1000,ACTIVE
E005-T001235,E005,E005-AS026,2026-08-02 18:00:00,EDR,926,1000,ACTIVE
E005-T001236,E005,E005-AS026,2026-08-02 19:00:00,EDR,935,1000,ACTIVE
E005-T001237,E005,E005-AS026,2026-08-02 20:00:00,EDR,955,1000,ACTIVE
E005-T001238,E005,E005-AS026,2026-08-02 21:00:00,EDR,977,1000,ACTIVE
E005-T001239,E005,E005-AS026,2026-08-02 22:00:00,EDR,1007,1000,ACTIVE
E005-T001240,E005,E005-AS026,2026-08-02 23:00:00,EDR,903,1000,ACTIVE
E005-T001241,E005,E005-AS026,2026-08-03 00:00:00,EDR,1063,1000,ACTIVE
E005-T001242,E005,E005-AS026,2026-08-03 01:00:00,EDR,1046,1000,ACTIVE
E005-T001243,E005,E005-AS026,2026-08-03 02:00:00,EDR,1048,1000,ACTIVE
E005-T001244,E005,E005-AS026,2026-08-03 03:00:00,EDR,900,1000,ACTIVE
E005-T001245,E005,E005-AS026,2026-08-03 04:00:00,EDR,1053,1000,ACTIVE
E005-T001246,E005,E005-AS026,2026-08-03 05:00:00,EDR,1051,1000,ACTIVE
E005-T001247,E005,E005-AS026,2026-08-03 06:00:00,EDR,981,1000,ACTIVE
E005-T001248,E005,E005-AS026,2026-08-03 07:00:00,EDR,1088,1000,ACTIVE
E005-T001249,E005,E005-AS027,2026-08-01 08:00:00,EDR,1069,1000,ACTIVE
E005-T001250,E005,E005-AS027,2026-08-01 09:00:00,EDR,1045,1000,ACTIVE
E005-T001251,E005,E005-AS027,2026-08-01 10:00:00,EDR,1093,1000,ACTIVE
E005-T001252,E005,E005-AS027,2026-08-01 11:00:00,EDR,914,1000,ACTIVE
E005-T001253,E005,E005-AS027,2026-08-01 12:00:00,EDR,947,1000,ACTIVE
E005-T001254,E005,E005-AS027,2026-08-01 13:00:00,EDR,1081,1000,ACTIVE
E005-T001255,E005,E005-AS027,2026-08-01 14:00:00,EDR,977,1000,ACTIVE
E005-T001256,E005,E005-AS027,2026-08-01 15:00:00,EDR,1049,1000,ACTIVE
E005-T001257,E005,E005-AS027,2026-08-01 16:00:00,EDR,1032,1000,ACTIVE
E005-T001258,E005,E005-AS027,2026-08-01 17:00:00,EDR,937,1000,ACTIVE
E005-T001259,E005,E005-AS027,2026-08-01 18:00:00,EDR,1060,1000,ACTIVE
E005-T001260,E005,E005-AS027,2026-08-01 19:00:00,EDR,1096,1000,ACTIVE
E005-T001261,E005,E005-AS027,2026-08-01 20:00:00,EDR,1042,1000,ACTIVE
E005-T001262,E005,E005-AS027,2026-08-01 21:00:00,EDR,989,1000,ACTIVE
E005-T001263,E005,E005-AS027,2026-08-01 22:00:00,EDR,1087,1000,ACTIVE
E005-T001264,E005,E005-AS027,2026-08-01 23:00:00,EDR,978,1000,ACTIVE
E005-T001265,E005,E005-AS027,2026-08-02 00:00:00,EDR,1047,1000,ACTIVE
E005-T001266,E005,E005-AS027,2026-08-02 01:00:00,EDR,998,1000,ACTIVE
E005-T001267,E005,E005-AS027,2026-08-02 02:00:00,EDR,1016,1000,ACTIVE
E005-T001268,E005,E005-AS027,2026-08-02 03:00:00,EDR,1094,1000,ACTIVE
E005-T001269,E005,E005-AS027,2026-08-02 04:00:00,EDR,1074,1000,ACTIVE
E005-T001270,E005,E005-AS027,2026-08-02 05:00:00,EDR,968,1000,ACTIVE
E005-T001271,E005,E005-AS027,2026-08-02 06:00:00,EDR,1047,1000,ACTIVE
E005-T001272,E005,E005-AS027,2026-08-02 07:00:00,EDR,1060,1000,ACTIVE
E005-T001273,E005,E005-AS027,2026-08-02 08:00:00,EDR,1063,1000,ACTIVE
E005-T001274,E005,E005-AS027,2026-08-02 09:00:00,EDR,923,1000,ACTIVE
E005-T001275,E005,E005-AS027,2026-08-02 10:00:00,EDR,1050,1000,ACTIVE
E005-T001276,E005,E005-AS027,2026-08-02 11:00:00,EDR,939,1000,ACTIVE
E005-T001277,E005,E005-AS027,2026-08-02 12:00:00,EDR,1064,1000,ACTIVE
E005-T001278,E005,E005-AS027,2026-08-02 13:00:00,EDR,1094,1000,ACTIVE
E005-T001279,E005,E005-AS027,2026-08-02 14:00:00,EDR,1019,1000,ACTIVE
E005-T001280,E005,E005-AS027,2026-08-02 15:00:00,EDR,970,1000,ACTIVE
E005-T001281,E005,E005-AS027,2026-08-02 16:00:00,EDR,909,1000,ACTIVE
E005-T001282,E005,E005-AS027,2026-08-02 17:00:00,EDR,927,1000,ACTIVE
E005-T001283,E005,E005-AS027,2026-08-02 18:00:00,EDR,996,1000,ACTIVE
E005-T001284,E005,E005-AS027,2026-08-02 19:00:00,EDR,1096,1000,ACTIVE
E005-T001285,E005,E005-AS027,2026-08-02 20:00:00,EDR,993,1000,ACTIVE
E005-T001286,E005,E005-AS027,2026-08-02 21:00:00,EDR,1051,1000,ACTIVE
E005-T001287,E005,E005-AS027,2026-08-02 22:00:00,EDR,953,1000,ACTIVE
E005-T001288,E005,E005-AS027,2026-08-02 23:00:00,EDR,1005,1000,ACTIVE
E005-T001289,E005,E005-AS027,2026-08-03 00:00:00,EDR,933,1000,ACTIVE
E005-T001290,E005,E005-AS027,2026-08-03 01:00:00,EDR,1052,1000,ACTIVE
E005-T001291,E005,E005-AS027,2026-08-03 02:00:00,EDR,936,1000,ACTIVE
E005-T001292,E005,E005-AS027,2026-08-03 03:00:00,EDR,979,1000,ACTIVE
E005-T001293,E005,E005-AS027,2026-08-03 04:00:00,EDR,1077,1000,ACTIVE
E005-T001294,E005,E005-AS027,2026-08-03 05:00:00,EDR,918,1000,ACTIVE
E005-T001295,E005,E005-AS027,2026-08-03 06:00:00,EDR,1055,1000,ACTIVE
E005-T001296,E005,E005-AS027,2026-08-03 07:00:00,EDR,940,1000,ACTIVE
E005-T001297,E005,E005-AS028,2026-08-01 08:00:00,EDR,980,1000,ACTIVE
E005-T001298,E005,E005-AS028,2026-08-01 09:00:00,EDR,1085,1000,ACTIVE
E005-T001299,E005,E005-AS028,2026-08-01 10:00:00,EDR,981,1000,ACTIVE
E005-T001300,E005,E005-AS028,2026-08-01 11:00:00,EDR,1019,1000,ACTIVE
E005-T001301,E005,E005-AS028,2026-08-01 12:00:00,EDR,943,1000,ACTIVE
E005-T001302,E005,E005-AS028,2026-08-01 13:00:00,EDR,910,1000,ACTIVE
E005-T001303,E005,E005-AS028,2026-08-01 14:00:00,EDR,1050,1000,ACTIVE
E005-T001304,E005,E005-AS028,2026-08-01 15:00:00,EDR,929,1000,ACTIVE
E005-T001305,E005,E005-AS028,2026-08-01 16:00:00,EDR,1030,1000,ACTIVE
E005-T001306,E005,E005-AS028,2026-08-01 17:00:00,EDR,1010,1000,ACTIVE
E005-T001307,E005,E005-AS028,2026-08-01 18:00:00,EDR,1082,1000,ACTIVE
E005-T001308,E005,E005-AS028,2026-08-01 19:00:00,EDR,1093,1000,ACTIVE
E005-T001309,E005,E005-AS028,2026-08-01 20:00:00,EDR,901,1000,ACTIVE
E005-T001310,E005,E005-AS028,2026-08-01 21:00:00,EDR,1004,1000,ACTIVE
E005-T001311,E005,E005-AS028,2026-08-01 22:00:00,EDR,1038,1000,ACTIVE
E005-T001312,E005,E005-AS028,2026-08-01 23:00:00,EDR,954,1000,ACTIVE
E005-T001313,E005,E005-AS028,2026-08-02 00:00:00,EDR,1044,1000,ACTIVE
E005-T001314,E005,E005-AS028,2026-08-02 01:00:00,EDR,1032,1000,ACTIVE
E005-T001315,E005,E005-AS028,2026-08-02 02:00:00,EDR,958,1000,ACTIVE
E005-T001316,E005,E005-AS028,2026-08-02 03:00:00,EDR,989,1000,ACTIVE
E005-T001317,E005,E005-AS028,2026-08-02 04:00:00,EDR,1076,1000,ACTIVE
E005-T001318,E005,E005-AS028,2026-08-02 05:00:00,EDR,950,1000,ACTIVE
E005-T001319,E005,E005-AS028,2026-08-02 06:00:00,EDR,931,1000,ACTIVE
E005-T001320,E005,E005-AS028,2026-08-02 07:00:00,EDR,992,1000,ACTIVE
E005-T001321,E005,E005-AS028,2026-08-02 08:00:00,EDR,1054,1000,ACTIVE
E005-T001322,E005,E005-AS028,2026-08-02 09:00:00,EDR,924,1000,ACTIVE
E005-T001323,E005,E005-AS028,2026-08-02 10:00:00,EDR,1087,1000,ACTIVE
E005-T001324,E005,E005-AS028,2026-08-02 11:00:00,EDR,909,1000,ACTIVE
E005-T001325,E005,E005-AS028,2026-08-02 12:00:00,EDR,1011,1000,ACTIVE
E005-T001326,E005,E005-AS028,2026-08-02 13:00:00,EDR,1063,1000,ACTIVE
E005-T001327,E005,E005-AS028,2026-08-02 14:00:00,EDR,1050,1000,ACTIVE
E005-T001328,E005,E005-AS028,2026-08-02 15:00:00,EDR,1065,1000,ACTIVE
E005-T001329,E005,E005-AS028,2026-08-02 16:00:00,EDR,1002,1000,ACTIVE
E005-T001330,E005,E005-AS028,2026-08-02 17:00:00,EDR,1014,1000,ACTIVE
E005-T001331,E005,E005-AS028,2026-08-02 18:00:00,EDR,1071,1000,ACTIVE
E005-T001332,E005,E005-AS028,2026-08-02 19:00:00,EDR,1075,1000,ACTIVE
E005-T001333,E005,E005-AS028,2026-08-02 20:00:00,EDR,1067,1000,ACTIVE
E005-T001334,E005,E005-AS028,2026-08-02 21:00:00,EDR,995,1000,ACTIVE
E005-T001335,E005,E005-AS028,2026-08-02 22:00:00,EDR,965,1000,ACTIVE
E005-T001336,E005,E005-AS028,2026-08-02 23:00:00,EDR,1056,1000,ACTIVE
E005-T001337,E005,E005-AS028,2026-08-03 00:00:00,EDR,952,1000,ACTIVE
E005-T001338,E005,E005-AS028,2026-08-03 01:00:00,EDR,962,1000,ACTIVE
E005-T001339,E005,E005-AS028,2026-08-03 02:00:00,EDR,978,1000,ACTIVE
E005-T001340,E005,E005-AS028,2026-08-03 03:00:00,EDR,1080,1000,ACTIVE
E005-T001341,E005,E005-AS028,2026-08-03 04:00:00,EDR,978,1000,ACTIVE
E005-T001342,E005,E005-AS028,2026-08-03 05:00:00,EDR,1012,1000,ACTIVE
E005-T001343,E005,E005-AS028,2026-08-03 06:00:00,EDR,1053,1000,ACTIVE
E005-T001344,E005,E005-AS028,2026-08-03 07:00:00,EDR,960,1000,ACTIVE
E005-T001345,E005,E005-AS029,2026-08-01 08:00:00,EDR,1083,1000,ACTIVE
E005-T001346,E005,E005-AS029,2026-08-01 09:00:00,EDR,948,1000,ACTIVE
E005-T001347,E005,E005-AS029,2026-08-01 10:00:00,EDR,948,1000,ACTIVE
E005-T001348,E005,E005-AS029,2026-08-01 11:00:00,EDR,1079,1000,ACTIVE
E005-T001349,E005,E005-AS029,2026-08-01 12:00:00,EDR,940,1000,ACTIVE
E005-T001350,E005,E005-AS029,2026-08-01 13:00:00,EDR,1060,1000,ACTIVE
E005-T001351,E005,E005-AS029,2026-08-01 14:00:00,EDR,971,1000,ACTIVE
E005-T001352,E005,E005-AS029,2026-08-01 15:00:00,EDR,964,1000,ACTIVE
E005-T001353,E005,E005-AS029,2026-08-01 16:00:00,EDR,1089,1000,ACTIVE
E005-T001354,E005,E005-AS029,2026-08-01 17:00:00,EDR,947,1000,ACTIVE
E005-T001355,E005,E005-AS029,2026-08-01 18:00:00,EDR,1018,1000,ACTIVE
E005-T001356,E005,E005-AS029,2026-08-01 19:00:00,EDR,960,1000,ACTIVE
E005-T001357,E005,E005-AS029,2026-08-01 20:00:00,EDR,916,1000,ACTIVE
E005-T001358,E005,E005-AS029,2026-08-01 21:00:00,EDR,900,1000,ACTIVE
E005-T001359,E005,E005-AS029,2026-08-01 22:00:00,EDR,981,1000,ACTIVE
E005-T001360,E005,E005-AS029,2026-08-01 23:00:00,EDR,1020,1000,ACTIVE
E005-T001361,E005,E005-AS029,2026-08-02 00:00:00,EDR,947,1000,ACTIVE
E005-T001362,E005,E005-AS029,2026-08-02 01:00:00,EDR,914,1000,ACTIVE
E005-T001363,E005,E005-AS029,2026-08-02 02:00:00,EDR,1015,1000,ACTIVE
E005-T001364,E005,E005-AS029,2026-08-02 03:00:00,EDR,947,1000,ACTIVE
E005-T001365,E005,E005-AS029,2026-08-02 04:00:00,EDR,1046,1000,ACTIVE
E005-T001366,E005,E005-AS029,2026-08-02 05:00:00,EDR,1030,1000,ACTIVE
E005-T001367,E005,E005-AS029,2026-08-02 06:00:00,EDR,923,1000,ACTIVE
E005-T001368,E005,E005-AS029,2026-08-02 07:00:00,EDR,1002,1000,ACTIVE
E005-T001369,E005,E005-AS029,2026-08-02 08:00:00,EDR,1097,1000,ACTIVE
E005-T001370,E005,E005-AS029,2026-08-02 09:00:00,EDR,1029,1000,ACTIVE
E005-T001371,E005,E005-AS029,2026-08-02 10:00:00,EDR,924,1000,ACTIVE
E005-T001372,E005,E005-AS029,2026-08-02 11:00:00,EDR,1049,1000,ACTIVE
E005-T001373,E005,E005-AS029,2026-08-02 12:00:00,EDR,1084,1000,ACTIVE
E005-T001374,E005,E005-AS029,2026-08-02 13:00:00,EDR,1031,1000,ACTIVE
E005-T001375,E005,E005-AS029,2026-08-02 14:00:00,EDR,1025,1000,ACTIVE
E005-T001376,E005,E005-AS029,2026-08-02 15:00:00,EDR,919,1000,ACTIVE
E005-T001377,E005,E005-AS029,2026-08-02 16:00:00,EDR,1051,1000,ACTIVE
E005-T001378,E005,E005-AS029,2026-08-02 17:00:00,EDR,915,1000,ACTIVE
E005-T001379,E005,E005-AS029,2026-08-02 18:00:00,EDR,936,1000,ACTIVE
E005-T001380,E005,E005-AS029,2026-08-02 19:00:00,EDR,1025,1000,ACTIVE
E005-T001381,E005,E005-AS029,2026-08-02 20:00:00,EDR,990,1000,ACTIVE
E005-T001382,E005,E005-AS029,2026-08-02 21:00:00,EDR,1008,1000,ACTIVE
E005-T001383,E005,E005-AS029,2026-08-02 22:00:00,EDR,1007,1000,ACTIVE
E005-T001384,E005,E005-AS029,2026-08-02 23:00:00,EDR,950,1000,ACTIVE
E005-T001385,E005,E005-AS029,2026-08-03 00:00:00,EDR,1063,1000,ACTIVE
E005-T001386,E005,E005-AS029,2026-08-03 01:00:00,EDR,934,1000,ACTIVE
E005-T001387,E005,E005-AS029,2026-08-03 02:00:00,EDR,965,1000,ACTIVE
E005-T001388,E005,E005-AS029,2026-08-03 03:00:00,EDR,1008,1000,ACTIVE
E005-T001389,E005,E005-AS029,2026-08-03 04:00:00,EDR,1096,1000,ACTIVE
E005-T001390,E005,E005-AS029,2026-08-03 05:00:00,EDR,941,1000,ACTIVE
E005-T001391,E005,E005-AS029,2026-08-03 06:00:00,EDR,1000,1000,ACTIVE
E005-T001392,E005,E005-AS029,2026-08-03 07:00:00,EDR,1066,1000,ACTIVE
E005-T001393,E005,E005-AS030,2026-08-01 08:00:00,EDR,911,1000,ACTIVE
E005-T001394,E005,E005-AS030,2026-08-01 09:00:00,EDR,964,1000,ACTIVE
E005-T001395,E005,E005-AS030,2026-08-01 10:00:00,EDR,948,1000,ACTIVE
E005-T001396,E005,E005-AS030,2026-08-01 11:00:00,EDR,1015,1000,ACTIVE
E005-T001397,E005,E005-AS030,2026-08-01 12:00:00,EDR,970,1000,ACTIVE
E005-T001398,E005,E005-AS030,2026-08-01 13:00:00,EDR,1079,1000,ACTIVE
E005-T001399,E005,E005-AS030,2026-08-01 14:00:00,EDR,946,1000,ACTIVE
E005-T001400,E005,E005-AS030,2026-08-01 15:00:00,EDR,1097,1000,ACTIVE
E005-T001401,E005,E005-AS030,2026-08-01 16:00:00,EDR,1043,1000,ACTIVE
E005-T001402,E005,E005-AS030,2026-08-01 17:00:00,EDR,1073,1000,ACTIVE
E005-T001403,E005,E005-AS030,2026-08-01 18:00:00,EDR,931,1000,ACTIVE
E005-T001404,E005,E005-AS030,2026-08-01 19:00:00,EDR,1013,1000,ACTIVE
E005-T001405,E005,E005-AS030,2026-08-01 20:00:00,EDR,928,1000,ACTIVE
E005-T001406,E005,E005-AS030,2026-08-01 21:00:00,EDR,1065,1000,ACTIVE
E005-T001407,E005,E005-AS030,2026-08-01 22:00:00,EDR,1038,1000,ACTIVE
E005-T001408,E005,E005-AS030,2026-08-01 23:00:00,EDR,1051,1000,ACTIVE
E005-T001409,E005,E005-AS030,2026-08-02 00:00:00,EDR,902,1000,ACTIVE
E005-T001410,E005,E005-AS030,2026-08-02 01:00:00,EDR,957,1000,ACTIVE
E005-T001411,E005,E005-AS030,2026-08-02 02:00:00,EDR,1083,1000,ACTIVE
E005-T001412,E005,E005-AS030,2026-08-02 03:00:00,EDR,1029,1000,ACTIVE
E005-T001413,E005,E005-AS030,2026-08-02 04:00:00,EDR,991,1000,ACTIVE
E005-T001414,E005,E005-AS030,2026-08-02 05:00:00,EDR,1074,1000,ACTIVE
E005-T001415,E005,E005-AS030,2026-08-02 06:00:00,EDR,951,1000,ACTIVE
E005-T001416,E005,E005-AS030,2026-08-02 07:00:00,EDR,904,1000,ACTIVE
E005-T001417,E005,E005-AS030,2026-08-02 08:00:00,EDR,1057,1000,ACTIVE
E005-T001418,E005,E005-AS030,2026-08-02 09:00:00,EDR,904,1000,ACTIVE
E005-T001419,E005,E005-AS030,2026-08-02 10:00:00,EDR,991,1000,ACTIVE
E005-T001420,E005,E005-AS030,2026-08-02 11:00:00,EDR,1029,1000,ACTIVE
E005-T001421,E005,E005-AS030,2026-08-02 12:00:00,EDR,1013,1000,ACTIVE
E005-T001422,E005,E005-AS030,2026-08-02 13:00:00,EDR,914,1000,ACTIVE
E005-T001423,E005,E005-AS030,2026-08-02 14:00:00,EDR,1061,1000,ACTIVE
E005-T001424,E005,E005-AS030,2026-08-02 15:00:00,EDR,1028,1000,ACTIVE
E005-T001425,E005,E005-AS030,2026-08-02 16:00:00,EDR,1077,1000,ACTIVE
E005-T001426,E005,E005-AS030,2026-08-02 17:00:00,EDR,1023,1000,ACTIVE
E005-T001427,E005,E005-AS030,2026-08-02 18:00:00,EDR,922,1000,ACTIVE
E005-T001428,E005,E005-AS030,2026-08-02 19:00:00,EDR,1033,1000,ACTIVE
E005-T001429,E005,E005-AS030,2026-08-02 20:00:00,EDR,1051,1000,ACTIVE
E005-T001430,E005,E005-AS030,2026-08-02 21:00:00,EDR,999,1000,ACTIVE
E005-T001431,E005,E005-AS030,2026-08-02 22:00:00,EDR,1080,1000,ACTIVE
E005-T001432,E005,E005-AS030,2026-08-02 23:00:00,EDR,919,1000,ACTIVE
E005-T001433,E005,E005-AS030,2026-08-03 00:00:00,EDR,976,1000,ACTIVE
E005-T001434,E005,E005-AS030,2026-08-03 01:00:00,EDR,938,1000,ACTIVE
E005-T001435,E005,E005-AS030,2026-08-03 02:00:00,EDR,1040,1000,ACTIVE
E005-T001436,E005,E005-AS030,2026-08-03 03:00:00,EDR,988,1000,ACTIVE
E005-T001437,E005,E005-AS030,2026-08-03 04:00:00,EDR,1025,1000,ACTIVE
E005-T001438,E005,E005-AS030,2026-08-03 05:00:00,EDR,1017,1000,ACTIVE
E005-T001439,E005,E005-AS030,2026-08-03 06:00:00,EDR,1099,1000,ACTIVE
E005-T001440,E005,E005-AS030,2026-08-03 07:00:00,EDR,1086,1000,ACTIVE
