telemetry_id,entity_id,asset_id,timestamp,source_type,event_count,expected_event_count,status
E004-T000001,E004,E004-AS001,2026-08-01 08:00:00,SNMP,880,971,ACTIVE
E004-T000002,E004,E004-AS002,2026-08-01 08:00:00,NETFLOW,1003,1048,ACTIVE
E004-T000003,E004,E004-AS003,2026-08-01 08:00:00,SYSLOG,961,995,ACTIVE
E004-T000004,E004,E004-AS004,2026-08-01 08:00:00,SIEM,990,917,ACTIVE
E004-T000005,E004,E004-AS005,2026-08-01 08:00:00,IDS,924,921,ACTIVE
E004-T000006,E004,E004-AS006,2026-08-01 08:00:00,SNMP,877,936,ACTIVE
E004-T000007,E004,E004-AS007,2026-08-01 08:00:00,NETFLOW,837,1000,DEGRADED
E004-T000008,E004,E004-AS008,2026-08-01 08:00:00,SYSLOG,1170,1094,ACTIVE
E004-T000009,E004,E004-AS009,2026-08-01 08:00:00,SIEM,586,1031,DEGRADED
E004-T000010,E004,E004-AS010,2026-08-01 08:00:00,IDS,1051,1018,ACTIVE
E004-T000011,E004,E004-AS011,2026-08-01 08:00:00,SNMP,905,976,ACTIVE
E004-T000012,E004,E004-AS012,2026-08-01 08:00:00,NETFLOW,817,990,DEGRADED
E004-T000013,E004,E004-AS013,2026-08-01 08:00:00,SYSLOG,1046,1095,ACTIVE
E004-T000014,E004,E004-AS014,2026-08-01 08:00:00,SIEM,873,903,DELAYED
E004-T000015,E004,E004-AS015,2026-08-01 08:00:00,IDS,909,937,ACTIVE
E004-T000016,E004,E004-AS016,2026-08-01 08:00:00,SNMP,858,1060,DEGRADED
E004-T000017,E004,E004-AS017,2026-08-01 08:00:00,NETFLOW,986,1084,ACTIVE
E004-T000018,E004,E004-AS018,2026-08-01 08:00:00,SYSLOG,875,917,ACTIVE
E004-T000019,E004,E004-AS019,2026-08-01 08:00:00,SIEM,986,1081,ACTIVE
E004-T000020,E004,E004-AS020,2026-08-01 08:00:00,IDS,1010,1039,ACTIVE
E004-T000021,E004,E004-AS021,2026-08-01 08:00:00,SNMP,1024,952,ACTIVE
E004-T000022,E004,E004-AS022,2026-08-01 08:00:00,NETFLOW,1075,1024,ACTIVE
E004-T000023,E004,E004-AS023,2026-08-01 08:00:00,SYSLOG,980,915,ACTIVE
E004-T000024,E004,E004-AS024,2026-08-01 08:00:00,SIEM,913,954,ACTIVE
E004-T000025,E004,E004-AS025,2026-08-01 08:00:00,IDS,957,1034,ACTIVE
E004-T000026,E004,E004-AS026,2026-08-01 08:00:00,SNMP,1139,1064,ACTIVE
E004-T000027,E004,E004-AS027,2026-08-01 08:00:00,NETFLOW,728,1047,DEGRADED
E004-T000028,E004,E004-AS028,2026-08-01 08:00:00,SYSLOG,613,948,DEGRADED
E004-T000029,E004,E004-AS029,2026-08-01 08:00:00,SIEM,949,1008,DELAYED
E004-T000030,E004,E004-AS030,2026-08-01 08:00:00,IDS,1024,940,ACTIVE
E004-T000031,E004,E004-AS001,2026-08-01 09:00:00,SNMP,1081,1065,ACTIVE
E004-T000032,E004,E004-AS002,2026-08-01 09:00:00,NETFLOW,936,909,ACTIVE
E004-T000033,E004,E004-AS003,2026-08-01 09:00:00,SYSLOG,982,919,ACTIVE
E004-T000034,E004,E004-AS004,2026-08-01 09:00:00,SIEM,947,1033,ACTIVE
E004-T000035,E004,E004-AS005,2026-08-01 09:00:00,IDS,1142,1044,ACTIVE
E004-T000036,E004,E004-AS006,2026-08-01 09:00:00,SNMP,832,920,ACTIVE
E004-T000037,E004,E004-AS007,2026-08-01 09:00:00,NETFLOW,974,1078,ACTIVE
E004-T000038,E004,E004-AS008,2026-08-01 09:00:00,SYSLOG,1117,1058,ACTIVE
E004-T000039,E004,E004-AS009,2026-08-01 09:00:00,SIEM,991,917,ACTIVE
E004-T000040,E004,E004-AS010,2026-08-01 09:00:00,IDS,964,935,ACTIVE
E004-T000041,E004,E004-AS011,2026-08-01 09:00:00,SNMP,874,921,ACTIVE
E004-T000042,E004,E004-AS012,2026-08-01 09:00:00,NETFLOW,937,939,ACTIVE
E004-T000043,E004,E004-AS013,2026-08-01 09:00:00,SYSLOG,956,951,ACTIVE
E004-T000044,E004,E004-AS014,2026-08-01 09:00:00,SIEM,758,971,DEGRADED
E004-T000045,E004,E004-AS015,2026-08-01 09:00:00,IDS,1076,1086,ACTIVE
E004-T000046,E004,E004-AS016,2026-08-01 09:00:00,SNMP,1067,1024,ACTIVE
E004-T000047,E004,E004-AS017,2026-08-01 09:00:00,NETFLOW,1144,1097,ACTIVE
E004-T000048,E004,E004-AS018,2026-08-01 09:00:00,SYSLOG,1012,1075,ACTIVE
E004-T000049,E004,E004-AS019,2026-08-01 09:00:00,SIEM,1066,981,ACTIVE
E004-T000050,E004,E004-AS020,2026-08-01 09:00:00,IDS,987,967,ACTIVE
E004-T000051,E004,E004-AS021,2026-08-01 09:00:00,SNMP,787,1089,DEGRADED
E004-T000052,E004,E004-AS022,2026-08-01 09:00:00,NETFLOW,831,915,ACTIVE
E004-T000053,E004,E004-AS023,2026-08-01 09:00:00,SYSLOG,1183,1084,ACTIVE
E004-T000054,E004,E004-AS024,2026-08-01 09:00:00,SIEM,1107,1034,ACTIVE
E004-T000055,E004,E004-AS025,2026-08-01 09:00:00,IDS,1083,1010,ACTIVE
E004-T000056,E004,E004-AS026,2026-08-01 09:00:00,SNMP,935,925,ACTIVE
E004-T000057,E004,E004-AS027,2026-08-01 09:00:00,NETFLOW,979,943,ACTIVE
E004-T000058,E004,E004-AS028,2026-08-01 09:00:00,SYSLOG,903,972,ACTIVE
E004-T000059,E004,E004-AS029,2026-08-01 09:00:00,SIEM,1016,1017,ACTIVE
E004-T000060,E004,E004-AS030,2026-08-01 09:00:00,IDS,1040,1074,ACTIVE
E004-T000061,E004,E004-AS001,2026-08-01 10:00:00,SNMP,778,938,DELAYED
E004-T000062,E004,E004-AS002,2026-08-01 10:00:00,NETFLOW,914,983,DELAYED
E004-T000063,E004,E004-AS003,2026-08-01 10:00:00,SYSLOG,1016,1041,ACTIVE
E004-T000064,E004,E004-AS004,2026-08-01 10:00:00,SIEM,953,1026,ACTIVE
E004-T000065,E004,E004-AS005,2026-08-01 10:00:00,IDS,945,986,ACTIVE
E004-T000066,E004,E004-AS006,2026-08-01 10:00:00,SNMP,928,924,ACTIVE
E004-T000067,E004,E004-AS007,2026-08-01 10:00:00,NETFLOW,969,1076,ACTIVE
E004-T000068,E004,E004-AS008,2026-08-01 10:00:00,SYSLOG,910,912,ACTIVE
E004-T000069,E004,E004-AS009,2026-08-01 10:00:00,SIEM,615,979,DEGRADED
E004-T000070,E004,E004-AS010,2026-08-01 10:00:00,IDS,1093,1076,ACTIVE
E004-T000071,E004,E004-AS011,2026-08-01 10:00:00,SNMP,1023,1006,ACTIVE
E004-T000072,E004,E004-AS012,2026-08-01 10:00:00,NETFLOW,939,918,ACTIVE
E004-T000073,E004,E004-AS013,2026-08-01 10:00:00,SYSLOG,1124,1096,ACTIVE
E004-T000074,E004,E004-AS014,2026-08-01 10:00:00,SIEM,1012,949,ACTIVE
E004-T000075,E004,E004-AS015,2026-08-01 10:00:00,IDS,869,946,ACTIVE
E004-T000076,E004,E004-AS016,2026-08-01 10:00:00,SNMP,1020,1090,ACTIVE
E004-T000077,E004,E004-AS017,2026-08-01 10:00:00,NETFLOW,1067,1059,ACTIVE
E004-T000078,E004,E004-AS018,2026-08-01 10:00:00,SYSLOG,1061,1064,ACTIVE
E004-T000079,E004,E004-AS019,2026-08-01 10:00:00,SIEM,1070,1051,ACTIVE
E004-T000080,E004,E004-AS020,2026-08-01 10:00:00,IDS,1176,1074,ACTIVE
E004-T000081,E004,E004-AS021,2026-08-01 10:00:00,SNMP,1134,1064,ACTIVE
E004-T000082,E004,E004-AS022,2026-08-01 10:00:00,NETFLOW,1108,1042,ACTIVE
E004-T000083,E004,E004-AS023,2026-08-01 10:00:00,SYSLOG,1067,1053,ACTIVE
E004-T000084,E004,E004-AS024,2026-08-01 10:00:00,SIEM,1027,989,ACTIVE
E004-T000085,E004,E004-AS025,2026-08-01 10:00:00,IDS,788,950,DEGRADED
E004-T000086,E004,E004-AS026,2026-08-01 10:00:00,SNMP,985,908,ACTIVE
E004-T000087,E004,E004-AS027,2026-08-01 10:00:00,NETFLOW,843,915,ACTIVE
E004-T000088,E004,E004-AS028,2026-08-01 10:00:00,SYSLOG,942,926,ACTIVE
E004-T000089,E004,E004-AS029,2026-08-01 10:00:00,SIEM,1074,1023,ACTIVE
E004-T000090,E004,E004-AS030,2026-08-01 10:00:00,IDS,777,1006,DEGRADED
E004-T000091,E004,E004-AS001,2026-08-01 11:00:00,SNMP,864,943,ACTIVE
E004-T000092,E004,E004-AS002,2026-08-01 11:00:00,NETFLOW,1083,1083,ACTIVE
E004-T000093,E004,E004-AS003,2026-08-01 11:00:00,SYSLOG,988,1042,ACTIVE
E004-T000094,E004,E004-AS004,2026-08-01 11:00:00,SIEM,840,908,ACTIVE
E004-T000095,E004,E004-AS005,2026-08-01 11:00:00,IDS,928,935,ACTIVE
E004-T000096,E004,E004-AS006,2026-08-01 11:00:00,SNMP,1097,1078,ACTIVE
E004-T000097,E004,E004-AS007,2026-08-01 11:00:00,NETFLOW,991,901,ACTIVE
E004-T000098,E004,E004-AS008,2026-08-01 11:00:00,SYSLOG,1140,1085,ACTIVE
E004-T000099,E004,E004-AS009,2026-08-01 11:00:00,SIEM,1099,1047,ACTIVE
E004-T000100,E004,E004-AS010,2026-08-01 11:00:00,IDS,1106,1071,ACTIVE
E004-T000101,E004,E004-AS011,2026-08-01 11:00:00,SNMP,992,1086,ACTIVE
E004-T000102,E004,E004-AS012,2026-08-01 11:00:00,NETFLOW,969,975,ACTIVE
E004-T000103,E004,E004-AS013,2026-08-01 11:00:00,SYSLOG,1047,956,ACTIVE
E004-T000104,E004,E004-AS014,2026-08-01 11:00:00,SIEM,978,920,ACTIVE
E004-T000105,E004,E004-AS015,2026-08-01 11:00:00,IDS,930,1026,ACTIVE
E004-T000106,E004,E004-AS016,2026-08-01 11:00:00,SNMP,1011,1000,ACTIVE
E004-T000107,E004,E004-AS017,2026-08-01 11:00:00,NETFLOW,1136,1031,ACTIVE
E004-T000108,E004,E004-AS018,2026-08-01 11:00:00,SYSLOG,1161,1071,ACTIVE
E004-T000109,E004,E004-AS019,2026-08-01 11:00:00,SIEM,889,914,ACTIVE
E004-T000110,E004,E004-AS020,2026-08-01 11:00:00,IDS,981,984,ACTIVE
E004-T000111,E004,E004-AS021,2026-08-01 11:00:00,SNMP,986,958,ACTIVE
E004-T000112,E004,E004-AS022,2026-08-01 11:00:00,NETFLOW,871,953,ACTIVE
E004-T000113,E004,E004-AS023,2026-08-01 11:00:00,SYSLOG,839,925,ACTIVE
E004-T000114,E004,E004-AS024,2026-08-01 11:00:00,SIEM,1179,1084,ACTIVE
E004-T000115,E004,E004-AS025,2026-08-01 11:00:00,IDS,887,900,ACTIVE
E004-T000116,E004,E004-AS026,2026-08-01 11:00:00,SNMP,974,947,ACTIVE
E004-T000117,E004,E004-AS027,2026-08-01 11:00:00,NETFLOW,942,949,ACTIVE
E004-T000118,E004,E004-AS028,2026-08-01 11:00:00,SYSLOG,993,1072,ACTIVE
E004-T000119,E004,E004-AS029,2026-08-01 11:00:00,SIEM,943,915,ACTIVE
E004-T000120,E004,E004-AS030,2026-08-01 11:00:00,IDS,1087,1026,ACTIVE
E004-T000121,E004,E004-AS001,2026-08-01 12:00:00,SNMP,934,951,ACTIVE
E004-T000122,E004,E004-AS002,2026-08-01 12:00:00,NETFLOW,1025,1070,ACTIVE
E004-T000123,E004,E004-AS003,2026-08-01 12:00:00,SYSLOG,1188,1097,ACTIVE
E004-T000124,E004,E004-AS004,2026-08-01 12:00:00,SIEM,927,1066,DELAYED
E004-T000125,E004,E004-AS005,2026-08-01 12:00:00,IDS,1030,1049,ACTIVE
E004-T000126,E004,E004-AS006,2026-08-01 12:00:00,SNMP,1004,951,ACTIVE
E004-T000127,E004,E004-AS007,2026-08-01 12:00:00,NETFLOW,954,961,ACTIVE
E004-T000128,E004,E004-AS008,2026-08-01 12:00:00,SYSLOG,1014,1006,ACTIVE
E004-T000129,E004,E004-AS009,2026-08-01 12:00:00,SIEM,743,1100,DEGRADED
E004-T000130,E004,E004-AS010,2026-08-01 12:00:00,IDS,868,950,ACTIVE
E004-T000131,E004,E004-AS011,2026-08-01 12:00:00,SNMP,1022,976,ACTIVE
E004-T000132,E004,E004-AS012,2026-08-01 12:00:00,NETFLOW,830,902,ACTIVE
E004-T000133,E004,E004-AS013,2026-08-01 12:00:00,SYSLOG,979,1001,ACTIVE
E004-T000134,E004,E004-AS014,2026-08-01 12:00:00,SIEM,1077,1041,ACTIVE
E004-T000135,E004,E004-AS015,2026-08-01 12:00:00,IDS,1038,1010,ACTIVE
E004-T000136,E004,E004-AS016,2026-08-01 12:00:00,SNMP,980,973,ACTIVE
E004-T000137,E004,E004-AS017,2026-08-01 12:00:00,NETFLOW,1044,1057,ACTIVE
E004-T000138,E004,E004-AS018,2026-08-01 12:00:00,SYSLOG,990,902,ACTIVE
E004-T000139,E004,E004-AS019,2026-08-01 12:00:00,SIEM,955,920,ACTIVE
E004-T000140,E004,E004-AS020,2026-08-01 12:00:00,IDS,906,964,ACTIVE
E004-T000141,E004,E004-AS021,2026-08-01 12:00:00,SNMP,1023,1005,ACTIVE
E004-T000142,E004,E004-AS022,2026-08-01 12:00:00,NETFLOW,1029,1099,ACTIVE
E004-T000143,E004,E004-AS023,2026-08-01 12:00:00,SYSLOG,873,943,ACTIVE
E004-T000144,E004,E004-AS024,2026-08-01 12:00:00,SIEM,977,961,ACTIVE
E004-T000145,E004,E004-AS025,2026-08-01 12:00:00,IDS,1042,992,ACTIVE
E004-T000146,E004,E004-AS026,2026-08-01 12:00:00,SNMP,1096,1099,DELAYED
E004-T000147,E004,E004-AS027,2026-08-01 12:00:00,NETFLOW,1051,1043,ACTIVE
E004-T000148,E004,E004-AS028,2026-08-01 12:00:00,SYSLOG,700,949,DEGRADED
E004-T000149,E004,E004-AS029,2026-08-01 12:00:00,SIEM,640,901,DEGRADED
E004-T000150,E004,E004-AS030,2026-08-01 12:00:00,IDS,941,921,ACTIVE
E004-T000151,E004,E004-AS001,2026-08-01 13:00:00,SNMP,1083,1007,ACTIVE
E004-T000152,E004,E004-AS002,2026-08-01 13:00:00,NETFLOW,990,1089,ACTIVE
E004-T000153,E004,E004-AS003,2026-08-01 13:00:00,SYSLOG,1184,1085,ACTIVE
E004-T000154,E004,E004-AS004,2026-08-01 13:00:00,SIEM,1002,916,ACTIVE
E004-T000155,E004,E004-AS005,2026-08-01 13:00:00,IDS,1189,1079,ACTIVE
E004-T000156,E004,E004-AS006,2026-08-01 13:00:00,SNMP,954,1006,ACTIVE
E004-T000157,E004,E004-AS007,2026-08-01 13:00:00,NETFLOW,1052,1051,ACTIVE
E004-T000158,E004,E004-AS008,2026-08-01 13:00:00,SYSLOG,1006,1078,ACTIVE
E004-T000159,E004,E004-AS009,2026-08-01 13:00:00,SIEM,712,1087,DEGRADED
E004-T000160,E004,E004-AS010,2026-08-01 13:00:00,IDS,1035,984,ACTIVE
E004-T000161,E004,E004-AS011,2026-08-01 13:00:00,SNMP,911,1000,ACTIVE
E004-T000162,E004,E004-AS012,2026-08-01 13:00:00,NETFLOW,919,995,ACTIVE
E004-T000163,E004,E004-AS013,2026-08-01 13:00:00,SYSLOG,953,1006,ACTIVE
E004-T000164,E004,E004-AS014,2026-08-01 13:00:00,SIEM,1084,1080,ACTIVE
E004-T000165,E004,E004-AS015,2026-08-01 13:00:00,IDS,992,950,ACTIVE
E004-T000166,E004,E004-AS016,2026-08-01 13:00:00,SNMP,1004,1027,ACTIVE
E004-T000167,E004,E004-AS017,2026-08-01 13:00:00,NETFLOW,957,1003,ACTIVE
E004-T000168,E004,E004-AS018,2026-08-01 13:00:00,SYSLOG,1050,1072,ACTIVE
E004-T000169,E004,E004-AS019,2026-08-01 13:00:00,SIEM,1181,1073,ACTIVE
E004-T000170,E004,E004-AS020,2026-08-01 13:00:00,IDS,1182,1080,ACTIVE
E004-T000171,E004,E004-AS021,2026-08-01 13:00:00,SNMP,945,915,ACTIVE
E004-T000172,E004,E004-AS022,2026-08-01 13:00:00,NETFLOW,1118,1071,ACTIVE
E004-T000173,E004,E004-AS023,2026-08-01 13:00:00,SYSLOG,874,971,DELAYED
E004-T000174,E004,E004-AS024,2026-08-01 13:00:00,SIEM,829,1034,DEGRADED
E004-T000175,E004,E004-AS025,2026-08-01 13:00:00,IDS,1019,1037,ACTIVE
E004-T000176,E004,E004-AS026,2026-08-01 13:00:00,SNMP,837,930,ACTIVE
E004-T000177,E004,E004-AS027,2026-08-01 13:00:00,NETFLOW,952,972,ACTIVE
E004-T000178,E004,E004-AS028,2026-08-01 13:00:00,SYSLOG,1148,1055,ACTIVE
E004-T000179,E004,E004-AS029,2026-08-01 13:00:00,SIEM,1142,1031,ACTIVE
E004-T000180,E004,E004-AS030,2026-08-01 13:00:00,IDS,605,912,DEGRADED
E004-T000181,E004,E004-AS001,2026-08-01 14:00:00,SNMP,931,911,ACTIVE
E004-T000182,E004,E004-AS002,2026-08-01 14:00:00,NETFLOW,1031,1065,ACTIVE
E004-T000183,E004,E004-AS003,2026-08-01 14:00:00,SYSLOG,819,910,ACTIVE
E004-T000184,E004,E004-AS004,2026-08-01 14:00:00,SIEM,932,958,ACTIVE
E004-T000185,E004,E004-AS005,2026-08-01 14:00:00,IDS,978,920,ACTIVE
E004-T000186,E004,E004-AS006,2026-08-01 14:00:00,SNMP,1143,1081,ACTIVE
E004-T000187,E004,E004-AS007,2026-08-01 14:00:00,NETFLOW,1016,1090,ACTIVE
E004-T000188,E004,E004-AS008,2026-08-01 14:00:00,SYSLOG,986,1091,ACTIVE
E004-T000189,E004,E004-AS009,2026-08-01 14:00:00,SIEM,962,924,ACTIVE
E004-T000190,E004,E004-AS010,2026-08-01 14:00:00,IDS,974,1080,ACTIVE
E004-T000191,E004,E004-AS011,2026-08-01 14:00:00,SNMP,893,940,ACTIVE
E004-T000192,E004,E004-AS012,2026-08-01 14:00:00,NETFLOW,1085,1026,ACTIVE
E004-T000193,E004,E004-AS013,2026-08-01 14:00:00,SYSLOG,915,955,ACTIVE
E004-T000194,E004,E004-AS014,2026-08-01 14:00:00,SIEM,856,900,ACTIVE
E004-T000195,E004,E004-AS015,2026-08-01 14:00:00,IDS,1072,1028,ACTIVE
E004-T000196,E004,E004-AS016,2026-08-01 14:00:00,SNMP,1054,1090,ACTIVE
E004-T000197,E004,E004-AS017,2026-08-01 14:00:00,NETFLOW,959,947,ACTIVE
E004-T000198,E004,E004-AS018,2026-08-01 14:00:00,SYSLOG,662,909,DEGRADED
E004-T000199,E004,E004-AS019,2026-08-01 14:00:00,SIEM,1120,1073,ACTIVE
E004-T000200,E004,E004-AS020,2026-08-01 14:00:00,IDS,952,1054,ACTIVE
E004-T000201,E004,E004-AS021,2026-08-01 14:00:00,SNMP,1011,931,ACTIVE
E004-T000202,E004,E004-AS022,2026-08-01 14:00:00,NETFLOW,1129,1096,ACTIVE
E004-T000203,E004,E004-AS023,2026-08-01 14:00:00,SYSLOG,954,946,ACTIVE
E004-T000204,E004,E004-AS024,2026-08-01 14:00:00,SIEM,948,997,ACTIVE
E004-T000205,E004,E004-AS025,2026-08-01 14:00:00,IDS,1034,944,ACTIVE
E004-T000206,E004,E004-AS026,2026-08-01 14:00:00,SNMP,858,940,ACTIVE
E004-T000207,E004,E004-AS027,2026-08-01 14:00:00,NETFLOW,1071,971,ACTIVE
E004-T000208,E004,E004-AS028,2026-08-01 14:00:00,SYSLOG,889,933,ACTIVE
E004-T000209,E004,E004-AS029,2026-08-01 14:00:00,SIEM,883,945,ACTIVE
E004-T000210,E004,E004-AS030,2026-08-01 14:00:00,IDS,1052,1000,ACTIVE
E004-T000211,E004,E004-AS001,2026-08-01 15:00:00,SNMP,999,1062,ACTIVE
E004-T000212,E004,E004-AS002,2026-08-01 15:00:00,NETFLOW,927,988,ACTIVE
E004-T000213,E004,E004-AS003,2026-08-01 15:00:00,SYSLOG,944,1001,ACTIVE
E004-T000214,E004,E004-AS004,2026-08-01 15:00:00,SIEM,1036,1007,ACTIVE
E004-T000215,E004,E004-AS005,2026-08-01 15:00:00,IDS,832,911,ACTIVE
E004-T000216,E004,E004-AS006,2026-08-01 15:00:00,SNMP,1016,1013,ACTIVE
E004-T000217,E004,E004-AS007,2026-08-01 15:00:00,NETFLOW,962,938,ACTIVE
E004-T000218,E004,E004-AS008,2026-08-01 15:00:00,SYSLOG,1161,1078,ACTIVE
E004-T000219,E004,E004-AS009,2026-08-01 15:00:00,SIEM,635,997,DEGRADED
E004-T000220,E004,E004-AS010,2026-08-01 15:00:00,IDS,1029,1044,ACTIVE
E004-T000221,E004,E004-AS011,2026-08-01 15:00:00,SNMP,769,951,DEGRADED
E004-T000222,E004,E004-AS012,2026-08-01 15:00:00,NETFLOW,876,916,ACTIVE
E004-T000223,E004,E004-AS013,2026-08-01 15:00:00,SYSLOG,960,913,ACTIVE
E004-T000224,E004,E004-AS014,2026-08-01 15:00:00,SIEM,1135,1069,ACTIVE
E004-T000225,E004,E004-AS015,2026-08-01 15:00:00,IDS,1072,1088,ACTIVE
E004-T000226,E004,E004-AS016,2026-08-01 15:00:00,SNMP,1041,1094,DELAYED
E004-T000227,E004,E004-AS017,2026-08-01 15:00:00,NETFLOW,954,1054,ACTIVE
E004-T000228,E004,E004-AS018,2026-08-01 15:00:00,SYSLOG,1004,1031,ACTIVE
E004-T000229,E004,E004-AS019,2026-08-01 15:00:00,SIEM,1011,1072,ACTIVE
E004-T000230,E004,E004-AS020,2026-08-01 15:00:00,IDS,1133,1091,ACTIVE
E004-T000231,E004,E004-AS021,2026-08-01 15:00:00,SNMP,961,1026,DELAYED
E004-T000232,E004,E004-AS022,2026-08-01 15:00:00,NETFLOW,738,951,DEGRADED
E004-T000233,E004,E004-AS023,2026-08-01 15:00:00,SYSLOG,1005,937,ACTIVE
E004-T000234,E004,E004-AS024,2026-08-01 15:00:00,SIEM,1066,1040,ACTIVE
E004-T000235,E004,E004-AS025,2026-08-01 15:00:00,IDS,925,923,ACTIVE
E004-T000236,E004,E004-AS026,2026-08-01 15:00:00,SNMP,1080,982,ACTIVE
E004-T000237,E004,E004-AS027,2026-08-01 15:00:00,NETFLOW,906,936,ACTIVE
E004-T000238,E004,E004-AS028,2026-08-01 15:00:00,SYSLOG,1131,1030,ACTIVE
E004-T000239,E004,E004-AS029,2026-08-01 15:00:00,SIEM,935,905,ACTIVE
E004-T000240,E004,E004-AS030,2026-08-01 15:00:00,IDS,1079,1029,ACTIVE
E004-T000241,E004,E004-AS001,2026-08-01 16:00:00,SNMP,1037,989,ACTIVE
E004-T000242,E004,E004-AS002,2026-08-01 16:00:00,NETFLOW,760,998,DEGRADED
E004-T000243,E004,E004-AS003,2026-08-01 16:00:00,SYSLOG,1044,1079,ACTIVE
E004-T000244,E004,E004-AS004,2026-08-01 16:00:00,SIEM,881,1081,DELAYED
E004-T000245,E004,E004-AS005,2026-08-01 16:00:00,IDS,1189,1078,ACTIVE
E004-T000246,E004,E004-AS006,2026-08-01 16:00:00,SNMP,1004,1099,ACTIVE
E004-T000247,E004,E004-AS007,2026-08-01 16:00:00,NETFLOW,741,980,DEGRADED
E004-T000248,E004,E004-AS008,2026-08-01 16:00:00,SYSLOG,1000,922,ACTIVE
E004-T000249,E004,E004-AS009,2026-08-01 16:00:00,SIEM,821,978,DELAYED
E004-T000250,E004,E004-AS010,2026-08-01 16:00:00,IDS,1119,1070,ACTIVE
E004-T000251,E004,E004-AS011,2026-08-01 16:00:00,SNMP,925,1024,ACTIVE
E004-T000252,E004,E004-AS012,2026-08-01 16:00:00,NETFLOW,954,905,ACTIVE
E004-T000253,E004,E004-AS013,2026-08-01 16:00:00,SYSLOG,963,949,ACTIVE
E004-T000254,E004,E004-AS014,2026-08-01 16:00:00,SIEM,1042,940,ACTIVE
E004-T000255,E004,E004-AS015,2026-08-01 16:00:00,IDS,882,980,ACTIVE
E004-T000256,E004,E004-AS016,2026-08-01 16:00:00,SNMP,965,1038,ACTIVE
E004-T000257,E004,E004-AS017,2026-08-01 16:00:00,NETFLOW,940,964,DELAYED
E004-T000258,E004,E004-AS018,2026-08-01 16:00:00,SYSLOG,1019,996,ACTIVE
E004-T000259,E004,E004-AS019,2026-08-01 16:00:00,SIEM,1058,1023,ACTIVE
E004-T000260,E004,E004-AS020,2026-08-01 16:00:00,IDS,1040,965,ACTIVE
E004-T000261,E004,E004-AS021,2026-08-01 16:00:00,SNMP,1009,1079,ACTIVE
E004-T000262,E004,E004-AS022,2026-08-01 16:00:00,NETFLOW,1181,1076,ACTIVE
E004-T000263,E004,E004-AS023,2026-08-01 16:00:00,SYSLOG,1010,1010,ACTIVE
E004-T000264,E004,E004-AS024,2026-08-01 16:00:00,SIEM,1072,981,ACTIVE
E004-T000265,E004,E004-AS025,2026-08-01 16:00:00,IDS,1017,962,ACTIVE
E004-T000266,E004,E004-AS026,2026-08-01 16:00:00,SNMP,890,966,ACTIVE
E004-T000267,E004,E004-AS027,2026-08-01 16:00:00,NETFLOW,1014,1044,ACTIVE
E004-T000268,E004,E004-AS028,2026-08-01 16:00:00,SYSLOG,1107,1058,ACTIVE
E004-T000269,E004,E004-AS029,2026-08-01 16:00:00,SIEM,1100,1061,ACTIVE
E004-T000270,E004,E004-AS030,2026-08-01 16:00:00,IDS,913,1011,ACTIVE
E004-T000271,E004,E004-AS001,2026-08-01 17:00:00,SNMP,1054,1063,ACTIVE
E004-T000272,E004,E004-AS002,2026-08-01 17:00:00,NETFLOW,857,937,ACTIVE
E004-T000273,E004,E004-AS003,2026-08-01 17:00:00,SYSLOG,1021,1082,ACTIVE
E004-T000274,E004,E004-AS004,2026-08-01 17:00:00,SIEM,928,917,ACTIVE
E004-T000275,E004,E004-AS005,2026-08-01 17:00:00,IDS,876,915,ACTIVE
E004-T000276,E004,E004-AS006,2026-08-01 17:00:00,SNMP,1021,1034,ACTIVE
E004-T000277,E004,E004-AS007,2026-08-01 17:00:00,NETFLOW,899,919,ACTIVE
E004-T000278,E004,E004-AS008,2026-08-01 17:00:00,SYSLOG,952,900,ACTIVE
E004-T000279,E004,E004-AS009,2026-08-01 17:00:00,SIEM,1141,1041,ACTIVE
E004-T000280,E004,E004-AS010,2026-08-01 17:00:00,IDS,1070,1082,ACTIVE
E004-T000281,E004,E004-AS011,2026-08-01 17:00:00,SNMP,875,904,ACTIVE
E004-T000282,E004,E004-AS012,2026-08-01 17:00:00,NETFLOW,962,967,ACTIVE
E004-T000283,E004,E004-AS013,2026-08-01 17:00:00,SYSLOG,1008,1056,ACTIVE
E004-T000284,E004,E004-AS014,2026-08-01 17:00:00,SIEM,752,901,DEGRADED
E004-T000285,E004,E004-AS015,2026-08-01 17:00:00,IDS,1001,939,ACTIVE
E004-T000286,E004,E004-AS016,2026-08-01 17:00:00,SNMP,1083,984,ACTIVE
E004-T000287,E004,E004-AS017,2026-08-01 17:00:00,NETFLOW,1039,1026,ACTIVE
E004-T000288,E004,E004-AS018,2026-08-01 17:00:00,SYSLOG,947,957,ACTIVE
E004-T000289,E004,E004-AS019,2026-08-01 17:00:00,SIEM,864,916,ACTIVE
E004-T000290,E004,E004-AS020,2026-08-01 17:00:00,IDS,927,1011,ACTIVE
E004-T000291,E004,E004-AS021,2026-08-01 17:00:00,SNMP,1046,1054,ACTIVE
E004-T000292,E004,E004-AS022,2026-08-01 17:00:00,NETFLOW,965,944,ACTIVE
E004-T000293,E004,E004-AS023,2026-08-01 17:00:00,SYSLOG,1088,1086,ACTIVE
E004-T000294,E004,E004-AS024,2026-08-01 17:00:00,SIEM,1074,1023,ACTIVE
E004-T000295,E004,E004-AS025,2026-08-01 17:00:00,IDS,1045,1089,ACTIVE
E004-T000296,E004,E004-AS026,2026-08-01 17:00:00,SNMP,1157,1060,ACTIVE
E004-T000297,E004,E004-AS027,2026-08-01 17:00:00,NETFLOW,997,1023,ACTIVE
E004-T000298,E004,E004-AS028,2026-08-01 17:00:00,SYSLOG,1012,1097,ACTIVE
E004-T000299,E004,E004-AS029,2026-08-01 17:00:00,SIEM,1039,1071,ACTIVE
E004-T000300,E004,E004-AS030,2026-08-01 17:00:00,IDS,844,1053,DEGRADED
E004-T000301,E004,E004-AS001,2026-08-01 18:00:00,SNMP,842,916,ACTIVE
E004-T000302,E004,E004-AS002,2026-08-01 18:00:00,NETFLOW,1124,1067,ACTIVE
E004-T000303,E004,E004-AS003,2026-08-01 18:00:00,SYSLOG,863,938,DELAYED
E004-T000304,E004,E004-AS004,2026-08-01 18:00:00,SIEM,1151,1042,ACTIVE
E004-T000305,E004,E004-AS005,2026-08-01 18:00:00,IDS,844,1056,DELAYED
E004-T000306,E004,E004-AS006,2026-08-01 18:00:00,SNMP,989,1059,ACTIVE
E004-T000307,E004,E004-AS007,2026-08-01 18:00:00,NETFLOW,1007,1098,ACTIVE
E004-T000308,E004,E004-AS008,2026-08-01 18:00:00,SYSLOG,1034,1057,ACTIVE
E004-T000309,E004,E004-AS009,2026-08-01 18:00:00,SIEM,978,1026,ACTIVE
E004-T000310,E004,E004-AS010,2026-08-01 18:00:00,IDS,973,1067,ACTIVE
E004-T000311,E004,E004-AS011,2026-08-01 18:00:00,SNMP,990,1062,ACTIVE
E004-T000312,E004,E004-AS012,2026-08-01 18:00:00,NETFLOW,977,1001,ACTIVE
E004-T000313,E004,E004-AS013,2026-08-01 18:00:00,SYSLOG,1041,1001,ACTIVE
E004-T000314,E004,E004-AS014,2026-08-01 18:00:00,SIEM,969,946,ACTIVE
E004-T000315,E004,E004-AS015,2026-08-01 18:00:00,IDS,1004,1018,ACTIVE
E004-T000316,E004,E004-AS016,2026-08-01 18:00:00,SNMP,1122,1083,ACTIVE
E004-T000317,E004,E004-AS017,2026-08-01 18:00:00,NETFLOW,889,928,ACTIVE
E004-T000318,E004,E004-AS018,2026-08-01 18:00:00,SYSLOG,989,904,ACTIVE
E004-T000319,E004,E004-AS019,2026-08-01 18:00:00,SIEM,1117,1086,ACTIVE
E004-T000320,E004,E004-AS020,2026-08-01 18:00:00,IDS,1052,1006,ACTIVE
E004-T000321,E004,E004-AS021,2026-08-01 18:00:00,SNMP,881,960,ACTIVE
E004-T000322,E004,E004-AS022,2026-08-01 18:00:00,NETFLOW,1054,1056,ACTIVE
E004-T000323,E004,E004-AS023,2026-08-01 18:00:00,SYSLOG,715,1005,DEGRADED
E004-T000324,E004,E004-AS024,2026-08-01 18:00:00,SIEM,923,941,ACTIVE
E004-T000325,E004,E004-AS025,2026-08-01 18:00:00,IDS,1004,962,ACTIVE
E004-T000326,E004,E004-AS026,2026-08-01 18:00:00,SNMP,898,920,ACTIVE
E004-T000327,E004,E004-AS027,2026-08-01 18:00:00,NETFLOW,843,975,DELAYED
E004-T000328,E004,E004-AS028,2026-08-01 18:00:00,SYSLOG,1047,1070,ACTIVE
E004-T000329,E004,E004-AS029,2026-08-01 18:00:00,SIEM,976,1004,ACTIVE
E004-T000330,E004,E004-AS030,2026-08-01 18:00:00,IDS,980,938,ACTIVE
E004-T000331,E004,E004-AS001,2026-08-01 19:00:00,SNMP,864,1000,DELAYED
E004-T000332,E004,E004-AS002,2026-08-01 19:00:00,NETFLOW,1089,1064,ACTIVE
E004-T000333,E004,E004-AS003,2026-08-01 19:00:00,SYSLOG,1002,1058,DELAYED
E004-T000334,E004,E004-AS004,2026-08-01 19:00:00,SIEM,1026,932,ACTIVE
E004-T000335,E004,E004-AS005,2026-08-01 19:00:00,IDS,883,950,ACTIVE
E004-T000336,E004,E004-AS006,2026-08-01 19:00:00,SNMP,991,1094,ACTIVE
E004-T000337,E004,E004-AS007,2026-08-01 19:00:00,NETFLOW,944,989,ACTIVE
E004-T000338,E004,E004-AS008,2026-08-01 19:00:00,SYSLOG,955,975,ACTIVE
E004-T000339,E004,E004-AS009,2026-08-01 19:00:00,SIEM,1105,1090,ACTIVE
E004-T000340,E004,E004-AS010,2026-08-01 19:00:00,IDS,1019,997,ACTIVE
E004-T000341,E004,E004-AS011,2026-08-01 19:00:00,SNMP,775,938,DELAYED
E004-T000342,E004,E004-AS012,2026-08-01 19:00:00,NETFLOW,977,1041,ACTIVE
E004-T000343,E004,E004-AS013,2026-08-01 19:00:00,SYSLOG,1040,1007,ACTIVE
E004-T000344,E004,E004-AS014,2026-08-01 19:00:00,SIEM,924,929,ACTIVE
E004-T000345,E004,E004-AS015,2026-08-01 19:00:00,IDS,1031,940,ACTIVE
E004-T000346,E004,E004-AS016,2026-08-01 19:00:00,SNMP,1105,1071,ACTIVE
E004-T000347,E004,E004-AS017,2026-08-01 19:00:00,NETFLOW,1075,1021,ACTIVE
E004-T000348,E004,E004-AS018,2026-08-01 19:00:00,SYSLOG,1091,1035,ACTIVE
E004-T000349,E004,E004-AS019,2026-08-01 19:00:00,SIEM,1108,1010,ACTIVE
E004-T000350,E004,E004-AS020,2026-08-01 19:00:00,IDS,959,934,ACTIVE
E004-T000351,E004,E004-AS021,2026-08-01 19:00:00,SNMP,914,961,DELAYED
E004-T000352,E004,E004-AS022,2026-08-01 19:00:00,NETFLOW,1023,1053,ACTIVE
E004-T000353,E004,E004-AS023,2026-08-01 19:00:00,SYSLOG,822,961,DELAYED
E004-T000354,E004,E004-AS024,2026-08-01 19:00:00,SIEM,1050,1093,DELAYED
E004-T000355,E004,E004-AS025,2026-08-01 19:00:00,IDS,1001,990,ACTIVE
E004-T000356,E004,E004-AS026,2026-08-01 19:00:00,SNMP,905,989,ACTIVE
E004-T000357,E004,E004-AS027,2026-08-01 19:00:00,NETFLOW,1020,1045,ACTIVE
E004-T000358,E004,E004-AS028,2026-08-01 19:00:00,SYSLOG,991,1064,ACTIVE
E004-T000359,E004,E004-AS029,2026-08-01 19:00:00,SIEM,1112,1030,ACTIVE
E004-T000360,E004,E004-AS030,2026-08-01 19:00:00,IDS,919,927,ACTIVE
E004-T000361,E004,E004-AS001,2026-08-01 20:00:00,SNMP,806,952,DEGRADED
E004-T000362,E004,E004-AS002,2026-08-01 20:00:00,NETFLOW,1072,975,ACTIVE
E004-T000363,E004,E004-AS003,2026-08-01 20:00:00,SYSLOG,902,924,ACTIVE
E004-T000364,E004,E004-AS004,2026-08-01 20:00:00,SIEM,1135,1096,ACTIVE
E004-T000365,E004,E004-AS005,2026-08-01 20:00:00,IDS,937,917,ACTIVE
E004-T000366,E004,E004-AS006,2026-08-01 20:00:00,SNMP,903,914,ACTIVE
E004-T000367,E004,E004-AS007,2026-08-01 20:00:00,NETFLOW,680,1057,DEGRADED
E004-T000368,E004,E004-AS008,2026-08-01 20:00:00,SYSLOG,1042,1022,ACTIVE
E004-T000369,E004,E004-AS009,2026-08-01 20:00:00,SIEM,918,945,ACTIVE
E004-T000370,E004,E004-AS010,2026-08-01 20:00:00,IDS,845,908,DELAYED
E004-T000371,E004,E004-AS011,2026-08-01 20:00:00,SNMP,910,924,ACTIVE
E004-T000372,E004,E004-AS012,2026-08-01 20:00:00,NETFLOW,926,1014,ACTIVE
E004-T000373,E004,E004-AS013,2026-08-01 20:00:00,SYSLOG,1018,1033,ACTIVE
E004-T000374,E004,E004-AS014,2026-08-01 20:00:00,SIEM,1001,1036,DELAYED
E004-T000375,E004,E004-AS015,2026-08-01 20:00:00,IDS,1077,1070,ACTIVE
E004-T000376,E004,E004-AS016,2026-08-01 20:00:00,SNMP,1070,988,ACTIVE
E004-T000377,E004,E004-AS017,2026-08-01 20:00:00,NETFLOW,1005,1032,ACTIVE
E004-T000378,E004,E004-AS018,2026-08-01 20:00:00,SYSLOG,1111,1011,ACTIVE
E004-T000379,E004,E004-AS019,2026-08-01 20:00:00,SIEM,916,1033,DELAYED
E004-T000380,E004,E004-AS020,2026-08-01 20:00:00,IDS,1042,1068,ACTIVE
E004-T000381,E004,E004-AS021,2026-08-01 20:00:00,SNMP,590,945,DEGRADED
E004-T000382,E004,E004-AS022,2026-08-01 20:00:00,NETFLOW,1001,907,ACTIVE
E004-T000383,E004,E004-AS023,2026-08-01 20:00:00,SYSLOG,887,920,ACTIVE
E004-T000384,E004,E004-AS024,2026-08-01 20:00:00,SIEM,825,1003,DELAYED
E004-T000385,E004,E004-AS025,2026-08-01 20:00:00,IDS,991,1021,ACTIVE
E004-T000386,E004,E004-AS026,2026-08-01 20:00:00,SNMP,1111,1018,ACTIVE
E004-T000387,E004,E004-AS027,2026-08-01 20:00:00,NETFLOW,820,908,ACTIVE
E004-T000388,E004,E004-AS028,2026-08-01 20:00:00,SYSLOG,995,962,ACTIVE
E004-T000389,E004,E004-AS029,2026-08-01 20:00:00,SIEM,1044,1056,ACTIVE
E004-T000390,E004,E004-AS030,2026-08-01 20:00:00,IDS,743,1043,DEGRADED
E004-T000391,E004,E004-AS001,2026-08-01 21:00:00,SNMP,986,907,ACTIVE
E004-T000392,E004,E004-AS002,2026-08-01 21:00:00,NETFLOW,1015,1038,ACTIVE
E004-T000393,E004,E004-AS003,2026-08-01 21:00:00,SYSLOG,1031,1048,ACTIVE
E004-T000394,E004,E004-AS004,2026-08-01 21:00:00,SIEM,1113,1092,ACTIVE
E004-T000395,E004,E004-AS005,2026-08-01 21:00:00,IDS,1208,1094,ACTIVE
E004-T000396,E004,E004-AS006,2026-08-01 21:00:00,SNMP,1049,1094,ACTIVE
E004-T000397,E004,E004-AS007,2026-08-01 21:00:00,NETFLOW,1062,975,ACTIVE
E004-T000398,E004,E004-AS008,2026-08-01 21:00:00,SYSLOG,984,1027,ACTIVE
E004-T000399,E004,E004-AS009,2026-08-01 21:00:00,SIEM,1100,1065,ACTIVE
E004-T000400,E004,E004-AS010,2026-08-01 21:00:00,IDS,964,974,ACTIVE
E004-T000401,E004,E004-AS011,2026-08-01 21:00:00,SNMP,1088,1029,ACTIVE
E004-T000402,E004,E004-AS012,2026-08-01 21:00:00,NETFLOW,1091,991,ACTIVE
E004-T000403,E004,E004-AS013,2026-08-01 21:00:00,SYSLOG,1168,1098,ACTIVE
E004-T000404,E004,E004-AS014,2026-08-01 21:00:00,SIEM,1066,1053,ACTIVE
E004-T000405,E004,E004-AS015,2026-08-01 21:00:00,IDS,999,937,ACTIVE
E004-T000406,E004,E004-AS016,2026-08-01 21:00:00,SNMP,1117,1048,ACTIVE
E004-T000407,E004,E004-AS017,2026-08-01 21:00:00,NETFLOW,969,972,ACTIVE
E004-T000408,E004,E004-AS018,2026-08-01 21:00:00,SYSLOG,1133,1053,ACTIVE
E004-T000409,E004,E004-AS019,2026-08-01 21:00:00,SIEM,1006,983,ACTIVE
E004-T000410,E004,E004-AS020,2026-08-01 21:00:00,IDS,1106,1004,ACTIVE
E004-T000411,E004,E004-AS021,2026-08-01 21:00:00,SNMP,955,982,DELAYED
E004-T000412,E004,E004-AS022,2026-08-01 21:00:00,NETFLOW,1029,1016,ACTIVE
E004-T000413,E004,E004-AS023,2026-08-01 21:00:00,SYSLOG,1037,1074,ACTIVE
E004-T000414,E004,E004-AS024,2026-08-01 21:00:00,SIEM,1135,1086,ACTIVE
E004-T000415,E004,E004-AS025,2026-08-01 21:00:00,IDS,1032,1075,DELAYED
E004-T000416,E004,E004-AS026,2026-08-01 21:00:00,SNMP,874,943,ACTIVE
E004-T000417,E004,E004-AS027,2026-08-01 21:00:00,NETFLOW,908,938,DELAYED
E004-T000418,E004,E004-AS028,2026-08-01 21:00:00,SYSLOG,941,1009,ACTIVE
E004-T000419,E004,E004-AS029,2026-08-01 21:00:00,SIEM,1137,1038,ACTIVE
E004-T000420,E004,E004-AS030,2026-08-01 21:00:00,IDS,949,938,ACTIVE
E004-T000421,E004,E004-AS001,2026-08-01 22:00:00,SNMP,745,933,DEGRADED
E004-T000422,E004,E004-AS002,2026-08-01 22:00:00,NETFLOW,880,912,ACTIVE
E004-T000423,E004,E004-AS003,2026-08-01 22:00:00,SYSLOG,1183,1096,ACTIVE
E004-T000424,E004,E004-AS004,2026-08-01 22:00:00,SIEM,950,919,ACTIVE
E004-T000425,E004,E004-AS005,2026-08-01 22:00:00,IDS,970,1041,ACTIVE
E004-T000426,E004,E004-AS006,2026-08-01 22:00:00,SNMP,1102,1010,ACTIVE
E004-T000427,E004,E004-AS007,2026-08-01 22:00:00,NETFLOW,1000,993,ACTIVE
E004-T000428,E004,E004-AS008,2026-08-01 22:00:00,SYSLOG,1034,1081,ACTIVE
E004-T000429,E004,E004-AS009,2026-08-01 22:00:00,SIEM,568,1027,DEGRADED
E004-T000430,E004,E004-AS010,2026-08-01 22:00:00,IDS,1002,1025,ACTIVE
E004-T000431,E004,E004-AS011,2026-08-01 22:00:00,SNMP,965,980,ACTIVE
E004-T000432,E004,E004-AS012,2026-08-01 22:00:00,NETFLOW,943,1038,ACTIVE
E004-T000433,E004,E004-AS013,2026-08-01 22:00:00,SYSLOG,1195,1098,ACTIVE
E004-T000434,E004,E004-AS014,2026-08-01 22:00:00,SIEM,1167,1055,ACTIVE
E004-T000435,E004,E004-AS015,2026-08-01 22:00:00,IDS,1082,1079,ACTIVE
E004-T000436,E004,E004-AS016,2026-08-01 22:00:00,SNMP,1006,993,ACTIVE
E004-T000437,E004,E004-AS017,2026-08-01 22:00:00,NETFLOW,1003,914,ACTIVE
E004-T000438,E004,E004-AS018,2026-08-01 22:00:00,SYSLOG,1097,1000,ACTIVE
E004-T000439,E004,E004-AS019,2026-08-01 22:00:00,SIEM,989,959,ACTIVE
E004-T000440,E004,E004-AS020,2026-08-01 22:00:00,IDS,1046,977,ACTIVE
E004-T000441,E004,E004-AS021,2026-08-01 22:00:00,SNMP,971,1047,ACTIVE
E004-T000442,E004,E004-AS022,2026-08-01 22:00:00,NETFLOW,881,954,ACTIVE
E004-T000443,E004,E004-AS023,2026-08-01 22:00:00,SYSLOG,924,1024,ACTIVE
E004-T000444,E004,E004-AS024,2026-08-01 22:00:00,SIEM,1181,1084,ACTIVE
E004-T000445,E004,E004-AS025,2026-08-01 22:00:00,IDS,1005,924,ACTIVE
E004-T000446,E004,E004-AS026,2026-08-01 22:00:00,SNMP,590,1061,DEGRADED
E004-T000447,E004,E004-AS027,2026-08-01 22:00:00,NETFLOW,928,981,ACTIVE
E004-T000448,E004,E004-AS028,2026-08-01 22:00:00,SYSLOG,969,924,ACTIVE
E004-T000449,E004,E004-AS029,2026-08-01 22:00:00,SIEM,890,941,ACTIVE
E004-T000450,E004,E004-AS030,2026-08-01 22:00:00,IDS,942,1041,ACTIVE
E004-T000451,E004,E004-AS001,2026-08-01 23:00:00,SNMP,919,979,ACTIVE
E004-T000452,E004,E004-AS002,2026-08-01 23:00:00,NETFLOW,942,988,ACTIVE
E004-T000453,E004,E004-AS003,2026-08-01 23:00:00,SYSLOG,1078,1006,ACTIVE
E004-T000454,E004,E004-AS004,2026-08-01 23:00:00,SIEM,915,911,ACTIVE
E004-T000455,E004,E004-AS005,2026-08-01 23:00:00,IDS,1142,1062,ACTIVE
E004-T000456,E004,E004-AS006,2026-08-01 23:00:00,SNMP,794,1065,DEGRADED
E004-T000457,E004,E004-AS007,2026-08-01 23:00:00,NETFLOW,942,932,ACTIVE
E004-T000458,E004,E004-AS008,2026-08-01 23:00:00,SYSLOG,973,942,ACTIVE
E004-T000459,E004,E004-AS009,2026-08-01 23:00:00,SIEM,923,908,ACTIVE
E004-T000460,E004,E004-AS010,2026-08-01 23:00:00,IDS,1066,1030,ACTIVE
E004-T000461,E004,E004-AS011,2026-08-01 23:00:00,SNMP,941,984,ACTIVE
E004-T000462,E004,E004-AS012,2026-08-01 23:00:00,NETFLOW,937,947,ACTIVE
E004-T000463,E004,E004-AS013,2026-08-01 23:00:00,SYSLOG,925,1016,ACTIVE
E004-T000464,E004,E004-AS014,2026-08-01 23:00:00,SIEM,975,910,ACTIVE
E004-T000465,E004,E004-AS015,2026-08-01 23:00:00,IDS,1077,1077,DELAYED
E004-T000466,E004,E004-AS016,2026-08-01 23:00:00,SNMP,950,1025,ACTIVE
E004-T000467,E004,E004-AS017,2026-08-01 23:00:00,NETFLOW,1048,946,ACTIVE
E004-T000468,E004,E004-AS018,2026-08-01 23:00:00,SYSLOG,728,1069,DEGRADED
E004-T000469,E004,E004-AS019,2026-08-01 23:00:00,SIEM,583,1016,DEGRADED
E004-T000470,E004,E004-AS020,2026-08-01 23:00:00,IDS,965,1010,ACTIVE
E004-T000471,E004,E004-AS021,2026-08-01 23:00:00,SNMP,1124,1070,ACTIVE
E004-T000472,E004,E004-AS022,2026-08-01 23:00:00,NETFLOW,971,1076,ACTIVE
E004-T000473,E004,E004-AS023,2026-08-01 23:00:00,SYSLOG,636,986,DEGRADED
E004-T000474,E004,E004-AS024,2026-08-01 23:00:00,SIEM,896,906,ACTIVE
E004-T000475,E004,E004-AS025,2026-08-01 23:00:00,IDS,660,904,DEGRADED
E004-T000476,E004,E004-AS026,2026-08-01 23:00:00,SNMP,988,1085,ACTIVE
E004-T000477,E004,E004-AS027,2026-08-01 23:00:00,NETFLOW,1145,1086,ACTIVE
E004-T000478,E004,E004-AS028,2026-08-01 23:00:00,SYSLOG,989,1053,ACTIVE
E004-T000479,E004,E004-AS029,2026-08-01 23:00:00,SIEM,921,969,ACTIVE
E004-T000480,E004,E004-AS030,2026-08-01 23:00:00,IDS,1060,1003,ACTIVE
E004-T000481,E004,E004-AS001,2026-08-02 00:00:00,SNMP,889,946,ACTIVE
E004-T000482,E004,E004-AS002,2026-08-02 00:00:00,NETFLOW,979,1061,ACTIVE
E004-T000483,E004,E004-AS003,2026-08-02 00:00:00,SYSLOG,920,998,ACTIVE
E004-T000484,E004,E004-AS004,2026-08-02 00:00:00,SIEM,1053,1001,ACTIVE
E004-T000485,E004,E004-AS005,2026-08-02 00:00:00,IDS,1040,1059,DELAYED
E004-T000486,E004,E004-AS006,2026-08-02 00:00:00,SNMP,1040,947,ACTIVE
E004-T000487,E004,E004-AS007,2026-08-02 00:00:00,NETFLOW,1024,995,ACTIVE
E004-T000488,E004,E004-AS008,2026-08-02 00:00:00,SYSLOG,1048,1061,ACTIVE
E004-T000489,E004,E004-AS009,2026-08-02 00:00:00,SIEM,927,906,ACTIVE
E004-T000490,E004,E004-AS010,2026-08-02 00:00:00,IDS,1207,1098,ACTIVE
E004-T000491,E004,E004-AS011,2026-08-02 00:00:00,SNMP,674,965,DEGRADED
E004-T000492,E004,E004-AS012,2026-08-02 00:00:00,NETFLOW,587,911,DEGRADED
E004-T000493,E004,E004-AS013,2026-08-02 00:00:00,SYSLOG,840,904,ACTIVE
E004-T000494,E004,E004-AS014,2026-08-02 00:00:00,SIEM,866,934,ACTIVE
E004-T000495,E004,E004-AS015,2026-08-02 00:00:00,IDS,991,1078,ACTIVE
E004-T000496,E004,E004-AS016,2026-08-02 00:00:00,SNMP,916,992,ACTIVE
E004-T000497,E004,E004-AS017,2026-08-02 00:00:00,NETFLOW,971,966,ACTIVE
E004-T000498,E004,E004-AS018,2026-08-02 00:00:00,SYSLOG,1081,1079,ACTIVE
E004-T000499,E004,E004-AS019,2026-08-02 00:00:00,SIEM,1134,1055,ACTIVE
E004-T000500,E004,E004-AS020,2026-08-02 00:00:00,IDS,918,918,ACTIVE
E004-T000501,E004,E004-AS021,2026-08-02 00:00:00,SNMP,1022,960,ACTIVE
E004-T000502,E004,E004-AS022,2026-08-02 00:00:00,NETFLOW,1110,1034,ACTIVE
E004-T000503,E004,E004-AS023,2026-08-02 00:00:00,SYSLOG,1209,1095,ACTIVE
E004-T000504,E004,E004-AS024,2026-08-02 00:00:00,SIEM,925,1012,ACTIVE
E004-T000505,E004,E004-AS025,2026-08-02 00:00:00,IDS,1175,1082,ACTIVE
E004-T000506,E004,E004-AS026,2026-08-02 00:00:00,SNMP,1095,1077,ACTIVE
E004-T000507,E004,E004-AS027,2026-08-02 00:00:00,NETFLOW,873,911,ACTIVE
E004-T000508,E004,E004-AS028,2026-08-02 00:00:00,SYSLOG,912,966,ACTIVE
E004-T000509,E004,E004-AS029,2026-08-02 00:00:00,SIEM,689,1064,DEGRADED
E004-T000510,E004,E004-AS030,2026-08-02 00:00:00,IDS,908,988,ACTIVE
E004-T000511,E004,E004-AS001,2026-08-02 01:00:00,SNMP,1001,1039,ACTIVE
E004-T000512,E004,E004-AS002,2026-08-02 01:00:00,NETFLOW,999,1009,ACTIVE
E004-T000513,E004,E004-AS003,2026-08-02 01:00:00,SYSLOG,1077,978,ACTIVE
E004-T000514,E004,E004-AS004,2026-08-02 01:00:00,SIEM,836,911,ACTIVE
E004-T000515,E004,E004-AS005,2026-08-02 01:00:00,IDS,895,948,ACTIVE
E004-T000516,E004,E004-AS006,2026-08-02 01:00:00,SNMP,1109,1079,ACTIVE
E004-T000517,E004,E004-AS007,2026-08-02 01:00:00,NETFLOW,987,1062,ACTIVE
E004-T000518,E004,E004-AS008,2026-08-02 01:00:00,SYSLOG,831,1041,DEGRADED
E004-T000519,E004,E004-AS009,2026-08-02 01:00:00,SIEM,984,1022,ACTIVE
E004-T000520,E004,E004-AS010,2026-08-02 01:00:00,IDS,999,912,ACTIVE
E004-T000521,E004,E004-AS011,2026-08-02 01:00:00,SNMP,1173,1077,ACTIVE
E004-T000522,E004,E004-AS012,2026-08-02 01:00:00,NETFLOW,938,1036,ACTIVE
E004-T000523,E004,E004-AS013,2026-08-02 01:00:00,SYSLOG,1050,1088,ACTIVE
E004-T000524,E004,E004-AS014,2026-08-02 01:00:00,SIEM,1134,1097,ACTIVE
E004-T000525,E004,E004-AS015,2026-08-02 01:00:00,IDS,813,1096,DEGRADED
E004-T000526,E004,E004-AS016,2026-08-02 01:00:00,SNMP,1039,999,ACTIVE
E004-T000527,E004,E004-AS017,2026-08-02 01:00:00,NETFLOW,952,1037,ACTIVE
E004-T000528,E004,E004-AS018,2026-08-02 01:00:00,SYSLOG,1104,1066,ACTIVE
E004-T000529,E004,E004-AS019,2026-08-02 01:00:00,SIEM,1093,1027,ACTIVE
E004-T000530,E004,E004-AS020,2026-08-02 01:00:00,IDS,914,952,ACTIVE
E004-T000531,E004,E004-AS021,2026-08-02 01:00:00,SNMP,1044,957,ACTIVE
E004-T000532,E004,E004-AS022,2026-08-02 01:00:00,NETFLOW,1158,1057,ACTIVE
E004-T000533,E004,E004-AS023,2026-08-02 01:00:00,SYSLOG,1012,1098,ACTIVE
E004-T000534,E004,E004-AS024,2026-08-02 01:00:00,SIEM,1030,932,ACTIVE
E004-T000535,E004,E004-AS025,2026-08-02 01:00:00,IDS,895,980,ACTIVE
E004-T000536,E004,E004-AS026,2026-08-02 01:00:00,SNMP,894,965,ACTIVE
E004-T000537,E004,E004-AS027,2026-08-02 01:00:00,NETFLOW,814,901,ACTIVE
E004-T000538,E004,E004-AS028,2026-08-02 01:00:00,SYSLOG,960,932,ACTIVE
E004-T000539,E004,E004-AS029,2026-08-02 01:00:00,SIEM,1093,1096,ACTIVE
E004-T000540,E004,E004-AS030,2026-08-02 01:00:00,IDS,1107,1056,ACTIVE
E004-T000541,E004,E004-AS001,2026-08-02 02:00:00,SNMP,1104,1048,ACTIVE
E004-T000542,E004,E004-AS002,2026-08-02 02:00:00,NETFLOW,892,938,ACTIVE
E004-T000543,E004,E004-AS003,2026-08-02 02:00:00,SYSLOG,969,1049,ACTIVE
E004-T000544,E004,E004-AS004,2026-08-02 02:00:00,SIEM,888,976,ACTIVE
E004-T000545,E004,E004-AS005,2026-08-02 02:00:00,IDS,1136,1080,ACTIVE
E004-T000546,E004,E004-AS006,2026-08-02 02:00:00,SNMP,1021,987,ACTIVE
E004-T000547,E004,E004-AS007,2026-08-02 02:00:00,NETFLOW,642,980,DEGRADED
E004-T000548,E004,E004-AS008,2026-08-02 02:00:00,SYSLOG,990,1061,ACTIVE
E004-T000549,E004,E004-AS009,2026-08-02 02:00:00,SIEM,877,964,DELAYED
E004-T000550,E004,E004-AS010,2026-08-02 02:00:00,IDS,1107,1062,ACTIVE
E004-T000551,E004,E004-AS011,2026-08-02 02:00:00,SNMP,934,1064,DELAYED
E004-T000552,E004,E004-AS012,2026-08-02 02:00:00,NETFLOW,979,1047,ACTIVE
E004-T000553,E004,E004-AS013,2026-08-02 02:00:00,SYSLOG,833,919,ACTIVE
E004-T000554,E004,E004-AS014,2026-08-02 02:00:00,SIEM,966,1015,ACTIVE
E004-T000555,E004,E004-AS015,2026-08-02 02:00:00,IDS,911,1007,ACTIVE
E004-T000556,E004,E004-AS016,2026-08-02 02:00:00,SNMP,880,1098,DELAYED
E004-T000557,E004,E004-AS017,2026-08-02 02:00:00,NETFLOW,885,943,ACTIVE
E004-T000558,E004,E004-AS018,2026-08-02 02:00:00,SYSLOG,905,936,ACTIVE
E004-T000559,E004,E004-AS019,2026-08-02 02:00:00,SIEM,983,1084,ACTIVE
E004-T000560,E004,E004-AS020,2026-08-02 02:00:00,IDS,983,1009,ACTIVE
E004-T000561,E004,E004-AS021,2026-08-02 02:00:00,SNMP,1064,1070,ACTIVE
E004-T000562,E004,E004-AS022,2026-08-02 02:00:00,NETFLOW,1144,1096,ACTIVE
E004-T000563,E004,E004-AS023,2026-08-02 02:00:00,SYSLOG,822,1017,DELAYED
E004-T000564,E004,E004-AS024,2026-08-02 02:00:00,SIEM,995,1073,ACTIVE
E004-T000565,E004,E004-AS025,2026-08-02 02:00:00,IDS,1039,1021,ACTIVE
E004-T000566,E004,E004-AS026,2026-08-02 02:00:00,SNMP,986,979,ACTIVE
E004-T000567,E004,E004-AS027,2026-08-02 02:00:00,NETFLOW,963,975,ACTIVE
E004-T000568,E004,E004-AS028,2026-08-02 02:00:00,SYSLOG,1089,1031,ACTIVE
E004-T000569,E004,E004-AS029,2026-08-02 02:00:00,SIEM,985,924,ACTIVE
E004-T000570,E004,E004-AS030,2026-08-02 02:00:00,IDS,947,939,ACTIVE
E004-T000571,E004,E004-AS001,2026-08-02 03:00:00,SNMP,1000,1082,ACTIVE
E004-T000572,E004,E004-AS002,2026-08-02 03:00:00,NETFLOW,769,1045,DEGRADED
E004-T000573,E004,E004-AS003,2026-08-02 03:00:00,SYSLOG,1018,956,ACTIVE
E004-T000574,E004,E004-AS004,2026-08-02 03:00:00,SIEM,909,907,ACTIVE
E004-T000575,E004,E004-AS005,2026-08-02 03:00:00,IDS,1015,978,ACTIVE
E004-T000576,E004,E004-AS006,2026-08-02 03:00:00,SNMP,862,922,ACTIVE
E004-T000577,E004,E004-AS007,2026-08-02 03:00:00,NETFLOW,806,979,DELAYED
E004-T000578,E004,E004-AS008,2026-08-02 03:00:00,SYSLOG,919,1002,ACTIVE
E004-T000579,E004,E004-AS009,2026-08-02 03:00:00,SIEM,926,929,ACTIVE
E004-T000580,E004,E004-AS010,2026-08-02 03:00:00,IDS,942,968,DELAYED
E004-T000581,E004,E004-AS011,2026-08-02 03:00:00,SNMP,971,967,ACTIVE
E004-T000582,E004,E004-AS012,2026-08-02 03:00:00,NETFLOW,1030,1006,ACTIVE
E004-T000583,E004,E004-AS013,2026-08-02 03:00:00,SYSLOG,977,1046,ACTIVE
E004-T000584,E004,E004-AS014,2026-08-02 03:00:00,SIEM,1021,963,ACTIVE
E004-T000585,E004,E004-AS015,2026-08-02 03:00:00,IDS,1095,1035,ACTIVE
E004-T000586,E004,E004-AS016,2026-08-02 03:00:00,SNMP,1057,1068,ACTIVE
E004-T000587,E004,E004-AS017,2026-08-02 03:00:00,NETFLOW,903,929,ACTIVE
E004-T000588,E004,E004-AS018,2026-08-02 03:00:00,SYSLOG,1081,1006,ACTIVE
E004-T000589,E004,E004-AS019,2026-08-02 03:00:00,SIEM,1044,952,ACTIVE
E004-T000590,E004,E004-AS020,2026-08-02 03:00:00,IDS,1052,1061,ACTIVE
E004-T000591,E004,E004-AS021,2026-08-02 03:00:00,SNMP,1111,1049,ACTIVE
E004-T000592,E004,E004-AS022,2026-08-02 03:00:00,NETFLOW,870,909,ACTIVE
E004-T000593,E004,E004-AS023,2026-08-02 03:00:00,SYSLOG,1015,1015,ACTIVE
E004-T000594,E004,E004-AS024,2026-08-02 03:00:00,SIEM,953,930,ACTIVE
E004-T000595,E004,E004-AS025,2026-08-02 03:00:00,IDS,966,954,ACTIVE
E004-T000596,E004,E004-AS026,2026-08-02 03:00:00,SNMP,850,911,ACTIVE
E004-T000597,E004,E004-AS027,2026-08-02 03:00:00,NETFLOW,1127,1024,ACTIVE
E004-T000598,E004,E004-AS028,2026-08-02 03:00:00,SYSLOG,1060,960,ACTIVE
E004-T000599,E004,E004-AS029,2026-08-02 03:00:00,SIEM,847,915,DELAYED
E004-T000600,E004,E004-AS030,2026-08-02 03:00:00,IDS,1011,919,ACTIVE
E004-T000601,E004,E004-AS001,2026-08-02 04:00:00,SNMP,1012,999,ACTIVE
E004-T000602,E004,E004-AS002,2026-08-02 04:00:00,NETFLOW,771,1065,DEGRADED
E004-T000603,E004,E004-AS003,2026-08-02 04:00:00,SYSLOG,865,948,ACTIVE
E004-T000604,E004,E004-AS004,2026-08-02 04:00:00,SIEM,1169,1091,ACTIVE
E004-T000605,E004,E004-AS005,2026-08-02 04:00:00,IDS,957,1008,ACTIVE
E004-T000606,E004,E004-AS006,2026-08-02 04:00:00,SNMP,1023,988,ACTIVE
E004-T000607,E004,E004-AS007,2026-08-02 04:00:00,NETFLOW,896,927,ACTIVE
E004-T000608,E004,E004-AS008,2026-08-02 04:00:00,SYSLOG,1128,1083,ACTIVE
E004-T000609,E004,E004-AS009,2026-08-02 04:00:00,SIEM,614,1048,DEGRADED
E004-T000610,E004,E004-AS010,2026-08-02 04:00:00,IDS,1166,1082,ACTIVE
E004-T000611,E004,E004-AS011,2026-08-02 04:00:00,SNMP,744,945,DEGRADED
E004-T000612,E004,E004-AS012,2026-08-02 04:00:00,NETFLOW,784,936,DELAYED
E004-T000613,E004,E004-AS013,2026-08-02 04:00:00,SYSLOG,535,905,DEGRADED
E004-T000614,E004,E004-AS014,2026-08-02 04:00:00,SIEM,1010,1070,ACTIVE
E004-T000615,E004,E004-AS015,2026-08-02 04:00:00,IDS,1154,1074,ACTIVE
E004-T000616,E004,E004-AS016,2026-08-02 04:00:00,SNMP,999,1085,DELAYED
E004-T000617,E004,E004-AS017,2026-08-02 04:00:00,NETFLOW,904,906,ACTIVE
E004-T000618,E004,E004-AS018,2026-08-02 04:00:00,SYSLOG,927,908,ACTIVE
E004-T000619,E004,E004-AS019,2026-08-02 04:00:00,SIEM,908,983,ACTIVE
E004-T000620,E004,E004-AS020,2026-08-02 04:00:00,IDS,1125,1018,ACTIVE
E004-T000621,E004,E004-AS021,2026-08-02 04:00:00,SNMP,862,945,ACTIVE
E004-T000622,E004,E004-AS022,2026-08-02 04:00:00,NETFLOW,1023,1031,ACTIVE
E004-T000623,E004,E004-AS023,2026-08-02 04:00:00,SYSLOG,989,911,ACTIVE
E004-T000624,E004,E004-AS024,2026-08-02 04:00:00,SIEM,615,934,DEGRADED
E004-T000625,E004,E004-AS025,2026-08-02 04:00:00,IDS,884,948,ACTIVE
E004-T000626,E004,E004-AS026,2026-08-02 04:00:00,SNMP,960,1055,ACTIVE
E004-T000627,E004,E004-AS027,2026-08-02 04:00:00,NETFLOW,939,934,ACTIVE
E004-T000628,E004,E004-AS028,2026-08-02 04:00:00,SYSLOG,1017,1000,ACTIVE
E004-T000629,E004,E004-AS029,2026-08-02 04:00:00,SIEM,1030,1006,ACTIVE
E004-T000630,E004,E004-AS030,2026-08-02 04:00:00,IDS,1028,1026,ACTIVE
E004-T000631,E004,E004-AS001,2026-08-02 05:00:00,SNMP,900,949,DELAYED
E004-T000632,E004,E004-AS002,2026-08-02 05:00:00,NETFLOW,1128,1070,ACTIVE
E004-T000633,E004,E004-AS003,2026-08-02 05:00:00,SYSLOG,1065,997,ACTIVE
E004-T000634,E004,E004-AS004,2026-08-02 05:00:00,SIEM,1136,1069,ACTIVE
E004-T000635,E004,E004-AS005,2026-08-02 05:00:00,IDS,1029,939,ACTIVE
E004-T000636,E004,E004-AS006,2026-08-02 05:00:00,SNMP,959,967,ACTIVE
E004-T000637,E004,E004-AS007,2026-08-02 05:00:00,NETFLOW,1052,988,ACTIVE
E004-T000638,E004,E004-AS008,2026-08-02 05:00:00,SYSLOG,996,961,ACTIVE
E004-T000639,E004,E004-AS009,2026-08-02 05:00:00,SIEM,913,987,ACTIVE
E004-T000640,E004,E004-AS010,2026-08-02 05:00:00,IDS,660,907,DEGRADED
E004-T000641,E004,E004-AS011,2026-08-02 05:00:00,SNMP,1026,975,ACTIVE
E004-T000642,E004,E004-AS012,2026-08-02 05:00:00,NETFLOW,1133,1095,ACTIVE
E004-T000643,E004,E004-AS013,2026-08-02 05:00:00,SYSLOG,1017,1098,ACTIVE
E004-T000644,E004,E004-AS014,2026-08-02 05:00:00,SIEM,845,932,ACTIVE
E004-T000645,E004,E004-AS015,2026-08-02 05:00:00,IDS,945,992,ACTIVE
E004-T000646,E004,E004-AS016,2026-08-02 05:00:00,SNMP,525,923,DEGRADED
E004-T000647,E004,E004-AS017,2026-08-02 05:00:00,NETFLOW,1034,966,ACTIVE
E004-T000648,E004,E004-AS018,2026-08-02 05:00:00,SYSLOG,1088,1096,ACTIVE
E004-T000649,E004,E004-AS019,2026-08-02 05:00:00,SIEM,905,967,ACTIVE
E004-T000650,E004,E004-AS020,2026-08-02 05:00:00,IDS,1038,1079,ACTIVE
E004-T000651,E004,E004-AS021,2026-08-02 05:00:00,SNMP,1078,980,ACTIVE
E004-T000652,E004,E004-AS022,2026-08-02 05:00:00,NETFLOW,975,970,ACTIVE
E004-T000653,E004,E004-AS023,2026-08-02 05:00:00,SYSLOG,1143,1080,ACTIVE
E004-T000654,E004,E004-AS024,2026-08-02 05:00:00,SIEM,904,929,ACTIVE
E004-T000655,E004,E004-AS025,2026-08-02 05:00:00,IDS,1064,1072,ACTIVE
E004-T000656,E004,E004-AS026,2026-08-02 05:00:00,SNMP,1059,996,ACTIVE
E004-T000657,E004,E004-AS027,2026-08-02 05:00:00,NETFLOW,980,1012,ACTIVE
E004-T000658,E004,E004-AS028,2026-08-02 05:00:00,SYSLOG,940,979,ACTIVE
E004-T000659,E004,E004-AS029,2026-08-02 05:00:00,SIEM,1168,1081,ACTIVE
E004-T000660,E004,E004-AS030,2026-08-02 05:00:00,IDS,1051,1072,ACTIVE
E004-T000661,E004,E004-AS001,2026-08-02 06:00:00,SNMP,808,1034,DEGRADED
E004-T000662,E004,E004-AS002,2026-08-02 06:00:00,NETFLOW,1129,1077,ACTIVE
E004-T000663,E004,E004-AS003,2026-08-02 06:00:00,SYSLOG,1022,973,ACTIVE
E004-T000664,E004,E004-AS004,2026-08-02 06:00:00,SIEM,1117,1027,ACTIVE
E004-T000665,E004,E004-AS005,2026-08-02 06:00:00,IDS,954,997,ACTIVE
E004-T000666,E004,E004-AS006,2026-08-02 06:00:00,SNMP,910,911,ACTIVE
E004-T000667,E004,E004-AS007,2026-08-02 06:00:00,NETFLOW,898,936,ACTIVE
E004-T000668,E004,E004-AS008,2026-08-02 06:00:00,SYSLOG,1058,990,ACTIVE
E004-T000669,E004,E004-AS009,2026-08-02 06:00:00,SIEM,924,913,ACTIVE
E004-T000670,E004,E004-AS010,2026-08-02 06:00:00,IDS,997,917,ACTIVE
E004-T000671,E004,E004-AS011,2026-08-02 06:00:00,SNMP,959,922,ACTIVE
E004-T000672,E004,E004-AS012,2026-08-02 06:00:00,NETFLOW,1026,999,ACTIVE
E004-T000673,E004,E004-AS013,2026-08-02 06:00:00,SYSLOG,1022,978,ACTIVE
E004-T000674,E004,E004-AS014,2026-08-02 06:00:00,SIEM,1002,1048,ACTIVE
E004-T000675,E004,E004-AS015,2026-08-02 06:00:00,IDS,977,977,ACTIVE
E004-T000676,E004,E004-AS016,2026-08-02 06:00:00,SNMP,940,1044,ACTIVE
E004-T000677,E004,E004-AS017,2026-08-02 06:00:00,NETFLOW,888,957,ACTIVE
E004-T000678,E004,E004-AS018,2026-08-02 06:00:00,SYSLOG,525,924,DEGRADED
E004-T000679,E004,E004-AS019,2026-08-02 06:00:00,SIEM,831,913,ACTIVE
E004-T000680,E004,E004-AS020,2026-08-02 06:00:00,IDS,1045,1038,ACTIVE
E004-T000681,E004,E004-AS021,2026-08-02 06:00:00,SNMP,988,961,ACTIVE
E004-T000682,E004,E004-AS022,2026-08-02 06:00:00,NETFLOW,982,991,ACTIVE
E004-T000683,E004,E004-AS023,2026-08-02 06:00:00,SYSLOG,1027,1097,ACTIVE
E004-T000684,E004,E004-AS024,2026-08-02 06:00:00,SIEM,1049,1032,ACTIVE
E004-T000685,E004,E004-AS025,2026-08-02 06:00:00,IDS,1143,1069,ACTIVE
E004-T000686,E004,E004-AS026,2026-08-02 06:00:00,SNMP,1103,1022,ACTIVE
E004-T000687,E004,E004-AS027,2026-08-02 06:00:00,NETFLOW,579,914,DEGRADED
E004-T000688,E004,E004-AS028,2026-08-02 06:00:00,SYSLOG,869,915,ACTIVE
E004-T000689,E004,E004-AS029,2026-08-02 06:00:00,SIEM,997,1097,ACTIVE
E004-T000690,E004,E004-AS030,2026-08-02 06:00:00,IDS,823,909,ACTIVE
E004-T000691,E004,E004-AS001,2026-08-02 07:00:00,SNMP,961,933,ACTIVE
E004-T000692,E004,E004-AS002,2026-08-02 07:00:00,NETFLOW,972,1033,ACTIVE
E004-T000693,E004,E004-AS003,2026-08-02 07:00:00,SYSLOG,1011,913,ACTIVE
E004-T000694,E004,E004-AS004,2026-08-02 07:00:00,SIEM,1120,1094,ACTIVE
E004-T000695,E004,E004-AS005,2026-08-02 07:00:00,IDS,986,989,ACTIVE
E004-T000696,E004,E004-AS006,2026-08-02 07:00:00,SNMP,1122,1061,ACTIVE
E004-T000697,E004,E004-AS007,2026-08-02 07:00:00,NETFLOW,1040,1058,ACTIVE
E004-T000698,E004,E004-AS008,2026-08-02 07:00:00,SYSLOG,989,1067,ACTIVE
E004-T000699,E004,E004-AS009,2026-08-02 07:00:00,SIEM,913,918,ACTIVE
E004-T000700,E004,E004-AS010,2026-08-02 07:00:00,IDS,998,1001,ACTIVE
E004-T000701,E004,E004-AS011,2026-08-02 07:00:00,SNMP,955,1031,ACTIVE
E004-T000702,E004,E004-AS012,2026-08-02 07:00:00,NETFLOW,1053,1057,ACTIVE
E004-T000703,E004,E004-AS013,2026-08-02 07:00:00,SYSLOG,719,985,DEGRADED
E004-T000704,E004,E004-AS014,2026-08-02 07:00:00,SIEM,994,1084,ACTIVE
E004-T000705,E004,E004-AS015,2026-08-02 07:00:00,IDS,984,936,ACTIVE
E004-T000706,E004,E004-AS016,2026-08-02 07:00:00,SNMP,970,916,ACTIVE
E004-T000707,E004,E004-AS017,2026-08-02 07:00:00,NETFLOW,889,908,ACTIVE
E004-T000708,E004,E004-AS018,2026-08-02 07:00:00,SYSLOG,956,931,ACTIVE
E004-T000709,E004,E004-AS019,2026-08-02 07:00:00,SIEM,958,903,ACTIVE
E004-T000710,E004,E004-AS020,2026-08-02 07:00:00,IDS,1163,1100,ACTIVE
E004-T000711,E004,E004-AS021,2026-08-02 07:00:00,SNMP,963,928,ACTIVE
E004-T000712,E004,E004-AS022,2026-08-02 07:00:00,NETFLOW,760,1086,DEGRADED
E004-T000713,E004,E004-AS023,2026-08-02 07:00:00,SYSLOG,969,986,ACTIVE
E004-T000714,E004,E004-AS024,2026-08-02 07:00:00,SIEM,1010,992,ACTIVE
E004-T000715,E004,E004-AS025,2026-08-02 07:00:00,IDS,909,929,ACTIVE
E004-T000716,E004,E004-AS026,2026-08-02 07:00:00,SNMP,893,926,ACTIVE
E004-T000717,E004,E004-AS027,2026-08-02 07:00:00,NETFLOW,973,1069,ACTIVE
E004-T000718,E004,E004-AS028,2026-08-02 07:00:00,SYSLOG,913,990,ACTIVE
E004-T000719,E004,E004-AS029,2026-08-02 07:00:00,SIEM,964,1030,ACTIVE
E004-T000720,E004,E004-AS030,2026-08-02 07:00:00,IDS,946,1041,ACTIVE
E004-T000721,E004,E004-AS001,2026-08-02 08:00:00,SNMP,1120,1027,ACTIVE
E004-T000722,E004,E004-AS002,2026-08-02 08:00:00,NETFLOW,1150,1082,ACTIVE
E004-T000723,E004,E004-AS003,2026-08-02 08:00:00,SYSLOG,1052,1011,ACTIVE
E004-T000724,E004,E004-AS004,2026-08-02 08:00:00,SIEM,822,908,ACTIVE
E004-T000725,E004,E004-AS005,2026-08-02 08:00:00,IDS,1046,1093,ACTIVE
E004-T000726,E004,E004-AS006,2026-08-02 08:00:00,SNMP,1078,1002,ACTIVE
E004-T000727,E004,E004-AS007,2026-08-02 08:00:00,NETFLOW,980,985,ACTIVE
E004-T000728,E004,E004-AS008,2026-08-02 08:00:00,SYSLOG,1010,1047,ACTIVE
E004-T000729,E004,E004-AS009,2026-08-02 08:00:00,SIEM,946,958,ACTIVE
E004-T000730,E004,E004-AS010,2026-08-02 08:00:00,IDS,1163,1051,ACTIVE
E004-T000731,E004,E004-AS011,2026-08-02 08:00:00,SNMP,1041,978,ACTIVE
E004-T000732,E004,E004-AS012,2026-08-02 08:00:00,NETFLOW,1022,951,ACTIVE
E004-T000733,E004,E004-AS013,2026-08-02 08:00:00,SYSLOG,1084,1023,ACTIVE
E004-T000734,E004,E004-AS014,2026-08-02 08:00:00,SIEM,1072,1056,ACTIVE
E004-T000735,E004,E004-AS015,2026-08-02 08:00:00,IDS,904,913,ACTIVE
E004-T000736,E004,E004-AS016,2026-08-02 08:00:00,SNMP,924,911,ACTIVE
E004-T000737,E004,E004-AS017,2026-08-02 08:00:00,NETFLOW,1100,1031,ACTIVE
E004-T000738,E004,E004-AS018,2026-08-02 08:00:00,SYSLOG,794,957,DEGRADED
E004-T000739,E004,E004-AS019,2026-08-02 08:00:00,SIEM,935,1029,ACTIVE
E004-T000740,E004,E004-AS020,2026-08-02 08:00:00,IDS,980,926,ACTIVE
E004-T000741,E004,E004-AS021,2026-08-02 08:00:00,SNMP,1042,1017,ACTIVE
E004-T000742,E004,E004-AS022,2026-08-02 08:00:00,NETFLOW,879,950,ACTIVE
E004-T000743,E004,E004-AS023,2026-08-02 08:00:00,SYSLOG,1072,1029,ACTIVE
E004-T000744,E004,E004-AS024,2026-08-02 08:00:00,SIEM,838,919,ACTIVE
E004-T000745,E004,E004-AS025,2026-08-02 08:00:00,IDS,1031,956,ACTIVE
E004-T000746,E004,E004-AS026,2026-08-02 08:00:00,SNMP,942,979,ACTIVE
E004-T000747,E004,E004-AS027,2026-08-02 08:00:00,NETFLOW,901,923,ACTIVE
E004-T000748,E004,E004-AS028,2026-08-02 08:00:00,SYSLOG,956,967,ACTIVE
E004-T000749,E004,E004-AS029,2026-08-02 08:00:00,SIEM,1006,989,ACTIVE
E004-T000750,E004,E004-AS030,2026-08-02 08:00:00,IDS,1108,1027,ACTIVE
E004-T000751,E004,E004-AS001,2026-08-02 09:00:00,SNMP,1028,999,ACTIVE
E004-T000752,E004,E004-AS002,2026-08-02 09:00:00,NETFLOW,1033,987,ACTIVE
E004-T000753,E004,E004-AS003,2026-08-02 09:00:00,SYSLOG,1084,1081,ACTIVE
E004-T000754,E004,E004-AS004,2026-08-02 09:00:00,SIEM,1180,1064,ACTIVE
E004-T000755,E004,E004-AS005,2026-08-02 09:00:00,IDS,926,943,ACTIVE
E004-T000756,E004,E004-AS006,2026-08-02 09:00:00,SNMP,1058,999,ACTIVE
E004-T000757,E004,E004-AS007,2026-08-02 09:00:00,NETFLOW,992,1080,ACTIVE
E004-T000758,E004,E004-AS008,2026-08-02 09:00:00,SYSLOG,942,910,ACTIVE
E004-T000759,E004,E004-AS009,2026-08-02 09:00:00,SIEM,868,901,DELAYED
E004-T000760,E004,E004-AS010,2026-08-02 09:00:00,IDS,986,1000,ACTIVE
E004-T000761,E004,E004-AS011,2026-08-02 09:00:00,SNMP,541,916,DEGRADED
E004-T000762,E004,E004-AS012,2026-08-02 09:00:00,NETFLOW,1088,1027,ACTIVE
E004-T000763,E004,E004-AS013,2026-08-02 09:00:00,SYSLOG,1052,970,ACTIVE
E004-T000764,E004,E004-AS014,2026-08-02 09:00:00,SIEM,890,905,ACTIVE
E004-T000765,E004,E004-AS015,2026-08-02 09:00:00,IDS,970,933,ACTIVE
E004-T000766,E004,E004-AS016,2026-08-02 09:00:00,SNMP,977,929,ACTIVE
E004-T000767,E004,E004-AS017,2026-08-02 09:00:00,NETFLOW,898,941,ACTIVE
E004-T000768,E004,E004-AS018,2026-08-02 09:00:00,SYSLOG,934,921,ACTIVE
E004-T000769,E004,E004-AS019,2026-08-02 09:00:00,SIEM,1030,1049,DELAYED
E004-T000770,E004,E004-AS020,2026-08-02 09:00:00,IDS,1028,974,ACTIVE
E004-T000771,E004,E004-AS021,2026-08-02 09:00:00,SNMP,869,964,ACTIVE
E004-T000772,E004,E004-AS022,2026-08-02 09:00:00,NETFLOW,1101,1099,ACTIVE
E004-T000773,E004,E004-AS023,2026-08-02 09:00:00,SYSLOG,1075,1047,ACTIVE
E004-T000774,E004,E004-AS024,2026-08-02 09:00:00,SIEM,848,926,ACTIVE
E004-T000775,E004,E004-AS025,2026-08-02 09:00:00,IDS,709,1034,DEGRADED
E004-T000776,E004,E004-AS026,2026-08-02 09:00:00,SNMP,1071,992,ACTIVE
E004-T000777,E004,E004-AS027,2026-08-02 09:00:00,NETFLOW,1102,1044,ACTIVE
E004-T000778,E004,E004-AS028,2026-08-02 09:00:00,SYSLOG,1038,951,ACTIVE
E004-T000779,E004,E004-AS029,2026-08-02 09:00:00,SIEM,1000,1082,ACTIVE
E004-T000780,E004,E004-AS030,2026-08-02 09:00:00,IDS,1112,1020,ACTIVE
E004-T000781,E004,E004-AS001,2026-08-02 10:00:00,SNMP,1151,1042,ACTIVE
E004-T000782,E004,E004-AS002,2026-08-02 10:00:00,NETFLOW,952,1100,DELAYED
E004-T000783,E004,E004-AS003,2026-08-02 10:00:00,SYSLOG,1168,1087,ACTIVE
E004-T000784,E004,E004-AS004,2026-08-02 10:00:00,SIEM,1062,1086,ACTIVE
E004-T000785,E004,E004-AS005,2026-08-02 10:00:00,IDS,1042,1058,ACTIVE
E004-T000786,E004,E004-AS006,2026-08-02 10:00:00,SNMP,1028,1060,ACTIVE
E004-T000787,E004,E004-AS007,2026-08-02 10:00:00,NETFLOW,552,1004,DEGRADED
E004-T000788,E004,E004-AS008,2026-08-02 10:00:00,SYSLOG,879,935,ACTIVE
E004-T000789,E004,E004-AS009,2026-08-02 10:00:00,SIEM,772,992,DEGRADED
E004-T000790,E004,E004-AS010,2026-08-02 10:00:00,IDS,951,982,ACTIVE
E004-T000791,E004,E004-AS011,2026-08-02 10:00:00,SNMP,1135,1067,ACTIVE
E004-T000792,E004,E004-AS012,2026-08-02 10:00:00,NETFLOW,1012,950,ACTIVE
E004-T000793,E004,E004-AS013,2026-08-02 10:00:00,SYSLOG,1014,960,ACTIVE
E004-T000794,E004,E004-AS014,2026-08-02 10:00:00,SIEM,1048,996,ACTIVE
E004-T000795,E004,E004-AS015,2026-08-02 10:00:00,IDS,1087,1022,ACTIVE
E004-T000796,E004,E004-AS016,2026-08-02 10:00:00,SNMP,1012,916,ACTIVE
E004-T000797,E004,E004-AS017,2026-08-02 10:00:00,NETFLOW,665,931,DEGRADED
E004-T000798,E004,E004-AS018,2026-08-02 10:00:00,SYSLOG,1075,1048,ACTIVE
E004-T000799,E004,E004-AS019,2026-08-02 10:00:00,SIEM,922,950,ACTIVE
E004-T000800,E004,E004-AS020,2026-08-02 10:00:00,IDS,1058,1056,ACTIVE
E004-T000801,E004,E004-AS021,2026-08-02 10:00:00,SNMP,929,972,ACTIVE
E004-T000802,E004,E004-AS022,2026-08-02 10:00:00,NETFLOW,1120,1037,ACTIVE
E004-T000803,E004,E004-AS023,2026-08-02 10:00:00,SYSLOG,1066,968,ACTIVE
E004-T000804,E004,E004-AS024,2026-08-02 10:00:00,SIEM,1057,1018,ACTIVE
E004-T000805,E004,E004-AS025,2026-08-02 10:00:00,IDS,1047,958,ACTIVE
E004-T000806,E004,E004-AS026,2026-08-02 10:00:00,SNMP,991,909,ACTIVE
E004-T000807,E004,E004-AS027,2026-08-02 10:00:00,NETFLOW,588,912,DEGRADED
E004-T000808,E004,E004-AS028,2026-08-02 10:00:00,SYSLOG,664,1072,DEGRADED
E004-T000809,E004,E004-AS029,2026-08-02 10:00:00,SIEM,1066,1091,ACTIVE
E004-T000810,E004,E004-AS030,2026-08-02 10:00:00,IDS,1009,1040,ACTIVE
E004-T000811,E004,E004-AS001,2026-08-02 11:00:00,SNMP,619,1045,DEGRADED
E004-T000812,E004,E004-AS002,2026-08-02 11:00:00,NETFLOW,885,929,ACTIVE
E004-T000813,E004,E004-AS003,2026-08-02 11:00:00,SYSLOG,903,995,ACTIVE
E004-T000814,E004,E004-AS004,2026-08-02 11:00:00,SIEM,981,913,ACTIVE
E004-T000815,E004,E004-AS005,2026-08-02 11:00:00,IDS,819,909,ACTIVE
E004-T000816,E004,E004-AS006,2026-08-02 11:00:00,SNMP,1112,1098,ACTIVE
E004-T000817,E004,E004-AS007,2026-08-02 11:00:00,NETFLOW,939,978,ACTIVE
E004-T000818,E004,E004-AS008,2026-08-02 11:00:00,SYSLOG,948,944,ACTIVE
E004-T000819,E004,E004-AS009,2026-08-02 11:00:00,SIEM,948,993,ACTIVE
E004-T000820,E004,E004-AS010,2026-08-02 11:00:00,IDS,843,924,ACTIVE
E004-T000821,E004,E004-AS011,2026-08-02 11:00:00,SNMP,853,917,ACTIVE
E004-T000822,E004,E004-AS012,2026-08-02 11:00:00,NETFLOW,1166,1075,ACTIVE
E004-T000823,E004,E004-AS013,2026-08-02 11:00:00,SYSLOG,1109,1043,ACTIVE
E004-T000824,E004,E004-AS014,2026-08-02 11:00:00,SIEM,953,993,ACTIVE
E004-T000825,E004,E004-AS015,2026-08-02 11:00:00,IDS,904,943,ACTIVE
E004-T000826,E004,E004-AS016,2026-08-02 11:00:00,SNMP,1165,1057,ACTIVE
E004-T000827,E004,E004-AS017,2026-08-02 11:00:00,NETFLOW,1060,962,ACTIVE
E004-T000828,E004,E004-AS018,2026-08-02 11:00:00,SYSLOG,832,925,ACTIVE
E004-T000829,E004,E004-AS019,2026-08-02 11:00:00,SIEM,915,920,ACTIVE
E004-T000830,E004,E004-AS020,2026-08-02 11:00:00,IDS,665,1019,DEGRADED
E004-T000831,E004,E004-AS021,2026-08-02 11:00:00,SNMP,943,1012,ACTIVE
E004-T000832,E004,E004-AS022,2026-08-02 11:00:00,NETFLOW,1050,1069,ACTIVE
E004-T000833,E004,E004-AS023,2026-08-02 11:00:00,SYSLOG,1102,1023,ACTIVE
E004-T000834,E004,E004-AS024,2026-08-02 11:00:00,SIEM,1024,1075,ACTIVE
E004-T000835,E004,E004-AS025,2026-08-02 11:00:00,IDS,961,1020,ACTIVE
E004-T000836,E004,E004-AS026,2026-08-02 11:00:00,SNMP,1177,1100,ACTIVE
E004-T000837,E004,E004-AS027,2026-08-02 11:00:00,NETFLOW,830,915,ACTIVE
E004-T000838,E004,E004-AS028,2026-08-02 11:00:00,SYSLOG,926,964,ACTIVE
E004-T000839,E004,E004-AS029,2026-08-02 11:00:00,SIEM,689,998,DEGRADED
E004-T000840,E004,E004-AS030,2026-08-02 11:00:00,IDS,1080,1042,ACTIVE
E004-T000841,E004,E004-AS001,2026-08-02 12:00:00,SNMP,1162,1087,ACTIVE
E004-T000842,E004,E004-AS002,2026-08-02 12:00:00,NETFLOW,1068,1064,ACTIVE
E004-T000843,E004,E004-AS003,2026-08-02 12:00:00,SYSLOG,985,976,ACTIVE
E004-T000844,E004,E004-AS004,2026-08-02 12:00:00,SIEM,1059,1079,ACTIVE
E004-T000845,E004,E004-AS005,2026-08-02 12:00:00,IDS,1039,981,ACTIVE
E004-T000846,E004,E004-AS006,2026-08-02 12:00:00,SNMP,701,1011,DEGRADED
E004-T000847,E004,E004-AS007,2026-08-02 12:00:00,NETFLOW,1072,971,ACTIVE
E004-T000848,E004,E004-AS008,2026-08-02 12:00:00,SYSLOG,845,915,DELAYED
E004-T000849,E004,E004-AS009,2026-08-02 12:00:00,SIEM,962,993,ACTIVE
E004-T000850,E004,E004-AS010,2026-08-02 12:00:00,IDS,891,977,ACTIVE
E004-T000851,E004,E004-AS011,2026-08-02 12:00:00,SNMP,974,963,ACTIVE
E004-T000852,E004,E004-AS012,2026-08-02 12:00:00,NETFLOW,1063,1082,ACTIVE
E004-T000853,E004,E004-AS013,2026-08-02 12:00:00,SYSLOG,841,926,ACTIVE
E004-T000854,E004,E004-AS014,2026-08-02 12:00:00,SIEM,605,900,DEGRADED
E004-T000855,E004,E004-AS015,2026-08-02 12:00:00,IDS,928,998,ACTIVE
E004-T000856,E004,E004-AS016,2026-08-02 12:00:00,SNMP,945,939,ACTIVE
E004-T000857,E004,E004-AS017,2026-08-02 12:00:00,NETFLOW,953,947,ACTIVE
E004-T000858,E004,E004-AS018,2026-08-02 12:00:00,SYSLOG,884,934,ACTIVE
E004-T000859,E004,E004-AS019,2026-08-02 12:00:00,SIEM,1129,1092,ACTIVE
E004-T000860,E004,E004-AS020,2026-08-02 12:00:00,IDS,1171,1063,ACTIVE
E004-T000861,E004,E004-AS021,2026-08-02 12:00:00,SNMP,999,996,ACTIVE
E004-T000862,E004,E004-AS022,2026-08-02 12:00:00,NETFLOW,883,937,ACTIVE
E004-T000863,E004,E004-AS023,2026-08-02 12:00:00,SYSLOG,981,1086,ACTIVE
E004-T000864,E004,E004-AS024,2026-08-02 12:00:00,SIEM,1000,1004,ACTIVE
E004-T000865,E004,E004-AS025,2026-08-02 12:00:00,IDS,1034,975,ACTIVE
E004-T000866,E004,E004-AS026,2026-08-02 12:00:00,SNMP,808,1092,DEGRADED
E004-T000867,E004,E004-AS027,2026-08-02 12:00:00,NETFLOW,921,987,ACTIVE
E004-T000868,E004,E004-AS028,2026-08-02 12:00:00,SYSLOG,1060,1059,ACTIVE
E004-T000869,E004,E004-AS029,2026-08-02 12:00:00,SIEM,875,934,ACTIVE
E004-T000870,E004,E004-AS030,2026-08-02 12:00:00,IDS,1005,999,ACTIVE
E004-T000871,E004,E004-AS001,2026-08-02 13:00:00,SNMP,838,931,ACTIVE
E004-T000872,E004,E004-AS002,2026-08-02 13:00:00,NETFLOW,888,984,ACTIVE
E004-T000873,E004,E004-AS003,2026-08-02 13:00:00,SYSLOG,939,1028,ACTIVE
E004-T000874,E004,E004-AS004,2026-08-02 13:00:00,SIEM,824,911,ACTIVE
E004-T000875,E004,E004-AS005,2026-08-02 13:00:00,IDS,876,919,ACTIVE
E004-T000876,E004,E004-AS006,2026-08-02 13:00:00,SNMP,1093,1087,ACTIVE
E004-T000877,E004,E004-AS007,2026-08-02 13:00:00,NETFLOW,939,1023,ACTIVE
E004-T000878,E004,E004-AS008,2026-08-02 13:00:00,SYSLOG,745,1024,DEGRADED
E004-T000879,E004,E004-AS009,2026-08-02 13:00:00,SIEM,1044,954,ACTIVE
E004-T000880,E004,E004-AS010,2026-08-02 13:00:00,IDS,965,1056,ACTIVE
E004-T000881,E004,E004-AS011,2026-08-02 13:00:00,SNMP,1131,1086,ACTIVE
E004-T000882,E004,E004-AS012,2026-08-02 13:00:00,NETFLOW,906,1000,ACTIVE
E004-T000883,E004,E004-AS013,2026-08-02 13:00:00,SYSLOG,962,973,DELAYED
E004-T000884,E004,E004-AS014,2026-08-02 13:00:00,SIEM,1041,1080,ACTIVE
E004-T000885,E004,E004-AS015,2026-08-02 13:00:00,IDS,1176,1095,ACTIVE
E004-T000886,E004,E004-AS016,2026-08-02 13:00:00,SNMP,1129,1045,ACTIVE
E004-T000887,E004,E004-AS017,2026-08-02 13:00:00,NETFLOW,996,1089,ACTIVE
E004-T000888,E004,E004-AS018,2026-08-02 13:00:00,SYSLOG,928,1011,ACTIVE
E004-T000889,E004,E004-AS019,2026-08-02 13:00:00,SIEM,1109,1020,ACTIVE
E004-T000890,E004,E004-AS020,2026-08-02 13:00:00,IDS,995,906,ACTIVE
E004-T000891,E004,E004-AS021,2026-08-02 13:00:00,SNMP,1063,989,ACTIVE
E004-T000892,E004,E004-AS022,2026-08-02 13:00:00,NETFLOW,962,907,ACTIVE
E004-T000893,E004,E004-AS023,2026-08-02 13:00:00,SYSLOG,1106,1049,ACTIVE
E004-T000894,E004,E004-AS024,2026-08-02 13:00:00,SIEM,987,995,ACTIVE
E004-T000895,E004,E004-AS025,2026-08-02 13:00:00,IDS,879,1098,DELAYED
E004-T000896,E004,E004-AS026,2026-08-02 13:00:00,SNMP,888,974,ACTIVE
E004-T000897,E004,E004-AS027,2026-08-02 13:00:00,NETFLOW,1116,1095,ACTIVE
E004-T000898,E004,E004-AS028,2026-08-02 13:00:00,SYSLOG,1152,1070,ACTIVE
E004-T000899,E004,E004-AS029,2026-08-02 13:00:00,SIEM,1200,1099,ACTIVE
E004-T000900,E004,E004-AS030,2026-08-02 13:00:00,IDS,1047,956,ACTIVE
E004-T000901,E004,E004-AS001,2026-08-02 14:00:00,SNMP,1093,1045,ACTIVE
E004-T000902,E004,E004-AS002,2026-08-02 14:00:00,NETFLOW,942,937,ACTIVE
E004-T000903,E004,E004-AS003,2026-08-02 14:00:00,SYSLOG,983,1080,ACTIVE
E004-T000904,E004,E004-AS004,2026-08-02 14:00:00,SIEM,548,936,DEGRADED
E004-T000905,E004,E004-AS005,2026-08-02 14:00:00,IDS,1083,996,ACTIVE
E004-T000906,E004,E004-AS006,2026-08-02 14:00:00,SNMP,936,1017,ACTIVE
E004-T000907,E004,E004-AS007,2026-08-02 14:00:00,NETFLOW,860,912,ACTIVE
E004-T000908,E004,E004-AS008,2026-08-02 14:00:00,SYSLOG,909,937,ACTIVE
E004-T000909,E004,E004-AS009,2026-08-02 14:00:00,SIEM,1005,943,ACTIVE
E004-T000910,E004,E004-AS010,2026-08-02 14:00:00,IDS,916,988,ACTIVE
E004-T000911,E004,E004-AS011,2026-08-02 14:00:00,SNMP,1026,1096,ACTIVE
E004-T000912,E004,E004-AS012,2026-08-02 14:00:00,NETFLOW,1087,1090,ACTIVE
E004-T000913,E004,E004-AS013,2026-08-02 14:00:00,SYSLOG,986,998,ACTIVE
E004-T000914,E004,E004-AS014,2026-08-02 14:00:00,SIEM,1040,1032,ACTIVE
E004-T000915,E004,E004-AS015,2026-08-02 14:00:00,IDS,821,1011,DEGRADED
E004-T000916,E004,E004-AS016,2026-08-02 14:00:00,SNMP,942,1019,ACTIVE
E004-T000917,E004,E004-AS017,2026-08-02 14:00:00,NETFLOW,1027,1030,ACTIVE
E004-T000918,E004,E004-AS018,2026-08-02 14:00:00,SYSLOG,1043,1002,ACTIVE
E004-T000919,E004,E004-AS019,2026-08-02 14:00:00,SIEM,868,953,ACTIVE
E004-T000920,E004,E004-AS020,2026-08-02 14:00:00,IDS,1124,1087,ACTIVE
E004-T000921,E004,E004-AS021,2026-08-02 14:00:00,SNMP,992,1079,ACTIVE
E004-T000922,E004,E004-AS022,2026-08-02 14:00:00,NETFLOW,1143,1050,ACTIVE
E004-T000923,E004,E004-AS023,2026-08-02 14:00:00,SYSLOG,921,995,ACTIVE
E004-T000924,E004,E004-AS024,2026-08-02 14:00:00,SIEM,1138,1061,ACTIVE
E004-T000925,E004,E004-AS025,2026-08-02 14:00:00,IDS,1003,1060,ACTIVE
E004-T000926,E004,E004-AS026,2026-08-02 14:00:00,SNMP,944,1045,ACTIVE
E004-T000927,E004,E004-AS027,2026-08-02 14:00:00,NETFLOW,875,1090,DELAYED
E004-T000928,E004,E004-AS028,2026-08-02 14:00:00,SYSLOG,790,1080,DEGRADED
E004-T000929,E004,E004-AS029,2026-08-02 14:00:00,SIEM,945,996,ACTIVE
E004-T000930,E004,E004-AS030,2026-08-02 14:00:00,IDS,1187,1097,ACTIVE
E004-T000931,E004,E004-AS001,2026-08-02 15:00:00,SNMP,932,917,ACTIVE
E004-T000932,E004,E004-AS002,2026-08-02 15:00:00,NETFLOW,988,934,ACTIVE
E004-T000933,E004,E004-AS003,2026-08-02 15:00:00,SYSLOG,927,980,ACTIVE
E004-T000934,E004,E004-AS004,2026-08-02 15:00:00,SIEM,998,919,ACTIVE
E004-T000935,E004,E004-AS005,2026-08-02 15:00:00,IDS,986,1002,ACTIVE
E004-T000936,E004,E004-AS006,2026-08-02 15:00:00,SNMP,1152,1072,ACTIVE
E004-T000937,E004,E004-AS007,2026-08-02 15:00:00,NETFLOW,967,1027,ACTIVE
E004-T000938,E004,E004-AS008,2026-08-02 15:00:00,SYSLOG,947,922,ACTIVE
E004-T000939,E004,E004-AS009,2026-08-02 15:00:00,SIEM,655,1040,DEGRADED
E004-T000940,E004,E004-AS010,2026-08-02 15:00:00,IDS,1006,962,ACTIVE
E004-T000941,E004,E004-AS011,2026-08-02 15:00:00,SNMP,1049,986,ACTIVE
E004-T000942,E004,E004-AS012,2026-08-02 15:00:00,NETFLOW,1101,1072,ACTIVE
E004-T000943,E004,E004-AS013,2026-08-02 15:00:00,SYSLOG,1016,925,ACTIVE
E004-T000944,E004,E004-AS014,2026-08-02 15:00:00,SIEM,1099,1081,ACTIVE
E004-T000945,E004,E004-AS015,2026-08-02 15:00:00,IDS,773,984,DEGRADED
E004-T000946,E004,E004-AS016,2026-08-02 15:00:00,SNMP,928,963,ACTIVE
E004-T000947,E004,E004-AS017,2026-08-02 15:00:00,NETFLOW,1106,1097,ACTIVE
E004-T000948,E004,E004-AS018,2026-08-02 15:00:00,SYSLOG,905,1018,DELAYED
E004-T000949,E004,E004-AS019,2026-08-02 15:00:00,SIEM,1028,1071,ACTIVE
E004-T000950,E004,E004-AS020,2026-08-02 15:00:00,IDS,1042,1039,ACTIVE
E004-T000951,E004,E004-AS021,2026-08-02 15:00:00,SNMP,1038,994,ACTIVE
E004-T000952,E004,E004-AS022,2026-08-02 15:00:00,NETFLOW,1112,1031,ACTIVE
E004-T000953,E004,E004-AS023,2026-08-02 15:00:00,SYSLOG,1064,1060,ACTIVE
E004-T000954,E004,E004-AS024,2026-08-02 15:00:00,SIEM,1066,990,ACTIVE
E004-T000955,E004,E004-AS025,2026-08-02 15:00:00,IDS,1157,1052,ACTIVE
E004-T000956,E004,E004-AS026,2026-08-02 15:00:00,SNMP,943,985,ACTIVE
E004-T000957,E004,E004-AS027,2026-08-02 15:00:00,NETFLOW,872,912,ACTIVE
E004-T000958,E004,E004-AS028,2026-08-02 15:00:00,SYSLOG,1079,1073,ACTIVE
E004-T000959,E004,E004-AS029,2026-08-02 15:00:00,SIEM,1157,1073,ACTIVE
E004-T000960,E004,E004-AS030,2026-08-02 15:00:00,IDS,890,925,ACTIVE
E004-T000961,E004,E004-AS001,2026-08-02 16:00:00,SNMP,1149,1100,ACTIVE
E004-T000962,E004,E004-AS002,2026-08-02 16:00:00,NETFLOW,936,967,ACTIVE
E004-T000963,E004,E004-AS003,2026-08-02 16:00:00,SYSLOG,529,924,DEGRADED
E004-T000964,E004,E004-AS004,2026-08-02 16:00:00,SIEM,639,1010,DEGRADED
E004-T000965,E004,E004-AS005,2026-08-02 16:00:00,IDS,850,934,DELAYED
E004-T000966,E004,E004-AS006,2026-08-02 16:00:00,SNMP,1096,1079,ACTIVE
E004-T000967,E004,E004-AS007,2026-08-02 16:00:00,NETFLOW,1064,990,ACTIVE
E004-T000968,E004,E004-AS008,2026-08-02 16:00:00,SYSLOG,1176,1082,ACTIVE
E004-T000969,E004,E004-AS009,2026-08-02 16:00:00,SIEM,627,997,DEGRADED
E004-T000970,E004,E004-AS010,2026-08-02 16:00:00,IDS,1036,948,ACTIVE
E004-T000971,E004,E004-AS011,2026-08-02 16:00:00,SNMP,993,902,ACTIVE
E004-T000972,E004,E004-AS012,2026-08-02 16:00:00,NETFLOW,915,928,ACTIVE
E004-T000973,E004,E004-AS013,2026-08-02 16:00:00,SYSLOG,1007,953,ACTIVE
E004-T000974,E004,E004-AS014,2026-08-02 16:00:00,SIEM,748,1066,DEGRADED
E004-T000975,E004,E004-AS015,2026-08-02 16:00:00,IDS,1145,1055,ACTIVE
E004-T000976,E004,E004-AS016,2026-08-02 16:00:00,SNMP,1185,1085,ACTIVE
E004-T000977,E004,E004-AS017,2026-08-02 16:00:00,NETFLOW,986,1090,ACTIVE
E004-T000978,E004,E004-AS018,2026-08-02 16:00:00,SYSLOG,1020,1070,ACTIVE
E004-T000979,E004,E004-AS019,2026-08-02 16:00:00,SIEM,1095,1005,ACTIVE
E004-T000980,E004,E004-AS020,2026-08-02 16:00:00,IDS,665,901,DEGRADED
E004-T000981,E004,E004-AS021,2026-08-02 16:00:00,SNMP,910,978,ACTIVE
E004-T000982,E004,E004-AS022,2026-08-02 16:00:00,NETFLOW,1042,1017,ACTIVE
E004-T000983,E004,E004-AS023,2026-08-02 16:00:00,SYSLOG,929,935,ACTIVE
E004-T000984,E004,E004-AS024,2026-08-02 16:00:00,SIEM,1017,948,ACTIVE
E004-T000985,E004,E004-AS025,2026-08-02 16:00:00,IDS,958,959,DELAYED
E004-T000986,E004,E004-AS026,2026-08-02 16:00:00,SNMP,1091,1014,ACTIVE
E004-T000987,E004,E004-AS027,2026-08-02 16:00:00,NETFLOW,1053,1080,ACTIVE
E004-T000988,E004,E004-AS028,2026-08-02 16:00:00,SYSLOG,965,994,ACTIVE
E004-T000989,E004,E004-AS029,2026-08-02 16:00:00,SIEM,1028,1048,ACTIVE
E004-T000990,E004,E004-AS030,2026-08-02 16:00:00,IDS,1035,1050,ACTIVE
E004-T000991,E004,E004-AS001,2026-08-02 17:00:00,SNMP,1120,1065,ACTIVE
E004-T000992,E004,E004-AS002,2026-08-02 17:00:00,NETFLOW,910,1091,DEGRADED
E004-T000993,E004,E004-AS003,2026-08-02 17:00:00,SYSLOG,756,945,DEGRADED
E004-T000994,E004,E004-AS004,2026-08-02 17:00:00,SIEM,1008,1084,ACTIVE
E004-T000995,E004,E004-AS005,2026-08-02 17:00:00,IDS,1178,1075,ACTIVE
E004-T000996,E004,E004-AS006,2026-08-02 17:00:00,SNMP,782,920,DELAYED
E004-T000997,E004,E004-AS007,2026-08-02 17:00:00,NETFLOW,1130,1083,ACTIVE
E004-T000998,E004,E004-AS008,2026-08-02 17:00:00,SYSLOG,991,920,ACTIVE
E004-T000999,E004,E004-AS009,2026-08-02 17:00:00,SIEM,1016,926,ACTIVE
E004-T001000,E004,E004-AS010,2026-08-02 17:00:00,IDS,1142,1083,ACTIVE
E004-T001001,E004,E004-AS011,2026-08-02 17:00:00,SNMP,1026,960,ACTIVE
E004-T001002,E004,E004-AS012,2026-08-02 17:00:00,NETFLOW,947,968,ACTIVE
E004-T001003,E004,E004-AS013,2026-08-02 17:00:00,SYSLOG,1099,1070,ACTIVE
E004-T001004,E004,E004-AS014,2026-08-02 17:00:00,SIEM,1039,964,ACTIVE
E004-T001005,E004,E004-AS015,2026-08-02 17:00:00,IDS,1007,934,ACTIVE
E004-T001006,E004,E004-AS016,2026-08-02 17:00:00,SNMP,885,980,DELAYED
E004-T001007,E004,E004-AS017,2026-08-02 17:00:00,NETFLOW,1104,996,ACTIVE
E004-T001008,E004,E004-AS018,2026-08-02 17:00:00,SYSLOG,1118,1084,ACTIVE
E004-T001009,E004,E004-AS019,2026-08-02 17:00:00,SIEM,1175,1073,ACTIVE
E004-T001010,E004,E004-AS020,2026-08-02 17:00:00,IDS,951,942,ACTIVE
E004-T001011,E004,E004-AS021,2026-08-02 17:00:00,SNMP,847,907,ACTIVE
E004-T001012,E004,E004-AS022,2026-08-02 17:00:00,NETFLOW,1077,984,ACTIVE
E004-T001013,E004,E004-AS023,2026-08-02 17:00:00,SYSLOG,1013,933,ACTIVE
E004-T001014,E004,E004-AS024,2026-08-02 17:00:00,SIEM,1087,1047,ACTIVE
E004-T001015,E004,E004-AS025,2026-08-02 17:00:00,IDS,1056,965,ACTIVE
E004-T001016,E004,E004-AS026,2026-08-02 17:00:00,SNMP,1137,1041,ACTIVE
E004-T001017,E004,E004-AS027,2026-08-02 17:00:00,NETFLOW,847,916,ACTIVE
E004-T001018,E004,E004-AS028,2026-08-02 17:00:00,SYSLOG,1058,1028,ACTIVE
E004-T001019,E004,E004-AS029,2026-08-02 17:00:00,SIEM,885,921,ACTIVE
E004-T001020,E004,E004-AS030,2026-08-02 17:00:00,IDS,1212,1095,ACTIVE
E004-T001021,E004,E004-AS001,2026-08-02 18:00:00,SNMP,886,941,ACTIVE
E004-T001022,E004,E004-AS002,2026-08-02 18:00:00,NETFLOW,998,1062,ACTIVE
E004-T001023,E004,E004-AS003,2026-08-02 18:00:00,SYSLOG,1099,997,ACTIVE
E004-T001024,E004,E004-AS004,2026-08-02 18:00:00,SIEM,817,949,DELAYED
E004-T001025,E004,E004-AS005,2026-08-02 18:00:00,IDS,897,938,ACTIVE
E004-T001026,E004,E004-AS006,2026-08-02 18:00:00,SNMP,975,984,ACTIVE
E004-T001027,E004,E004-AS007,2026-08-02 18:00:00,NETFLOW,961,1016,ACTIVE
E004-T001028,E004,E004-AS008,2026-08-02 18:00:00,SYSLOG,962,1005,ACTIVE
E004-T001029,E004,E004-AS009,2026-08-02 18:00:00,SIEM,1082,1042,ACTIVE
E004-T001030,E004,E004-AS010,2026-08-02 18:00:00,IDS,884,976,ACTIVE
E004-T001031,E004,E004-AS011,2026-08-02 18:00:00,SNMP,1085,1097,ACTIVE
E004-T001032,E004,E004-AS012,2026-08-02 18:00:00,NETFLOW,1066,969,ACTIVE
E004-T001033,E004,E004-AS013,2026-08-02 18:00:00,SYSLOG,923,944,ACTIVE
E004-T001034,E004,E004-AS014,2026-08-02 18:00:00,SIEM,765,977,DEGRADED
E004-T001035,E004,E004-AS015,2026-08-02 18:00:00,IDS,985,975,ACTIVE
E004-T001036,E004,E004-AS016,2026-08-02 18:00:00,SNMP,900,994,ACTIVE
E004-T001037,E004,E004-AS017,2026-08-02 18:00:00,NETFLOW,953,928,ACTIVE
E004-T001038,E004,E004-AS018,2026-08-02 18:00:00,SYSLOG,774,976,DEGRADED
E004-T001039,E004,E004-AS019,2026-08-02 18:00:00,SIEM,704,1018,DEGRADED
E004-T001040,E004,E004-AS020,2026-08-02 18:00:00,IDS,993,911,ACTIVE
E004-T001041,E004,E004-AS021,2026-08-02 18:00:00,SNMP,1123,1056,ACTIVE
E004-T001042,E004,E004-AS022,2026-08-02 18:00:00,NETFLOW,1071,995,ACTIVE
E004-T001043,E004,E004-AS023,2026-08-02 18:00:00,SYSLOG,1167,1084,ACTIVE
E004-T001044,E004,E004-AS024,2026-08-02 18:00:00,SIEM,1170,1089,ACTIVE
E004-T001045,E004,E004-AS025,2026-08-02 18:00:00,IDS,971,1070,ACTIVE
E004-T001046,E004,E004-AS026,2026-08-02 18:00:00,SNMP,996,955,ACTIVE
E004-T001047,E004,E004-AS027,2026-08-02 18:00:00,NETFLOW,628,956,DEGRADED
E004-T001048,E004,E004-AS028,2026-08-02 18:00:00,SYSLOG,952,900,ACTIVE
E004-T001049,E004,E004-AS029,2026-08-02 18:00:00,SIEM,1134,1097,ACTIVE
E004-T001050,E004,E004-AS030,2026-08-02 18:00:00,IDS,854,926,ACTIVE
E004-T001051,E004,E004-AS001,2026-08-02 19:00:00,SNMP,956,986,ACTIVE
E004-T001052,E004,E004-AS002,2026-08-02 19:00:00,NETFLOW,997,924,ACTIVE
E004-T001053,E004,E004-AS003,2026-08-02 19:00:00,SYSLOG,1033,1000,ACTIVE
E004-T001054,E004,E004-AS004,2026-08-02 19:00:00,SIEM,861,937,ACTIVE
E004-T001055,E004,E004-AS005,2026-08-02 19:00:00,IDS,944,1006,ACTIVE
E004-T001056,E004,E004-AS006,2026-08-02 19:00:00,SNMP,955,901,ACTIVE
E004-T001057,E004,E004-AS007,2026-08-02 19:00:00,NETFLOW,1021,949,ACTIVE
E004-T001058,E004,E004-AS008,2026-08-02 19:00:00,SYSLOG,1028,1006,ACTIVE
E004-T001059,E004,E004-AS009,2026-08-02 19:00:00,SIEM,1127,1069,ACTIVE
E004-T001060,E004,E004-AS010,2026-08-02 19:00:00,IDS,1013,1067,ACTIVE
E004-T001061,E004,E004-AS011,2026-08-02 19:00:00,SNMP,1065,1027,ACTIVE
E004-T001062,E004,E004-AS012,2026-08-02 19:00:00,NETFLOW,1018,922,ACTIVE
E004-T001063,E004,E004-AS013,2026-08-02 19:00:00,SYSLOG,820,956,DELAYED
E004-T001064,E004,E004-AS014,2026-08-02 19:00:00,SIEM,936,1035,ACTIVE
E004-T001065,E004,E004-AS015,2026-08-02 19:00:00,IDS,1089,1099,ACTIVE
E004-T001066,E004,E004-AS016,2026-08-02 19:00:00,SNMP,858,1014,DELAYED
E004-T001067,E004,E004-AS017,2026-08-02 19:00:00,NETFLOW,976,949,ACTIVE
E004-T001068,E004,E004-AS018,2026-08-02 19:00:00,SYSLOG,1054,1048,ACTIVE
E004-T001069,E004,E004-AS019,2026-08-02 19:00:00,SIEM,983,1009,ACTIVE
E004-T001070,E004,E004-AS020,2026-08-02 19:00:00,IDS,926,944,ACTIVE
E004-T001071,E004,E004-AS021,2026-08-02 19:00:00,SNMP,1076,1024,ACTIVE
E004-T001072,E004,E004-AS022,2026-08-02 19:00:00,NETFLOW,960,969,ACTIVE
E004-T001073,E004,E004-AS023,2026-08-02 19:00:00,SYSLOG,961,954,ACTIVE
E004-T001074,E004,E004-AS024,2026-08-02 19:00:00,SIEM,1058,1071,ACTIVE
E004-T001075,E004,E004-AS025,2026-08-02 19:00:00,IDS,1089,1043,ACTIVE
E004-T001076,E004,E004-AS026,2026-08-02 19:00:00,SNMP,728,1080,DEGRADED
E004-T001077,E004,E004-AS027,2026-08-02 19:00:00,NETFLOW,1068,969,ACTIVE
E004-T001078,E004,E004-AS028,2026-08-02 19:00:00,SYSLOG,851,926,DELAYED
E004-T001079,E004,E004-AS029,2026-08-02 19:00:00,SIEM,1078,1035,ACTIVE
E004-T001080,E004,E004-AS030,2026-08-02 19:00:00,IDS,944,1048,ACTIVE
E004-T001081,E004,E004-AS001,2026-08-02 20:00:00,SNMP,1090,1068,ACTIVE
E004-T001082,E004,E004-AS002,2026-08-02 20:00:00,NETFLOW,974,916,ACTIVE
E004-T001083,E004,E004-AS003,2026-08-02 20:00:00,SYSLOG,1013,1056,ACTIVE
E004-T001084,E004,E004-AS004,2026-08-02 20:00:00,SIEM,1119,1060,ACTIVE
E004-T001085,E004,E004-AS005,2026-08-02 20:00:00,IDS,1039,953,ACTIVE
E004-T001086,E004,E004-AS006,2026-08-02 20:00:00,SNMP,937,910,ACTIVE
E004-T001087,E004,E004-AS007,2026-08-02 20:00:00,NETFLOW,921,920,ACTIVE
E004-T001088,E004,E004-AS008,2026-08-02 20:00:00,SYSLOG,1083,1010,ACTIVE
E004-T001089,E004,E004-AS009,2026-08-02 20:00:00,SIEM,1068,1057,ACTIVE
E004-T001090,E004,E004-AS010,2026-08-02 20:00:00,IDS,1144,1067,ACTIVE
E004-T001091,E004,E004-AS011,2026-08-02 20:00:00,SNMP,927,1025,ACTIVE
E004-T001092,E004,E004-AS012,2026-08-02 20:00:00,NETFLOW,905,993,ACTIVE
E004-T001093,E004,E004-AS013,2026-08-02 20:00:00,SYSLOG,1006,1042,ACTIVE
E004-T001094,E004,E004-AS014,2026-08-02 20:00:00,SIEM,1132,1083,ACTIVE
E004-T001095,E004,E004-AS015,2026-08-02 20:00:00,IDS,969,956,ACTIVE
E004-T001096,E004,E004-AS016,2026-08-02 20:00:00,SNMP,1018,960,ACTIVE
E004-T001097,E004,E004-AS017,2026-08-02 20:00:00,NETFLOW,1094,1009,ACTIVE
E004-T001098,E004,E004-AS018,2026-08-02 20:00:00,SYSLOG,1129,1071,ACTIVE
E004-T001099,E004,E004-AS019,2026-08-02 20:00:00,SIEM,874,912,ACTIVE
E004-T001100,E004,E004-AS020,2026-08-02 20:00:00,IDS,914,1004,ACTIVE
E004-T001101,E004,E004-AS021,2026-08-02 20:00:00,SNMP,927,942,ACTIVE
E004-T001102,E004,E004-AS022,2026-08-02 20:00:00,NETFLOW,867,946,ACTIVE
E004-T001103,E004,E004-AS023,2026-08-02 20:00:00,SYSLOG,1008,1022,ACTIVE
E004-T001104,E004,E004-AS024,2026-08-02 20:00:00,SIEM,925,919,ACTIVE
E004-T001105,E004,E004-AS025,2026-08-02 20:00:00,IDS,1066,968,ACTIVE
E004-T001106,E004,E004-AS026,2026-08-02 20:00:00,SNMP,996,905,ACTIVE
E004-T001107,E004,E004-AS027,2026-08-02 20:00:00,NETFLOW,1074,972,ACTIVE
E004-T001108,E004,E004-AS028,2026-08-02 20:00:00,SYSLOG,943,988,ACTIVE
E004-T001109,E004,E004-AS029,2026-08-02 20:00:00,SIEM,903,963,ACTIVE
E004-T001110,E004,E004-AS030,2026-08-02 20:00:00,IDS,975,964,ACTIVE
E004-T001111,E004,E004-AS001,2026-08-02 21:00:00,SNMP,896,974,DELAYED
E004-T001112,E004,E004-AS002,2026-08-02 21:00:00,NETFLOW,878,940,DELAYED
E004-T001113,E004,E004-AS003,2026-08-02 21:00:00,SYSLOG,934,1002,ACTIVE
E004-T001114,E004,E004-AS004,2026-08-02 21:00:00,SIEM,1093,1067,ACTIVE
E004-T001115,E004,E004-AS005,2026-08-02 21:00:00,IDS,908,1005,ACTIVE
E004-T001116,E004,E004-AS006,2026-08-02 21:00:00,SNMP,928,1023,ACTIVE
E004-T001117,E004,E004-AS007,2026-08-02 21:00:00,NETFLOW,1024,949,ACTIVE
E004-T001118,E004,E004-AS008,2026-08-02 21:00:00,SYSLOG,900,928,ACTIVE
E004-T001119,E004,E004-AS009,2026-08-02 21:00:00,SIEM,969,964,ACTIVE
E004-T001120,E004,E004-AS010,2026-08-02 21:00:00,IDS,916,960,ACTIVE
E004-T001121,E004,E004-AS011,2026-08-02 21:00:00,SNMP,947,974,ACTIVE
E004-T001122,E004,E004-AS012,2026-08-02 21:00:00,NETFLOW,1011,1036,ACTIVE
E004-T001123,E004,E004-AS013,2026-08-02 21:00:00,SYSLOG,1064,1011,ACTIVE
E004-T001124,E004,E004-AS014,2026-08-02 21:00:00,SIEM,846,963,DELAYED
E004-T001125,E004,E004-AS015,2026-08-02 21:00:00,IDS,1012,957,ACTIVE
E004-T001126,E004,E004-AS016,2026-08-02 21:00:00,SNMP,1103,1099,ACTIVE
E004-T001127,E004,E004-AS017,2026-08-02 21:00:00,NETFLOW,977,901,ACTIVE
E004-T001128,E004,E004-AS018,2026-08-02 21:00:00,SYSLOG,1051,1062,ACTIVE
E004-T001129,E004,E004-AS019,2026-08-02 21:00:00,SIEM,1167,1080,ACTIVE
E004-T001130,E004,E004-AS020,2026-08-02 21:00:00,IDS,961,970,ACTIVE
E004-T001131,E004,E004-AS021,2026-08-02 21:00:00,SNMP,1098,1022,ACTIVE
E004-T001132,E004,E004-AS022,2026-08-02 21:00:00,NETFLOW,1034,1058,DELAYED
E004-T001133,E004,E004-AS023,2026-08-02 21:00:00,SYSLOG,839,909,ACTIVE
E004-T001134,E004,E004-AS024,2026-08-02 21:00:00,SIEM,1107,1093,ACTIVE
E004-T001135,E004,E004-AS025,2026-08-02 21:00:00,IDS,908,907,ACTIVE
E004-T001136,E004,E004-AS026,2026-08-02 21:00:00,SNMP,712,935,DEGRADED
E004-T001137,E004,E004-AS027,2026-08-02 21:00:00,NETFLOW,1001,1056,ACTIVE
E004-T001138,E004,E004-AS028,2026-08-02 21:00:00,SYSLOG,601,973,DEGRADED
E004-T001139,E004,E004-AS029,2026-08-02 21:00:00,SIEM,907,918,ACTIVE
E004-T001140,E004,E004-AS030,2026-08-02 21:00:00,IDS,1123,1075,ACTIVE
E004-T001141,E004,E004-AS001,2026-08-02 22:00:00,SNMP,1081,1045,ACTIVE
E004-T001142,E004,E004-AS002,2026-08-02 22:00:00,NETFLOW,1027,997,ACTIVE
E004-T001143,E004,E004-AS003,2026-08-02 22:00:00,SYSLOG,1044,956,ACTIVE
E004-T001144,E004,E004-AS004,2026-08-02 22:00:00,SIEM,729,1034,DEGRADED
E004-T001145,E004,E004-AS005,2026-08-02 22:00:00,IDS,947,994,ACTIVE
E004-T001146,E004,E004-AS006,2026-08-02 22:00:00,SNMP,977,940,ACTIVE
E004-T001147,E004,E004-AS007,2026-08-02 22:00:00,NETFLOW,997,1000,ACTIVE
E004-T001148,E004,E004-AS008,2026-08-02 22:00:00,SYSLOG,1105,1027,ACTIVE
E004-T001149,E004,E004-AS009,2026-08-02 22:00:00,SIEM,696,970,DEGRADED
E004-T001150,E004,E004-AS010,2026-08-02 22:00:00,IDS,949,963,ACTIVE
E004-T001151,E004,E004-AS011,2026-08-02 22:00:00,SNMP,1099,1082,ACTIVE
E004-T001152,E004,E004-AS012,2026-08-02 22:00:00,NETFLOW,913,977,ACTIVE
E004-T001153,E004,E004-AS013,2026-08-02 22:00:00,SYSLOG,1122,1095,ACTIVE
E004-T001154,E004,E004-AS014,2026-08-02 22:00:00,SIEM,1036,1073,ACTIVE
E004-T001155,E004,E004-AS015,2026-08-02 22:00:00,IDS,1090,1065,ACTIVE
E004-T001156,E004,E004-AS016,2026-08-02 22:00:00,SNMP,955,921,ACTIVE
E004-T001157,E004,E004-AS017,2026-08-02 22:00:00,NETFLOW,995,1084,ACTIVE
E004-T001158,E004,E004-AS018,2026-08-02 22:00:00,SYSLOG,1104,1026,ACTIVE
E004-T001159,E004,E004-AS019,2026-08-02 22:00:00,SIEM,1041,976,ACTIVE
E004-T001160,E004,E004-AS020,2026-08-02 22:00:00,IDS,1092,1073,ACTIVE
E004-T001161,E004,E004-AS021,2026-08-02 22:00:00,SNMP,943,936,ACTIVE
E004-T001162,E004,E004-AS022,2026-08-02 22:00:00,NETFLOW,924,927,ACTIVE
E004-T001163,E004,E004-AS023,2026-08-02 22:00:00,SYSLOG,973,964,ACTIVE
E004-T001164,E004,E004-AS024,2026-08-02 22:00:00,SIEM,924,1096,DELAYED
E004-T001165,E004,E004-AS025,2026-08-02 22:00:00,IDS,1037,1053,ACTIVE
E004-T001166,E004,E004-AS026,2026-08-02 22:00:00,SNMP,1030,1025,ACTIVE
E004-T001167,E004,E004-AS027,2026-08-02 22:00:00,NETFLOW,1146,1055,ACTIVE
E004-T001168,E004,E004-AS028,2026-08-02 22:00:00,SYSLOG,842,936,ACTIVE
E004-T001169,E004,E004-AS029,2026-08-02 22:00:00,SIEM,926,989,ACTIVE
E004-T001170,E004,E004-AS030,2026-08-02 22:00:00,IDS,955,965,ACTIVE
E004-T001171,E004,E004-AS001,2026-08-02 23:00:00,SNMP,979,919,ACTIVE
E004-T001172,E004,E004-AS002,2026-08-02 23:00:00,NETFLOW,1100,1019,ACTIVE
E004-T001173,E004,E004-AS003,2026-08-02 23:00:00,SYSLOG,1116,1035,ACTIVE
E004-T001174,E004,E004-AS004,2026-08-02 23:00:00,SIEM,1082,997,ACTIVE
E004-T001175,E004,E004-AS005,2026-08-02 23:00:00,IDS,885,943,ACTIVE
E004-T001176,E004,E004-AS006,2026-08-02 23:00:00,SNMP,1056,973,ACTIVE
E004-T001177,E004,E004-AS007,2026-08-02 23:00:00,NETFLOW,1028,1008,ACTIVE
E004-T001178,E004,E004-AS008,2026-08-02 23:00:00,SYSLOG,885,981,ACTIVE
E004-T001179,E004,E004-AS009,2026-08-02 23:00:00,SIEM,1011,988,ACTIVE
E004-T001180,E004,E004-AS010,2026-08-02 23:00:00,IDS,1148,1052,ACTIVE
E004-T001181,E004,E004-AS011,2026-08-02 23:00:00,SNMP,993,910,ACTIVE
E004-T001182,E004,E004-AS012,2026-08-02 23:00:00,NETFLOW,1201,1094,ACTIVE
E004-T001183,E004,E004-AS013,2026-08-02 23:00:00,SYSLOG,986,1040,ACTIVE
E004-T001184,E004,E004-AS014,2026-08-02 23:00:00,SIEM,933,927,ACTIVE
E004-T001185,E004,E004-AS015,2026-08-02 23:00:00,IDS,541,982,DEGRADED
E004-T001186,E004,E004-AS016,2026-08-02 23:00:00,SNMP,1028,952,ACTIVE
E004-T001187,E004,E004-AS017,2026-08-02 23:00:00,NETFLOW,1026,1099,ACTIVE
E004-T001188,E004,E004-AS018,2026-08-02 23:00:00,SYSLOG,897,958,ACTIVE
E004-T001189,E004,E004-AS019,2026-08-02 23:00:00,SIEM,880,918,ACTIVE
E004-T001190,E004,E004-AS020,2026-08-02 23:00:00,IDS,724,1079,DEGRADED
E004-T001191,E004,E004-AS021,2026-08-02 23:00:00,SNMP,1032,1059,ACTIVE
E004-T001192,E004,E004-AS022,2026-08-02 23:00:00,NETFLOW,676,1002,DEGRADED
E004-T001193,E004,E004-AS023,2026-08-02 23:00:00,SYSLOG,975,989,ACTIVE
E004-T001194,E004,E004-AS024,2026-08-02 23:00:00,SIEM,939,941,ACTIVE
E004-T001195,E004,E004-AS025,2026-08-02 23:00:00,IDS,939,979,ACTIVE
E004-T001196,E004,E004-AS026,2026-08-02 23:00:00,SNMP,926,1030,DELAYED
E004-T001197,E004,E004-AS027,2026-08-02 23:00:00,NETFLOW,1022,971,ACTIVE
E004-T001198,E004,E004-AS028,2026-08-02 23:00:00,SYSLOG,931,1003,ACTIVE
E004-T001199,E004,E004-AS029,2026-08-02 23:00:00,SIEM,1050,1080,DELAYED
E004-T001200,E004,E004-AS030,2026-08-02 23:00:00,IDS,929,1023,DELAYED
E004-T001201,E004,E004-AS001,2026-08-03 00:00:00,SNMP,1051,948,ACTIVE
E004-T001202,E004,E004-AS002,2026-08-03 00:00:00,NETFLOW,1028,985,ACTIVE
E004-T001203,E004,E004-AS003,2026-08-03 00:00:00,SYSLOG,865,956,ACTIVE
E004-T001204,E004,E004-AS004,2026-08-03 00:00:00,SIEM,924,959,ACTIVE
E004-T001205,E004,E004-AS005,2026-08-03 00:00:00,IDS,1040,977,ACTIVE
E004-T001206,E004,E004-AS006,2026-08-03 00:00:00,SNMP,1100,1093,ACTIVE
E004-T001207,E004,E004-AS007,2026-08-03 00:00:00,NETFLOW,1015,946,ACTIVE
E004-T001208,E004,E004-AS008,2026-08-03 00:00:00,SYSLOG,1005,1005,ACTIVE
E004-T001209,E004,E004-AS009,2026-08-03 00:00:00,SIEM,975,992,ACTIVE
E004-T001210,E004,E004-AS010,2026-08-03 00:00:00,IDS,766,970,DEGRADED
E004-T001211,E004,E004-AS011,2026-08-03 00:00:00,SNMP,1148,1078,ACTIVE
E004-T001212,E004,E004-AS012,2026-08-03 00:00:00,NETFLOW,977,1076,ACTIVE
E004-T001213,E004,E004-AS013,2026-08-03 00:00:00,SYSLOG,975,983,ACTIVE
E004-T001214,E004,E004-AS014,2026-08-03 00:00:00,SIEM,922,1004,ACTIVE
E004-T001215,E004,E004-AS015,2026-08-03 00:00:00,IDS,991,1068,DELAYED
E004-T001216,E004,E004-AS016,2026-08-03 00:00:00,SNMP,611,912,DEGRADED
E004-T001217,E004,E004-AS017,2026-08-03 00:00:00,NETFLOW,965,910,ACTIVE
E004-T001218,E004,E004-AS018,2026-08-03 00:00:00,SYSLOG,1008,922,ACTIVE
E004-T001219,E004,E004-AS019,2026-08-03 00:00:00,SIEM,1016,954,ACTIVE
E004-T001220,E004,E004-AS020,2026-08-03 00:00:00,IDS,1053,1055,ACTIVE
E004-T001221,E004,E004-AS021,2026-08-03 00:00:00,SNMP,858,951,DELAYED
E004-T001222,E004,E004-AS022,2026-08-03 00:00:00,NETFLOW,836,1084,DEGRADED
E004-T001223,E004,E004-AS023,2026-08-03 00:00:00,SYSLOG,1017,1056,ACTIVE
E004-T001224,E004,E004-AS024,2026-08-03 00:00:00,SIEM,671,990,DEGRADED
E004-T001225,E004,E004-AS025,2026-08-03 00:00:00,IDS,914,939,ACTIVE
E004-T001226,E004,E004-AS026,2026-08-03 00:00:00,SNMP,940,928,ACTIVE
E004-T001227,E004,E004-AS027,2026-08-03 00:00:00,NETFLOW,867,923,ACTIVE
E004-T001228,E004,E004-AS028,2026-08-03 00:00:00,SYSLOG,1076,1094,DELAYED
E004-T001229,E004,E004-AS029,2026-08-03 00:00:00,SIEM,1054,1004,ACTIVE
E004-T001230,E004,E004-AS030,2026-08-03 00:00:00,IDS,546,956,DEGRADED
E004-T001231,E004,E004-AS001,2026-08-03 01:00:00,SNMP,1037,1089,DELAYED
E004-T001232,E004,E004-AS002,2026-08-03 01:00:00,NETFLOW,908,1070,DELAYED
E004-T001233,E004,E004-AS003,2026-08-03 01:00:00,SYSLOG,1085,1077,ACTIVE
E004-T001234,E004,E004-AS004,2026-08-03 01:00:00,SIEM,1030,983,ACTIVE
E004-T001235,E004,E004-AS005,2026-08-03 01:00:00,IDS,1118,1061,ACTIVE
E004-T001236,E004,E004-AS006,2026-08-03 01:00:00,SNMP,1061,1039,ACTIVE
E004-T001237,E004,E004-AS007,2026-08-03 01:00:00,NETFLOW,978,1038,ACTIVE
E004-T001238,E004,E004-AS008,2026-08-03 01:00:00,SYSLOG,994,1029,ACTIVE
E004-T001239,E004,E004-AS009,2026-08-03 01:00:00,SIEM,1069,966,ACTIVE
E004-T001240,E004,E004-AS010,2026-08-03 01:00:00,IDS,927,1016,ACTIVE
E004-T001241,E004,E004-AS011,2026-08-03 01:00:00,SNMP,606,1063,DEGRADED
E004-T001242,E004,E004-AS012,2026-08-03 01:00:00,NETFLOW,941,997,ACTIVE
E004-T001243,E004,E004-AS013,2026-08-03 01:00:00,SYSLOG,934,985,ACTIVE
E004-T001244,E004,E004-AS014,2026-08-03 01:00:00,SIEM,930,991,ACTIVE
E004-T001245,E004,E004-AS015,2026-08-03 01:00:00,IDS,999,1031,ACTIVE
E004-T001246,E004,E004-AS016,2026-08-03 01:00:00,SNMP,961,1011,ACTIVE
E004-T001247,E004,E004-AS017,2026-08-03 01:00:00,NETFLOW,772,957,DEGRADED
E004-T001248,E004,E004-AS018,2026-08-03 01:00:00,SYSLOG,977,919,ACTIVE
E004-T001249,E004,E004-AS019,2026-08-03 01:00:00,SIEM,983,1034,ACTIVE
E004-T001250,E004,E004-AS020,2026-08-03 01:00:00,IDS,1081,1072,ACTIVE
E004-T001251,E004,E004-AS021,2026-08-03 01:00:00,SNMP,914,916,ACTIVE
E004-T001252,E004,E004-AS022,2026-08-03 01:00:00,NETFLOW,938,937,ACTIVE
E004-T001253,E004,E004-AS023,2026-08-03 01:00:00,SYSLOG,963,991,ACTIVE
E004-T001254,E004,E004-AS024,2026-08-03 01:00:00,SIEM,988,964,ACTIVE
E004-T001255,E004,E004-AS025,2026-08-03 01:00:00,IDS,857,909,DELAYED
E004-T001256,E004,E004-AS026,2026-08-03 01:00:00,SNMP,1084,1090,ACTIVE
E004-T001257,E004,E004-AS027,2026-08-03 01:00:00,NETFLOW,1142,1096,ACTIVE
E004-T001258,E004,E004-AS028,2026-08-03 01:00:00,SYSLOG,1180,1070,ACTIVE
E004-T001259,E004,E004-AS029,2026-08-03 01:00:00,SIEM,984,917,ACTIVE
E004-T001260,E004,E004-AS030,2026-08-03 01:00:00,IDS,898,988,ACTIVE
E004-T001261,E004,E004-AS001,2026-08-03 02:00:00,SNMP,969,997,ACTIVE
E004-T001262,E004,E004-AS002,2026-08-03 02:00:00,NETFLOW,1046,1067,ACTIVE
E004-T001263,E004,E004-AS003,2026-08-03 02:00:00,SYSLOG,562,1012,DEGRADED
E004-T001264,E004,E004-AS004,2026-08-03 02:00:00,SIEM,803,977,DEGRADED
E004-T001265,E004,E004-AS005,2026-08-03 02:00:00,IDS,1095,1004,ACTIVE
E004-T001266,E004,E004-AS006,2026-08-03 02:00:00,SNMP,1012,994,ACTIVE
E004-T001267,E004,E004-AS007,2026-08-03 02:00:00,NETFLOW,906,954,ACTIVE
E004-T001268,E004,E004-AS008,2026-08-03 02:00:00,SYSLOG,1068,1011,ACTIVE
E004-T001269,E004,E004-AS009,2026-08-03 02:00:00,SIEM,1044,976,ACTIVE
E004-T001270,E004,E004-AS010,2026-08-03 02:00:00,IDS,1022,1090,ACTIVE
E004-T001271,E004,E004-AS011,2026-08-03 02:00:00,SNMP,1067,1045,ACTIVE
E004-T001272,E004,E004-AS012,2026-08-03 02:00:00,NETFLOW,934,991,ACTIVE
E004-T001273,E004,E004-AS013,2026-08-03 02:00:00,SYSLOG,1083,1003,ACTIVE
E004-T001274,E004,E004-AS014,2026-08-03 02:00:00,SIEM,953,927,ACTIVE
E004-T001275,E004,E004-AS015,2026-08-03 02:00:00,IDS,930,997,ACTIVE
E004-T001276,E004,E004-AS016,2026-08-03 02:00:00,SNMP,1134,1029,ACTIVE
E004-T001277,E004,E004-AS017,2026-08-03 02:00:00,NETFLOW,951,1033,ACTIVE
E004-T001278,E004,E004-AS018,2026-08-03 02:00:00,SYSLOG,1095,1037,ACTIVE
E004-T001279,E004,E004-AS019,2026-08-03 02:00:00,SIEM,1009,996,ACTIVE
E004-T001280,E004,E004-AS020,2026-08-03 02:00:00,IDS,852,922,ACTIVE
E004-T001281,E004,E004-AS021,2026-08-03 02:00:00,SNMP,859,950,ACTIVE
E004-T001282,E004,E004-AS022,2026-08-03 02:00:00,NETFLOW,987,991,ACTIVE
E004-T001283,E004,E004-AS023,2026-08-03 02:00:00,SYSLOG,1032,1088,ACTIVE
E004-T001284,E004,E004-AS024,2026-08-03 02:00:00,SIEM,1009,991,ACTIVE
E004-T001285,E004,E004-AS025,2026-08-03 02:00:00,IDS,1011,1050,ACTIVE
E004-T001286,E004,E004-AS026,2026-08-03 02:00:00,SNMP,980,907,ACTIVE
E004-T001287,E004,E004-AS027,2026-08-03 02:00:00,NETFLOW,701,1056,DEGRADED
E004-T001288,E004,E004-AS028,2026-08-03 02:00:00,SYSLOG,1017,1001,ACTIVE
E004-T001289,E004,E004-AS029,2026-08-03 02:00:00,SIEM,824,916,ACTIVE
E004-T001290,E004,E004-AS030,2026-08-03 02:00:00,IDS,1095,1093,ACTIVE
E004-T001291,E004,E004-AS001,2026-08-03 03:00:00,SNMP,1117,1093,ACTIVE
E004-T001292,E004,E004-AS002,2026-08-03 03:00:00,NETFLOW,954,956,ACTIVE
E004-T001293,E004,E004-AS003,2026-08-03 03:00:00,SYSLOG,951,1049,ACTIVE
E004-T001294,E004,E004-AS004,2026-08-03 03:00:00,SIEM,770,1053,DEGRADED
E004-T001295,E004,E004-AS005,2026-08-03 03:00:00,IDS,1181,1089,ACTIVE
E004-T001296,E004,E004-AS006,2026-08-03 03:00:00,SNMP,925,1007,ACTIVE
E004-T001297,E004,E004-AS007,2026-08-03 03:00:00,NETFLOW,998,936,ACTIVE
E004-T001298,E004,E004-AS008,2026-08-03 03:00:00,SYSLOG,1080,1055,ACTIVE
E004-T001299,E004,E004-AS009,2026-08-03 03:00:00,SIEM,1086,1031,ACTIVE
E004-T001300,E004,E004-AS010,2026-08-03 03:00:00,IDS,1091,1008,ACTIVE
E004-T001301,E004,E004-AS011,2026-08-03 03:00:00,SNMP,1026,996,ACTIVE
E004-T001302,E004,E004-AS012,2026-08-03 03:00:00,NETFLOW,900,938,ACTIVE
E004-T001303,E004,E004-AS013,2026-08-03 03:00:00,SYSLOG,917,900,ACTIVE
E004-T001304,E004,E004-AS014,2026-08-03 03:00:00,SIEM,1103,1085,ACTIVE
E004-T001305,E004,E004-AS015,2026-08-03 03:00:00,IDS,985,1005,ACTIVE
E004-T001306,E004,E004-AS016,2026-08-03 03:00:00,SNMP,1019,1040,ACTIVE
E004-T001307,E004,E004-AS017,2026-08-03 03:00:00,NETFLOW,1013,1100,ACTIVE
E004-T001308,E004,E004-AS018,2026-08-03 03:00:00,SYSLOG,835,901,ACTIVE
E004-T001309,E004,E004-AS019,2026-08-03 03:00:00,SIEM,843,927,ACTIVE
E004-T001310,E004,E004-AS020,2026-08-03 03:00:00,IDS,865,911,ACTIVE
E004-T001311,E004,E004-AS021,2026-08-03 03:00:00,SNMP,1025,1012,ACTIVE
E004-T001312,E004,E004-AS022,2026-08-03 03:00:00,NETFLOW,1110,1083,ACTIVE
E004-T001313,E004,E004-AS023,2026-08-03 03:00:00,SYSLOG,983,941,ACTIVE
E004-T001314,E004,E004-AS024,2026-08-03 03:00:00,SIEM,1042,996,ACTIVE
E004-T001315,E004,E004-AS025,2026-08-03 03:00:00,IDS,1135,1086,ACTIVE
E004-T001316,E004,E004-AS026,2026-08-03 03:00:00,SNMP,1026,972,ACTIVE
E004-T001317,E004,E004-AS027,2026-08-03 03:00:00,NETFLOW,1056,1063,ACTIVE
E004-T001318,E004,E004-AS028,2026-08-03 03:00:00,SYSLOG,886,971,ACTIVE
E004-T001319,E004,E004-AS029,2026-08-03 03:00:00,SIEM,1024,1094,ACTIVE
E004-T001320,E004,E004-AS030,2026-08-03 03:00:00,IDS,1002,976,ACTIVE
E004-T001321,E004,E004-AS001,2026-08-03 04:00:00,SNMP,912,958,ACTIVE
E004-T001322,E004,E004-AS002,2026-08-03 04:00:00,NETFLOW,886,969,ACTIVE
E004-T001323,E004,E004-AS003,2026-08-03 04:00:00,SYSLOG,1019,1024,ACTIVE
E004-T001324,E004,E004-AS004,2026-08-03 04:00:00,SIEM,993,945,ACTIVE
E004-T001325,E004,E004-AS005,2026-08-03 04:00:00,IDS,952,983,ACTIVE
E004-T001326,E004,E004-AS006,2026-08-03 04:00:00,SNMP,1089,1059,ACTIVE
E004-T001327,E004,E004-AS007,2026-08-03 04:00:00,NETFLOW,990,1092,ACTIVE
E004-T001328,E004,E004-AS008,2026-08-03 04:00:00,SYSLOG,1097,1087,ACTIVE
E004-T001329,E004,E004-AS009,2026-08-03 04:00:00,SIEM,966,1002,ACTIVE
E004-T001330,E004,E004-AS010,2026-08-03 04:00:00,IDS,973,963,ACTIVE
E004-T001331,E004,E004-AS011,2026-08-03 04:00:00,SNMP,871,944,ACTIVE
E004-T001332,E004,E004-AS012,2026-08-03 04:00:00,NETFLOW,924,981,ACTIVE
E004-T001333,E004,E004-AS013,2026-08-03 04:00:00,SYSLOG,1116,1056,ACTIVE
E004-T001334,E004,E004-AS014,2026-08-03 04:00:00,SIEM,946,1052,ACTIVE
E004-T001335,E004,E004-AS015,2026-08-03 04:00:00,IDS,1057,1031,ACTIVE
E004-T001336,E004,E004-AS016,2026-08-03 04:00:00,SNMP,1097,1059,ACTIVE
E004-T001337,E004,E004-AS017,2026-08-03 04:00:00,NETFLOW,1010,1064,DELAYED
E004-T001338,E004,E004-AS018,2026-08-03 04:00:00,SYSLOG,1127,1082,ACTIVE
E004-T001339,E004,E004-AS019,2026-08-03 04:00:00,SIEM,1105,1051,ACTIVE
E004-T001340,E004,E004-AS020,2026-08-03 04:00:00,IDS,1058,1070,ACTIVE
E004-T001341,E004,E004-AS021,2026-08-03 04:00:00,SNMP,1118,1030,ACTIVE
E004-T001342,E004,E004-AS022,2026-08-03 04:00:00,NETFLOW,846,934,ACTIVE
E004-T001343,E004,E004-AS023,2026-08-03 04:00:00,SYSLOG,1001,1022,ACTIVE
E004-T001344,E004,E004-AS024,2026-08-03 04:00:00,SIEM,1153,1060,ACTIVE
E004-T001345,E004,E004-AS025,2026-08-03 04:00:00,IDS,649,1020,DEGRADED
E004-T001346,E004,E004-AS026,2026-08-03 04:00:00,SNMP,884,962,ACTIVE
E004-T001347,E004,E004-AS027,2026-08-03 04:00:00,NETFLOW,921,939,ACTIVE
E004-T001348,E004,E004-AS028,2026-08-03 04:00:00,SYSLOG,948,934,ACTIVE
E004-T001349,E004,E004-AS029,2026-08-03 04:00:00,SIEM,894,981,ACTIVE
E004-T001350,E004,E004-AS030,2026-08-03 04:00:00,IDS,1166,1079,ACTIVE
E004-T001351,E004,E004-AS001,2026-08-03 05:00:00,SNMP,1082,997,ACTIVE
E004-T001352,E004,E004-AS002,2026-08-03 05:00:00,NETFLOW,1088,1023,ACTIVE
E004-T001353,E004,E004-AS003,2026-08-03 05:00:00,SYSLOG,963,915,ACTIVE
E004-T001354,E004,E004-AS004,2026-08-03 05:00:00,SIEM,1013,915,ACTIVE
E004-T001355,E004,E004-AS005,2026-08-03 05:00:00,IDS,927,1030,ACTIVE
E004-T001356,E004,E004-AS006,2026-08-03 05:00:00,SNMP,1010,1048,ACTIVE
E004-T001357,E004,E004-AS007,2026-08-03 05:00:00,NETFLOW,1174,1079,ACTIVE
E004-T001358,E004,E004-AS008,2026-08-03 05:00:00,SYSLOG,1090,1013,ACTIVE
E004-T001359,E004,E004-AS009,2026-08-03 05:00:00,SIEM,1088,1019,ACTIVE
E004-T001360,E004,E004-AS010,2026-08-03 05:00:00,IDS,893,900,ACTIVE
E004-T001361,E004,E004-AS011,2026-08-03 05:00:00,SNMP,1120,1041,ACTIVE
E004-T001362,E004,E004-AS012,2026-08-03 05:00:00,NETFLOW,857,1041,DELAYED
E004-T001363,E004,E004-AS013,2026-08-03 05:00:00,SYSLOG,878,908,ACTIVE
E004-T001364,E004,E004-AS014,2026-08-03 05:00:00,SIEM,1002,949,ACTIVE
E004-T001365,E004,E004-AS015,2026-08-03 05:00:00,IDS,1087,1039,ACTIVE
E004-T001366,E004,E004-AS016,2026-08-03 05:00:00,SNMP,972,1100,DELAYED
E004-T001367,E004,E004-AS017,2026-08-03 05:00:00,NETFLOW,1165,1052,ACTIVE
E004-T001368,E004,E004-AS018,2026-08-03 05:00:00,SYSLOG,889,986,ACTIVE
E004-T001369,E004,E004-AS019,2026-08-03 05:00:00,SIEM,1129,1059,ACTIVE
E004-T001370,E004,E004-AS020,2026-08-03 05:00:00,IDS,1099,1052,ACTIVE
E004-T001371,E004,E004-AS021,2026-08-03 05:00:00,SNMP,1032,1075,DELAYED
E004-T001372,E004,E004-AS022,2026-08-03 05:00:00,NETFLOW,993,1077,ACTIVE
E004-T001373,E004,E004-AS023,2026-08-03 05:00:00,SYSLOG,805,945,DELAYED
E004-T001374,E004,E004-AS024,2026-08-03 05:00:00,SIEM,956,955,ACTIVE
E004-T001375,E004,E004-AS025,2026-08-03 05:00:00,IDS,965,929,ACTIVE
E004-T001376,E004,E004-AS026,2026-08-03 05:00:00,SNMP,1006,957,ACTIVE
E004-T001377,E004,E004-AS027,2026-08-03 05:00:00,NETFLOW,1101,1011,ACTIVE
E004-T001378,E004,E004-AS028,2026-08-03 05:00:00,SYSLOG,983,1069,ACTIVE
E004-T001379,E004,E004-AS029,2026-08-03 05:00:00,SIEM,999,964,ACTIVE
E004-T001380,E004,E004-AS030,2026-08-03 05:00:00,IDS,962,1033,ACTIVE
E004-T001381,E004,E004-AS001,2026-08-03 06:00:00,SNMP,1025,1059,ACTIVE
E004-T001382,E004,E004-AS002,2026-08-03 06:00:00,NETFLOW,979,937,ACTIVE
E004-T001383,E004,E004-AS003,2026-08-03 06:00:00,SYSLOG,1135,1054,ACTIVE
E004-T001384,E004,E004-AS004,2026-08-03 06:00:00,SIEM,947,952,ACTIVE
E004-T001385,E004,E004-AS005,2026-08-03 06:00:00,IDS,852,946,ACTIVE
E004-T001386,E004,E004-AS006,2026-08-03 06:00:00,SNMP,915,936,ACTIVE
E004-T001387,E004,E004-AS007,2026-08-03 06:00:00,NETFLOW,946,915,ACTIVE
E004-T001388,E004,E004-AS008,2026-08-03 06:00:00,SYSLOG,1083,1083,ACTIVE
E004-T001389,E004,E004-AS009,2026-08-03 06:00:00,SIEM,674,1038,DEGRADED
E004-T001390,E004,E004-AS010,2026-08-03 06:00:00,IDS,1012,981,ACTIVE
E004-T001391,E004,E004-AS011,2026-08-03 06:00:00,SNMP,953,963,ACTIVE
E004-T001392,E004,E004-AS012,2026-08-03 06:00:00,NETFLOW,911,1005,ACTIVE
E004-T001393,E004,E004-AS013,2026-08-03 06:00:00,SYSLOG,1004,1057,ACTIVE
E004-T001394,E004,E004-AS014,2026-08-03 06:00:00,SIEM,844,925,ACTIVE
E004-T001395,E004,E004-AS015,2026-08-03 06:00:00,IDS,897,911,ACTIVE
E004-T001396,E004,E004-AS016,2026-08-03 06:00:00,SNMP,1083,1091,ACTIVE
E004-T001397,E004,E004-AS017,2026-08-03 06:00:00,NETFLOW,972,997,ACTIVE
E004-T001398,E004,E004-AS018,2026-08-03 06:00:00,SYSLOG,832,984,DEGRADED
E004-T001399,E004,E004-AS019,2026-08-03 06:00:00,SIEM,1009,930,ACTIVE
E004-T001400,E004,E004-AS020,2026-08-03 06:00:00,IDS,1014,1042,ACTIVE
E004-T001401,E004,E004-AS021,2026-08-03 06:00:00,SNMP,867,927,ACTIVE
E004-T001402,E004,E004-AS022,2026-08-03 06:00:00,NETFLOW,873,909,ACTIVE
E004-T001403,E004,E004-AS023,2026-08-03 06:00:00,SYSLOG,1000,926,ACTIVE
E004-T001404,E004,E004-AS024,2026-08-03 06:00:00,SIEM,934,982,ACTIVE
E004-T001405,E004,E004-AS025,2026-08-03 06:00:00,IDS,1041,1017,ACTIVE
E004-T001406,E004,E004-AS026,2026-08-03 06:00:00,SNMP,852,901,ACTIVE
E004-T001407,E004,E004-AS027,2026-08-03 06:00:00,NETFLOW,984,1038,ACTIVE
E004-T001408,E004,E004-AS028,2026-08-03 06:00:00,SYSLOG,768,1036,DEGRADED
E004-T001409,E004,E004-AS029,2026-08-03 06:00:00,SIEM,869,932,ACTIVE
E004-T001410,E004,E004-AS030,2026-08-03 06:00:00,IDS,1106,1041,ACTIVE
E004-T001411,E004,E004-AS001,2026-08-03 07:00:00,SNMP,1080,1015,ACTIVE
E004-T001412,E004,E004-AS002,2026-08-03 07:00:00,NETFLOW,983,967,ACTIVE
E004-T001413,E004,E004-AS003,2026-08-03 07:00:00,SYSLOG,802,1062,DEGRADED
E004-T001414,E004,E004-AS004,2026-08-03 07:00:00,SIEM,841,915,ACTIVE
E004-T001415,E004,E004-AS005,2026-08-03 07:00:00,IDS,930,911,ACTIVE
E004-T001416,E004,E004-AS006,2026-08-03 07:00:00,SNMP,923,929,ACTIVE
E004-T001417,E004,E004-AS007,2026-08-03 07:00:00,NETFLOW,948,1013,ACTIVE
E004-T001418,E004,E004-AS008,2026-08-03 07:00:00,SYSLOG,915,919,ACTIVE
E004-T001419,E004,E004-AS009,2026-08-03 07:00:00,SIEM,1135,1095,ACTIVE
E004-T001420,E004,E004-AS010,2026-08-03 07:00:00,IDS,837,1016,DEGRADED
E004-T001421,E004,E004-AS011,2026-08-03 07:00:00,SNMP,1082,1034,ACTIVE
E004-T001422,E004,E004-AS012,2026-08-03 07:00:00,NETFLOW,1152,1100,ACTIVE
E004-T001423,E004,E004-AS013,2026-08-03 07:00:00,SYSLOG,873,911,DELAYED
E004-T001424,E004,E004-AS014,2026-08-03 07:00:00,SIEM,1052,961,ACTIVE
E004-T001425,E004,E004-AS015,2026-08-03 07:00:00,IDS,909,926,ACTIVE
E004-T001426,E004,E004-AS016,2026-08-03 07:00:00,SNMP,868,924,ACTIVE
E004-T001427,E004,E004-AS017,2026-08-03 07:00:00,NETFLOW,960,1058,ACTIVE
E004-T001428,E004,E004-AS018,2026-08-03 07:00:00,SYSLOG,613,947,DEGRADED
E004-T001429,E004,E004-AS019,2026-08-03 07:00:00,SIEM,971,984,ACTIVE
E004-T001430,E004,E004-AS020,2026-08-03 07:00:00,IDS,1012,1004,ACTIVE
E004-T001431,E004,E004-AS021,2026-08-03 07:00:00,SNMP,918,944,ACTIVE
E004-T001432,E004,E004-AS022,2026-08-03 07:00:00,NETFLOW,852,912,ACTIVE
E004-T001433,E004,E004-AS023,2026-08-03 07:00:00,SYSLOG,916,943,ACTIVE
E004-T001434,E004,E004-AS024,2026-08-03 07:00:00,SIEM,920,905,ACTIVE
E004-T001435,E004,E004-AS025,2026-08-03 07:00:00,IDS,996,1025,ACTIVE
E004-T001436,E004,E004-AS026,2026-08-03 07:00:00,SNMP,1107,1041,ACTIVE
E004-T001437,E004,E004-AS027,2026-08-03 07:00:00,NETFLOW,893,957,ACTIVE
E004-T001438,E004,E004-AS028,2026-08-03 07:00:00,SYSLOG,898,903,ACTIVE
E004-T001439,E004,E004-AS029,2026-08-03 07:00:00,SIEM,985,1013,DELAYED
E004-T001440,E004,E004-AS030,2026-08-03 07:00:00,IDS,968,979,ACTIVE
E004-T001441,E004,E004-AS001,2026-08-03 08:00:00,SNMP,977,1022,DELAYED
E004-T001442,E004,E004-AS002,2026-08-03 08:00:00,NETFLOW,873,944,ACTIVE
E004-T001443,E004,E004-AS003,2026-08-03 08:00:00,SYSLOG,891,924,ACTIVE
E004-T001444,E004,E004-AS004,2026-08-03 08:00:00,SIEM,989,1046,ACTIVE
E004-T001445,E004,E004-AS005,2026-08-03 08:00:00,IDS,867,1075,DELAYED
E004-T001446,E004,E004-AS006,2026-08-03 08:00:00,SNMP,632,947,DEGRADED
E004-T001447,E004,E004-AS007,2026-08-03 08:00:00,NETFLOW,1014,1073,ACTIVE
E004-T001448,E004,E004-AS008,2026-08-03 08:00:00,SYSLOG,1044,1005,ACTIVE
E004-T001449,E004,E004-AS009,2026-08-03 08:00:00,SIEM,1050,1045,ACTIVE
E004-T001450,E004,E004-AS010,2026-08-03 08:00:00,IDS,1009,1074,ACTIVE
E004-T001451,E004,E004-AS011,2026-08-03 08:00:00,SNMP,977,978,ACTIVE
E004-T001452,E004,E004-AS012,2026-08-03 08:00:00,NETFLOW,852,921,ACTIVE
E004-T001453,E004,E004-AS013,2026-08-03 08:00:00,SYSLOG,989,987,ACTIVE
E004-T001454,E004,E004-AS014,2026-08-03 08:00:00,SIEM,750,923,DEGRADED
E004-T001455,E004,E004-AS015,2026-08-03 08:00:00,IDS,978,924,ACTIVE
E004-T001456,E004,E004-AS016,2026-08-03 08:00:00,SNMP,885,902,DELAYED
E004-T001457,E004,E004-AS017,2026-08-03 08:00:00,NETFLOW,866,922,ACTIVE
E004-T001458,E004,E004-AS018,2026-08-03 08:00:00,SYSLOG,990,980,ACTIVE
E004-T001459,E004,E004-AS019,2026-08-03 08:00:00,SIEM,1076,1018,ACTIVE
E004-T001460,E004,E004-AS020,2026-08-03 08:00:00,IDS,970,1077,ACTIVE
E004-T001461,E004,E004-AS021,2026-08-03 08:00:00,SNMP,1115,1007,ACTIVE
E004-T001462,E004,E004-AS022,2026-08-03 08:00:00,NETFLOW,1153,1049,ACTIVE
E004-T001463,E004,E004-AS023,2026-08-03 08:00:00,SYSLOG,1018,1031,ACTIVE
E004-T001464,E004,E004-AS024,2026-08-03 08:00:00,SIEM,557,946,DEGRADED
E004-T001465,E004,E004-AS025,2026-08-03 08:00:00,IDS,975,942,ACTIVE
E004-T001466,E004,E004-AS026,2026-08-03 08:00:00,SNMP,884,935,ACTIVE
E004-T001467,E004,E004-AS027,2026-08-03 08:00:00,NETFLOW,1051,990,ACTIVE
E004-T001468,E004,E004-AS028,2026-08-03 08:00:00,SYSLOG,1030,985,ACTIVE
E004-T001469,E004,E004-AS029,2026-08-03 08:00:00,SIEM,960,945,ACTIVE
E004-T001470,E004,E004-AS030,2026-08-03 08:00:00,IDS,932,948,ACTIVE
E004-T001471,E004,E004-AS001,2026-08-03 09:00:00,SNMP,990,984,ACTIVE
E004-T001472,E004,E004-AS002,2026-08-03 09:00:00,NETFLOW,1155,1060,ACTIVE
E004-T001473,E004,E004-AS003,2026-08-03 09:00:00,SYSLOG,877,913,ACTIVE
E004-T001474,E004,E004-AS004,2026-08-03 09:00:00,SIEM,1177,1066,ACTIVE
E004-T001475,E004,E004-AS005,2026-08-03 09:00:00,IDS,707,1021,DEGRADED
E004-T001476,E004,E004-AS006,2026-08-03 09:00:00,SNMP,1017,959,ACTIVE
E004-T001477,E004,E004-AS007,2026-08-03 09:00:00,NETFLOW,896,994,ACTIVE
E004-T001478,E004,E004-AS008,2026-08-03 09:00:00,SYSLOG,1136,1025,ACTIVE
E004-T001479,E004,E004-AS009,2026-08-03 09:00:00,SIEM,1068,985,ACTIVE
E004-T001480,E004,E004-AS010,2026-08-03 09:00:00,IDS,1065,996,ACTIVE
E004-T001481,E004,E004-AS011,2026-08-03 09:00:00,SNMP,918,978,ACTIVE
E004-T001482,E004,E004-AS012,2026-08-03 09:00:00,NETFLOW,1036,1097,ACTIVE
E004-T001483,E004,E004-AS013,2026-08-03 09:00:00,SYSLOG,1060,1010,ACTIVE
E004-T001484,E004,E004-AS014,2026-08-03 09:00:00,SIEM,973,1019,ACTIVE
E004-T001485,E004,E004-AS015,2026-08-03 09:00:00,IDS,1045,1067,ACTIVE
E004-T001486,E004,E004-AS016,2026-08-03 09:00:00,SNMP,1116,1071,ACTIVE
E004-T001487,E004,E004-AS017,2026-08-03 09:00:00,NETFLOW,920,906,ACTIVE
E004-T001488,E004,E004-AS018,2026-08-03 09:00:00,SYSLOG,984,900,ACTIVE
E004-T001489,E004,E004-AS019,2026-08-03 09:00:00,SIEM,964,1007,ACTIVE
E004-T001490,E004,E004-AS020,2026-08-03 09:00:00,IDS,1054,969,ACTIVE
E004-T001491,E004,E004-AS021,2026-08-03 09:00:00,SNMP,1055,989,ACTIVE
E004-T001492,E004,E004-AS022,2026-08-03 09:00:00,NETFLOW,1073,1096,ACTIVE
E004-T001493,E004,E004-AS023,2026-08-03 09:00:00,SYSLOG,1184,1097,ACTIVE
E004-T001494,E004,E004-AS024,2026-08-03 09:00:00,SIEM,834,901,ACTIVE
E004-T001495,E004,E004-AS025,2026-08-03 09:00:00,IDS,917,910,ACTIVE
E004-T001496,E004,E004-AS026,2026-08-03 09:00:00,SNMP,979,1044,ACTIVE
E004-T001497,E004,E004-AS027,2026-08-03 09:00:00,NETFLOW,1089,1043,ACTIVE
E004-T001498,E004,E004-AS028,2026-08-03 09:00:00,SYSLOG,1124,1083,ACTIVE
E004-T001499,E004,E004-AS029,2026-08-03 09:00:00,SIEM,980,1006,ACTIVE
E004-T001500,E004,E004-AS030,2026-08-03 09:00:00,IDS,899,944,ACTIVE
E004-T001501,E004,E004-AS001,2026-08-03 10:00:00,SNMP,1042,997,ACTIVE
E004-T001502,E004,E004-AS002,2026-08-03 10:00:00,NETFLOW,929,955,ACTIVE
E004-T001503,E004,E004-AS003,2026-08-03 10:00:00,SYSLOG,972,964,ACTIVE
E004-T001504,E004,E004-AS004,2026-08-03 10:00:00,SIEM,988,988,ACTIVE
E004-T001505,E004,E004-AS005,2026-08-03 10:00:00,IDS,1095,1016,ACTIVE
E004-T001506,E004,E004-AS006,2026-08-03 10:00:00,SNMP,969,955,ACTIVE
E004-T001507,E004,E004-AS007,2026-08-03 10:00:00,NETFLOW,924,903,ACTIVE
E004-T001508,E004,E004-AS008,2026-08-03 10:00:00,SYSLOG,1055,1042,ACTIVE
E004-T001509,E004,E004-AS009,2026-08-03 10:00:00,SIEM,939,933,ACTIVE
E004-T001510,E004,E004-AS010,2026-08-03 10:00:00,IDS,983,968,ACTIVE
E004-T001511,E004,E004-AS011,2026-08-03 10:00:00,SNMP,884,919,ACTIVE
E004-T001512,E004,E004-AS012,2026-08-03 10:00:00,NETFLOW,983,1043,DELAYED
E004-T001513,E004,E004-AS013,2026-08-03 10:00:00,SYSLOG,1006,916,ACTIVE
E004-T001514,E004,E004-AS014,2026-08-03 10:00:00,SIEM,866,1009,DELAYED
E004-T001515,E004,E004-AS015,2026-08-03 10:00:00,IDS,979,938,ACTIVE
E004-T001516,E004,E004-AS016,2026-08-03 10:00:00,SNMP,919,901,ACTIVE
E004-T001517,E004,E004-AS017,2026-08-03 10:00:00,NETFLOW,1051,1082,ACTIVE
E004-T001518,E004,E004-AS018,2026-08-03 10:00:00,SYSLOG,583,954,DEGRADED
E004-T001519,E004,E004-AS019,2026-08-03 10:00:00,SIEM,1051,982,ACTIVE
E004-T001520,E004,E004-AS020,2026-08-03 10:00:00,IDS,946,952,ACTIVE
E004-T001521,E004,E004-AS021,2026-08-03 10:00:00,SNMP,1009,994,ACTIVE
E004-T001522,E004,E004-AS022,2026-08-03 10:00:00,NETFLOW,1042,956,ACTIVE
E004-T001523,E004,E004-AS023,2026-08-03 10:00:00,SYSLOG,907,976,ACTIVE
E004-T001524,E004,E004-AS024,2026-08-03 10:00:00,SIEM,1003,1057,ACTIVE
E004-T001525,E004,E004-AS025,2026-08-03 10:00:00,IDS,1001,1030,DELAYED
E004-T001526,E004,E004-AS026,2026-08-03 10:00:00,SNMP,1047,969,ACTIVE
E004-T001527,E004,E004-AS027,2026-08-03 10:00:00,NETFLOW,938,1029,ACTIVE
E004-T001528,E004,E004-AS028,2026-08-03 10:00:00,SYSLOG,1005,932,ACTIVE
E004-T001529,E004,E004-AS029,2026-08-03 10:00:00,SIEM,1001,1075,DELAYED
E004-T001530,E004,E004-AS030,2026-08-03 10:00:00,IDS,1142,1068,ACTIVE
E004-T001531,E004,E004-AS001,2026-08-03 11:00:00,SNMP,930,953,ACTIVE
E004-T001532,E004,E004-AS002,2026-08-03 11:00:00,NETFLOW,1003,978,ACTIVE
E004-T001533,E004,E004-AS003,2026-08-03 11:00:00,SYSLOG,950,979,DELAYED
E004-T001534,E004,E004-AS004,2026-08-03 11:00:00,SIEM,866,953,ACTIVE
E004-T001535,E004,E004-AS005,2026-08-03 11:00:00,IDS,660,1040,DEGRADED
E004-T001536,E004,E004-AS006,2026-08-03 11:00:00,SNMP,642,1082,DEGRADED
E004-T001537,E004,E004-AS007,2026-08-03 11:00:00,NETFLOW,971,975,ACTIVE
E004-T001538,E004,E004-AS008,2026-08-03 11:00:00,SYSLOG,854,945,ACTIVE
E004-T001539,E004,E004-AS009,2026-08-03 11:00:00,SIEM,1126,1063,ACTIVE
E004-T001540,E004,E004-AS010,2026-08-03 11:00:00,IDS,896,980,ACTIVE
E004-T001541,E004,E004-AS011,2026-08-03 11:00:00,SNMP,902,918,ACTIVE
E004-T001542,E004,E004-AS012,2026-08-03 11:00:00,NETFLOW,1093,1034,ACTIVE
E004-T001543,E004,E004-AS013,2026-08-03 11:00:00,SYSLOG,863,933,ACTIVE
E004-T001544,E004,E004-AS014,2026-08-03 11:00:00,SIEM,914,941,ACTIVE
E004-T001545,E004,E004-AS015,2026-08-03 11:00:00,IDS,962,975,ACTIVE
E004-T001546,E004,E004-AS016,2026-08-03 11:00:00,SNMP,1001,993,ACTIVE
E004-T001547,E004,E004-AS017,2026-08-03 11:00:00,NETFLOW,947,1003,ACTIVE
E004-T001548,E004,E004-AS018,2026-08-03 11:00:00,SYSLOG,995,1091,ACTIVE
E004-T001549,E004,E004-AS019,2026-08-03 11:00:00,SIEM,1032,964,ACTIVE
E004-T001550,E004,E004-AS020,2026-08-03 11:00:00,IDS,904,942,ACTIVE
E004-T001551,E004,E004-AS021,2026-08-03 11:00:00,SNMP,1084,1045,ACTIVE
E004-T001552,E004,E004-AS022,2026-08-03 11:00:00,NETFLOW,744,922,DEGRADED
E004-T001553,E004,E004-AS023,2026-08-03 11:00:00,SYSLOG,1042,1088,ACTIVE
E004-T001554,E004,E004-AS024,2026-08-03 11:00:00,SIEM,910,1001,ACTIVE
E004-T001555,E004,E004-AS025,2026-08-03 11:00:00,IDS,663,1093,DEGRADED
E004-T001556,E004,E004-AS026,2026-08-03 11:00:00,SNMP,899,981,ACTIVE
E004-T001557,E004,E004-AS027,2026-08-03 11:00:00,NETFLOW,1062,1035,ACTIVE
E004-T001558,E004,E004-AS028,2026-08-03 11:00:00,SYSLOG,997,958,ACTIVE
E004-T001559,E004,E004-AS029,2026-08-03 11:00:00,SIEM,970,1000,ACTIVE
E004-T001560,E004,E004-AS030,2026-08-03 11:00:00,IDS,1121,1015,ACTIVE
E004-T001561,E004,E004-AS001,2026-08-03 12:00:00,SNMP,997,914,ACTIVE
E004-T001562,E004,E004-AS002,2026-08-03 12:00:00,NETFLOW,858,910,ACTIVE
E004-T001563,E004,E004-AS003,2026-08-03 12:00:00,SYSLOG,1102,1031,ACTIVE
E004-T001564,E004,E004-AS004,2026-08-03 12:00:00,SIEM,1006,1033,ACTIVE
E004-T001565,E004,E004-AS005,2026-08-03 12:00:00,IDS,954,1036,DELAYED
E004-T001566,E004,E004-AS006,2026-08-03 12:00:00,SNMP,954,968,ACTIVE
E004-T001567,E004,E004-AS007,2026-08-03 12:00:00,NETFLOW,975,1074,ACTIVE
E004-T001568,E004,E004-AS008,2026-08-03 12:00:00,SYSLOG,1069,1015,ACTIVE
E004-T001569,E004,E004-AS009,2026-08-03 12:00:00,SIEM,1040,1014,ACTIVE
E004-T001570,E004,E004-AS010,2026-08-03 12:00:00,IDS,1014,1026,ACTIVE
E004-T001571,E004,E004-AS011,2026-08-03 12:00:00,SNMP,1014,1056,ACTIVE
E004-T001572,E004,E004-AS012,2026-08-03 12:00:00,NETFLOW,980,995,ACTIVE
E004-T001573,E004,E004-AS013,2026-08-03 12:00:00,SYSLOG,936,975,ACTIVE
E004-T001574,E004,E004-AS014,2026-08-03 12:00:00,SIEM,1048,985,ACTIVE
E004-T001575,E004,E004-AS015,2026-08-03 12:00:00,IDS,1091,984,ACTIVE
E004-T001576,E004,E004-AS016,2026-08-03 12:00:00,SNMP,932,989,ACTIVE
E004-T001577,E004,E004-AS017,2026-08-03 12:00:00,NETFLOW,1094,1056,ACTIVE
E004-T001578,E004,E004-AS018,2026-08-03 12:00:00,SYSLOG,1028,1002,ACTIVE
E004-T001579,E004,E004-AS019,2026-08-03 12:00:00,SIEM,1107,1002,ACTIVE
E004-T001580,E004,E004-AS020,2026-08-03 12:00:00,IDS,1013,987,ACTIVE
E004-T001581,E004,E004-AS021,2026-08-03 12:00:00,SNMP,1009,968,ACTIVE
E004-T001582,E004,E004-AS022,2026-08-03 12:00:00,NETFLOW,1102,1040,ACTIVE
E004-T001583,E004,E004-AS023,2026-08-03 12:00:00,SYSLOG,827,1013,DEGRADED
E004-T001584,E004,E004-AS024,2026-08-03 12:00:00,SIEM,998,999,ACTIVE
E004-T001585,E004,E004-AS025,2026-08-03 12:00:00,IDS,969,902,ACTIVE
E004-T001586,E004,E004-AS026,2026-08-03 12:00:00,SNMP,725,904,DEGRADED
E004-T001587,E004,E004-AS027,2026-08-03 12:00:00,NETFLOW,807,1024,DEGRADED
E004-T001588,E004,E004-AS028,2026-08-03 12:00:00,SYSLOG,1052,1028,ACTIVE
E004-T001589,E004,E004-AS029,2026-08-03 12:00:00,SIEM,1066,1079,ACTIVE
E004-T001590,E004,E004-AS030,2026-08-03 12:00:00,IDS,993,936,ACTIVE
E004-T001591,E004,E004-AS001,2026-08-03 13:00:00,SNMP,895,961,ACTIVE
E004-T001592,E004,E004-AS002,2026-08-03 13:00:00,NETFLOW,787,1049,DEGRADED
E004-T001593,E004,E004-AS003,2026-08-03 13:00:00,SYSLOG,1130,1064,ACTIVE
E004-T001594,E004,E004-AS004,2026-08-03 13:00:00,SIEM,820,915,DELAYED
E004-T001595,E004,E004-AS005,2026-08-03 13:00:00,IDS,1091,1078,ACTIVE
E004-T001596,E004,E004-AS006,2026-08-03 13:00:00,SNMP,896,905,ACTIVE
E004-T001597,E004,E004-AS007,2026-08-03 13:00:00,NETFLOW,1187,1078,ACTIVE
E004-T001598,E004,E004-AS008,2026-08-03 13:00:00,SYSLOG,1077,995,ACTIVE
E004-T001599,E004,E004-AS009,2026-08-03 13:00:00,SIEM,988,1060,ACTIVE
E004-T001600,E004,E004-AS010,2026-08-03 13:00:00,IDS,994,1046,ACTIVE
E004-T001601,E004,E004-AS011,2026-08-03 13:00:00,SNMP,1091,1014,ACTIVE
E004-T001602,E004,E004-AS012,2026-08-03 13:00:00,NETFLOW,797,919,DELAYED
E004-T001603,E004,E004-AS013,2026-08-03 13:00:00,SYSLOG,837,905,ACTIVE
E004-T001604,E004,E004-AS014,2026-08-03 13:00:00,SIEM,1095,1052,ACTIVE
E004-T001605,E004,E004-AS015,2026-08-03 13:00:00,IDS,1009,942,ACTIVE
E004-T001606,E004,E004-AS016,2026-08-03 13:00:00,SNMP,930,904,ACTIVE
E004-T001607,E004,E004-AS017,2026-08-03 13:00:00,NETFLOW,1033,1033,ACTIVE
E004-T001608,E004,E004-AS018,2026-08-03 13:00:00,SYSLOG,1088,1020,ACTIVE
E004-T001609,E004,E004-AS019,2026-08-03 13:00:00,SIEM,1186,1100,ACTIVE
E004-T001610,E004,E004-AS020,2026-08-03 13:00:00,IDS,1010,973,ACTIVE
E004-T001611,E004,E004-AS021,2026-08-03 13:00:00,SNMP,1086,1041,ACTIVE
E004-T001612,E004,E004-AS022,2026-08-03 13:00:00,NETFLOW,840,912,ACTIVE
E004-T001613,E004,E004-AS023,2026-08-03 13:00:00,SYSLOG,1132,1045,ACTIVE
E004-T001614,E004,E004-AS024,2026-08-03 13:00:00,SIEM,800,1055,DEGRADED
E004-T001615,E004,E004-AS025,2026-08-03 13:00:00,IDS,991,1071,ACTIVE
E004-T001616,E004,E004-AS026,2026-08-03 13:00:00,SNMP,1080,990,ACTIVE
E004-T001617,E004,E004-AS027,2026-08-03 13:00:00,NETFLOW,986,927,ACTIVE
E004-T001618,E004,E004-AS028,2026-08-03 13:00:00,SYSLOG,1173,1075,ACTIVE
E004-T001619,E004,E004-AS029,2026-08-03 13:00:00,SIEM,1038,1091,ACTIVE
E004-T001620,E004,E004-AS030,2026-08-03 13:00:00,IDS,959,1051,ACTIVE
E004-T001621,E004,E004-AS001,2026-08-03 14:00:00,SNMP,1156,1052,ACTIVE
E004-T001622,E004,E004-AS002,2026-08-03 14:00:00,NETFLOW,865,929,ACTIVE
E004-T001623,E004,E004-AS003,2026-08-03 14:00:00,SYSLOG,930,989,ACTIVE
E004-T001624,E004,E004-AS004,2026-08-03 14:00:00,SIEM,1095,1068,ACTIVE
E004-T001625,E004,E004-AS005,2026-08-03 14:00:00,IDS,983,1046,ACTIVE
E004-T001626,E004,E004-AS006,2026-08-03 14:00:00,SNMP,929,1066,DELAYED
E004-T001627,E004,E004-AS007,2026-08-03 14:00:00,NETFLOW,961,1021,ACTIVE
E004-T001628,E004,E004-AS008,2026-08-03 14:00:00,SYSLOG,1014,1030,ACTIVE
E004-T001629,E004,E004-AS009,2026-08-03 14:00:00,SIEM,945,962,ACTIVE
E004-T001630,E004,E004-AS010,2026-08-03 14:00:00,IDS,1009,961,ACTIVE
E004-T001631,E004,E004-AS011,2026-08-03 14:00:00,SNMP,931,1027,ACTIVE
E004-T001632,E004,E004-AS012,2026-08-03 14:00:00,NETFLOW,992,1071,ACTIVE
E004-T001633,E004,E004-AS013,2026-08-03 14:00:00,SYSLOG,1010,1085,ACTIVE
E004-T001634,E004,E004-AS014,2026-08-03 14:00:00,SIEM,613,992,DEGRADED
E004-T001635,E004,E004-AS015,2026-08-03 14:00:00,IDS,1024,927,ACTIVE
E004-T001636,E004,E004-AS016,2026-08-03 14:00:00,SNMP,870,1042,DEGRADED
E004-T001637,E004,E004-AS017,2026-08-03 14:00:00,NETFLOW,944,988,ACTIVE
E004-T001638,E004,E004-AS018,2026-08-03 14:00:00,SYSLOG,999,933,ACTIVE
E004-T001639,E004,E004-AS019,2026-08-03 14:00:00,SIEM,971,1000,ACTIVE
E004-T001640,E004,E004-AS020,2026-08-03 14:00:00,IDS,958,980,ACTIVE
E004-T001641,E004,E004-AS021,2026-08-03 14:00:00,SNMP,1096,991,ACTIVE
E004-T001642,E004,E004-AS022,2026-08-03 14:00:00,NETFLOW,1069,1015,ACTIVE
E004-T001643,E004,E004-AS023,2026-08-03 14:00:00,SYSLOG,896,954,ACTIVE
E004-T001644,E004,E004-AS024,2026-08-03 14:00:00,SIEM,534,961,DEGRADED
E004-T001645,E004,E004-AS025,2026-08-03 14:00:00,IDS,826,996,DELAYED
E004-T001646,E004,E004-AS026,2026-08-03 14:00:00,SNMP,1173,1082,ACTIVE
E004-T001647,E004,E004-AS027,2026-08-03 14:00:00,NETFLOW,963,1011,ACTIVE
E004-T001648,E004,E004-AS028,2026-08-03 14:00:00,SYSLOG,1013,1019,ACTIVE
E004-T001649,E004,E004-AS029,2026-08-03 14:00:00,SIEM,872,969,ACTIVE
E004-T001650,E004,E004-AS030,2026-08-03 14:00:00,IDS,1027,962,ACTIVE
E004-T001651,E004,E004-AS001,2026-08-03 15:00:00,SNMP,1036,1090,ACTIVE
E004-T001652,E004,E004-AS002,2026-08-03 15:00:00,NETFLOW,908,905,ACTIVE
E004-T001653,E004,E004-AS003,2026-08-03 15:00:00,SYSLOG,1022,1010,ACTIVE
E004-T001654,E004,E004-AS004,2026-08-03 15:00:00,SIEM,957,959,ACTIVE
E004-T001655,E004,E004-AS005,2026-08-03 15:00:00,IDS,983,947,ACTIVE
E004-T001656,E004,E004-AS006,2026-08-03 15:00:00,SNMP,942,981,ACTIVE
E004-T001657,E004,E004-AS007,2026-08-03 15:00:00,NETFLOW,658,941,DEGRADED
E004-T001658,E004,E004-AS008,2026-08-03 15:00:00,SYSLOG,1088,986,ACTIVE
E004-T001659,E004,E004-AS009,2026-08-03 15:00:00,SIEM,852,942,ACTIVE
E004-T001660,E004,E004-AS010,2026-08-03 15:00:00,IDS,903,920,ACTIVE
E004-T001661,E004,E004-AS011,2026-08-03 15:00:00,SNMP,1002,1020,ACTIVE
E004-T001662,E004,E004-AS012,2026-08-03 15:00:00,NETFLOW,1035,1054,ACTIVE
E004-T001663,E004,E004-AS013,2026-08-03 15:00:00,SYSLOG,906,930,ACTIVE
E004-T001664,E004,E004-AS014,2026-08-03 15:00:00,SIEM,918,979,ACTIVE
E004-T001665,E004,E004-AS015,2026-08-03 15:00:00,IDS,1082,1096,ACTIVE
E004-T001666,E004,E004-AS016,2026-08-03 15:00:00,SNMP,646,1072,DEGRADED
E004-T001667,E004,E004-AS017,2026-08-03 15:00:00,NETFLOW,964,1064,ACTIVE
E004-T001668,E004,E004-AS018,2026-08-03 15:00:00,SYSLOG,1036,988,ACTIVE
E004-T001669,E004,E004-AS019,2026-08-03 15:00:00,SIEM,963,910,ACTIVE
E004-T001670,E004,E004-AS020,2026-08-03 15:00:00,IDS,808,1088,DEGRADED
E004-T001671,E004,E004-AS021,2026-08-03 15:00:00,SNMP,982,957,ACTIVE
E004-T001672,E004,E004-AS022,2026-08-03 15:00:00,NETFLOW,1083,1077,ACTIVE
E004-T001673,E004,E004-AS023,2026-08-03 15:00:00,SYSLOG,1072,1079,ACTIVE
E004-T001674,E004,E004-AS024,2026-08-03 15:00:00,SIEM,977,936,ACTIVE
E004-T001675,E004,E004-AS025,2026-08-03 15:00:00,IDS,1010,1066,ACTIVE
E004-T001676,E004,E004-AS026,2026-08-03 15:00:00,SNMP,1035,1056,ACTIVE
E004-T001677,E004,E004-AS027,2026-08-03 15:00:00,NETFLOW,1054,1057,ACTIVE
E004-T001678,E004,E004-AS028,2026-08-03 15:00:00,SYSLOG,1009,1088,ACTIVE
E004-T001679,E004,E004-AS029,2026-08-03 15:00:00,SIEM,931,1035,ACTIVE
E004-T001680,E004,E004-AS030,2026-08-03 15:00:00,IDS,834,908,ACTIVE
E004-T001681,E004,E004-AS001,2026-08-03 16:00:00,SNMP,851,1029,DELAYED
E004-T001682,E004,E004-AS002,2026-08-03 16:00:00,NETFLOW,1172,1098,ACTIVE
E004-T001683,E004,E004-AS003,2026-08-03 16:00:00,SYSLOG,1082,1097,ACTIVE
E004-T001684,E004,E004-AS004,2026-08-03 16:00:00,SIEM,904,993,ACTIVE
E004-T001685,E004,E004-AS005,2026-08-03 16:00:00,IDS,1140,1085,ACTIVE
E004-T001686,E004,E004-AS006,2026-08-03 16:00:00,SNMP,594,1078,DEGRADED
E004-T001687,E004,E004-AS007,2026-08-03 16:00:00,NETFLOW,1001,936,ACTIVE
E004-T001688,E004,E004-AS008,2026-08-03 16:00:00,SYSLOG,1176,1100,ACTIVE
E004-T001689,E004,E004-AS009,2026-08-03 16:00:00,SIEM,1026,1048,ACTIVE
E004-T001690,E004,E004-AS010,2026-08-03 16:00:00,IDS,897,968,ACTIVE
E004-T001691,E004,E004-AS011,2026-08-03 16:00:00,SNMP,814,901,ACTIVE
E004-T001692,E004,E004-AS012,2026-08-03 16:00:00,NETFLOW,966,1038,ACTIVE
E004-T001693,E004,E004-AS013,2026-08-03 16:00:00,SYSLOG,934,960,ACTIVE
E004-T001694,E004,E004-AS014,2026-08-03 16:00:00,SIEM,990,903,ACTIVE
E004-T001695,E004,E004-AS015,2026-08-03 16:00:00,IDS,902,1002,ACTIVE
E004-T001696,E004,E004-AS016,2026-08-03 16:00:00,SNMP,817,900,ACTIVE
E004-T001697,E004,E004-AS017,2026-08-03 16:00:00,NETFLOW,994,929,ACTIVE
E004-T001698,E004,E004-AS018,2026-08-03 16:00:00,SYSLOG,1174,1084,ACTIVE
E004-T001699,E004,E004-AS019,2026-08-03 16:00:00,SIEM,920,939,ACTIVE
E004-T001700,E004,E004-AS020,2026-08-03 16:00:00,IDS,952,1035,ACTIVE
E004-T001701,E004,E004-AS021,2026-08-03 16:00:00,SNMP,897,962,ACTIVE
E004-T001702,E004,E004-AS022,2026-08-03 16:00:00,NETFLOW,1089,1032,ACTIVE
E004-T001703,E004,E004-AS023,2026-08-03 16:00:00,SYSLOG,1043,1079,ACTIVE
E004-T001704,E004,E004-AS024,2026-08-03 16:00:00,SIEM,1036,1027,ACTIVE
E004-T001705,E004,E004-AS025,2026-08-03 16:00:00,IDS,1004,1023,ACTIVE
E004-T001706,E004,E004-AS026,2026-08-03 16:00:00,SNMP,1159,1055,ACTIVE
E004-T001707,E004,E004-AS027,2026-08-03 16:00:00,NETFLOW,1048,948,ACTIVE
E004-T001708,E004,E004-AS028,2026-08-03 16:00:00,SYSLOG,1025,1095,ACTIVE
E004-T001709,E004,E004-AS029,2026-08-03 16:00:00,SIEM,1030,995,ACTIVE
E004-T001710,E004,E004-AS030,2026-08-03 16:00:00,IDS,1045,989,ACTIVE
E004-T001711,E004,E004-AS001,2026-08-03 17:00:00,SNMP,1016,1051,ACTIVE
E004-T001712,E004,E004-AS002,2026-08-03 17:00:00,NETFLOW,978,903,ACTIVE
E004-T001713,E004,E004-AS003,2026-08-03 17:00:00,SYSLOG,1018,934,ACTIVE
E004-T001714,E004,E004-AS004,2026-08-03 17:00:00,SIEM,829,911,ACTIVE
E004-T001715,E004,E004-AS005,2026-08-03 17:00:00,IDS,970,1044,ACTIVE
E004-T001716,E004,E004-AS006,2026-08-03 17:00:00,SNMP,993,1024,ACTIVE
E004-T001717,E004,E004-AS007,2026-08-03 17:00:00,NETFLOW,1019,1065,ACTIVE
E004-T001718,E004,E004-AS008,2026-08-03 17:00:00,SYSLOG,559,977,DEGRADED
E004-T001719,E004,E004-AS009,2026-08-03 17:00:00,SIEM,691,1032,DEGRADED
E004-T001720,E004,E004-AS010,2026-08-03 17:00:00,IDS,650,1068,DEGRADED
E004-T001721,E004,E004-AS011,2026-08-03 17:00:00,SNMP,684,1053,DEGRADED
E004-T001722,E004,E004-AS012,2026-08-03 17:00:00,NETFLOW,915,922,ACTIVE
E004-T001723,E004,E004-AS013,2026-08-03 17:00:00,SYSLOG,1011,944,ACTIVE
E004-T001724,E004,E004-AS014,2026-08-03 17:00:00,SIEM,970,1053,ACTIVE
E004-T001725,E004,E004-AS015,2026-08-03 17:00:00,IDS,984,971,ACTIVE
E004-T001726,E004,E004-AS016,2026-08-03 17:00:00,SNMP,1069,992,ACTIVE
E004-T001727,E004,E004-AS017,2026-08-03 17:00:00,NETFLOW,1020,1100,ACTIVE
E004-T001728,E004,E004-AS018,2026-08-03 17:00:00,SYSLOG,1118,1057,ACTIVE
E004-T001729,E004,E004-AS019,2026-08-03 17:00:00,SIEM,1033,949,ACTIVE
E004-T001730,E004,E004-AS020,2026-08-03 17:00:00,IDS,1036,935,ACTIVE
E004-T001731,E004,E004-AS021,2026-08-03 17:00:00,SNMP,1014,1073,ACTIVE
E004-T001732,E004,E004-AS022,2026-08-03 17:00:00,NETFLOW,1067,1086,ACTIVE
E004-T001733,E004,E004-AS023,2026-08-03 17:00:00,SYSLOG,779,938,DEGRADED
E004-T001734,E004,E004-AS024,2026-08-03 17:00:00,SIEM,943,970,ACTIVE
E004-T001735,E004,E004-AS025,2026-08-03 17:00:00,IDS,1100,1037,ACTIVE
E004-T001736,E004,E004-AS026,2026-08-03 17:00:00,SNMP,999,1009,ACTIVE
E004-T001737,E004,E004-AS027,2026-08-03 17:00:00,NETFLOW,998,1002,ACTIVE
E004-T001738,E004,E004-AS028,2026-08-03 17:00:00,SYSLOG,905,980,ACTIVE
E004-T001739,E004,E004-AS029,2026-08-03 17:00:00,SIEM,1054,975,ACTIVE
E004-T001740,E004,E004-AS030,2026-08-03 17:00:00,IDS,996,1073,ACTIVE
E004-T001741,E004,E004-AS001,2026-08-03 18:00:00,SNMP,871,902,ACTIVE
E004-T001742,E004,E004-AS002,2026-08-03 18:00:00,NETFLOW,979,926,ACTIVE
E004-T001743,E004,E004-AS003,2026-08-03 18:00:00,SYSLOG,837,907,DELAYED
E004-T001744,E004,E004-AS004,2026-08-03 18:00:00,SIEM,986,982,ACTIVE
E004-T001745,E004,E004-AS005,2026-08-03 18:00:00,IDS,1082,1035,ACTIVE
E004-T001746,E004,E004-AS006,2026-08-03 18:00:00,SNMP,1120,1080,ACTIVE
E004-T001747,E004,E004-AS007,2026-08-03 18:00:00,NETFLOW,982,925,ACTIVE
E004-T001748,E004,E004-AS008,2026-08-03 18:00:00,SYSLOG,1007,1014,ACTIVE
E004-T001749,E004,E004-AS009,2026-08-03 18:00:00,SIEM,850,920,ACTIVE
E004-T001750,E004,E004-AS010,2026-08-03 18:00:00,IDS,1005,919,ACTIVE
E004-T001751,E004,E004-AS011,2026-08-03 18:00:00,SNMP,865,932,ACTIVE
E004-T001752,E004,E004-AS012,2026-08-03 18:00:00,NETFLOW,1091,1033,ACTIVE
E004-T001753,E004,E004-AS013,2026-08-03 18:00:00,SYSLOG,1038,968,ACTIVE
E004-T001754,E004,E004-AS014,2026-08-03 18:00:00,SIEM,1054,979,ACTIVE
E004-T001755,E004,E004-AS015,2026-08-03 18:00:00,IDS,1123,1036,ACTIVE
E004-T001756,E004,E004-AS016,2026-08-03 18:00:00,SNMP,915,942,ACTIVE
E004-T001757,E004,E004-AS017,2026-08-03 18:00:00,NETFLOW,1062,1079,ACTIVE
E004-T001758,E004,E004-AS018,2026-08-03 18:00:00,SYSLOG,998,992,ACTIVE
E004-T001759,E004,E004-AS019,2026-08-03 18:00:00,SIEM,1071,1047,ACTIVE
E004-T001760,E004,E004-AS020,2026-08-03 18:00:00,IDS,1126,1034,ACTIVE
E004-T001761,E004,E004-AS021,2026-08-03 18:00:00,SNMP,884,983,ACTIVE
E004-T001762,E004,E004-AS022,2026-08-03 18:00:00,NETFLOW,1062,995,ACTIVE
E004-T001763,E004,E004-AS023,2026-08-03 18:00:00,SYSLOG,1053,1032,ACTIVE
E004-T001764,E004,E004-AS024,2026-08-03 18:00:00,SIEM,993,1051,ACTIVE
E004-T001765,E004,E004-AS025,2026-08-03 18:00:00,IDS,1080,1005,ACTIVE
E004-T001766,E004,E004-AS026,2026-08-03 18:00:00,SNMP,944,908,ACTIVE
E004-T001767,E004,E004-AS027,2026-08-03 18:00:00,NETFLOW,1065,1026,ACTIVE
E004-T001768,E004,E004-AS028,2026-08-03 18:00:00,SYSLOG,1009,1010,ACTIVE
E004-T001769,E004,E004-AS029,2026-08-03 18:00:00,SIEM,1006,1026,ACTIVE
E004-T001770,E004,E004-AS030,2026-08-03 18:00:00,IDS,856,1073,DEGRADED
E004-T001771,E004,E004-AS001,2026-08-03 19:00:00,SNMP,778,1036,DEGRADED
E004-T001772,E004,E004-AS002,2026-08-03 19:00:00,NETFLOW,996,906,ACTIVE
E004-T001773,E004,E004-AS003,2026-08-03 19:00:00,SYSLOG,1002,982,ACTIVE
E004-T001774,E004,E004-AS004,2026-08-03 19:00:00,SIEM,1075,1078,ACTIVE
E004-T001775,E004,E004-AS005,2026-08-03 19:00:00,IDS,946,1038,ACTIVE
E004-T001776,E004,E004-AS006,2026-08-03 19:00:00,SNMP,925,997,ACTIVE
E004-T001777,E004,E004-AS007,2026-08-03 19:00:00,NETFLOW,975,933,ACTIVE
E004-T001778,E004,E004-AS008,2026-08-03 19:00:00,SYSLOG,1049,975,ACTIVE
E004-T001779,E004,E004-AS009,2026-08-03 19:00:00,SIEM,916,996,ACTIVE
E004-T001780,E004,E004-AS010,2026-08-03 19:00:00,IDS,939,917,ACTIVE
E004-T001781,E004,E004-AS011,2026-08-03 19:00:00,SNMP,1013,977,ACTIVE
E004-T001782,E004,E004-AS012,2026-08-03 19:00:00,NETFLOW,998,983,ACTIVE
E004-T001783,E004,E004-AS013,2026-08-03 19:00:00,SYSLOG,898,973,ACTIVE
E004-T001784,E004,E004-AS014,2026-08-03 19:00:00,SIEM,834,912,ACTIVE
E004-T001785,E004,E004-AS015,2026-08-03 19:00:00,IDS,905,904,ACTIVE
E004-T001786,E004,E004-AS016,2026-08-03 19:00:00,SNMP,995,983,ACTIVE
E004-T001787,E004,E004-AS017,2026-08-03 19:00:00,NETFLOW,948,1044,ACTIVE
E004-T001788,E004,E004-AS018,2026-08-03 19:00:00,SYSLOG,950,915,ACTIVE
E004-T001789,E004,E004-AS019,2026-08-03 19:00:00,SIEM,1074,1040,ACTIVE
E004-T001790,E004,E004-AS020,2026-08-03 19:00:00,IDS,1036,1067,ACTIVE
E004-T001791,E004,E004-AS021,2026-08-03 19:00:00,SNMP,849,906,DELAYED
E004-T001792,E004,E004-AS022,2026-08-03 19:00:00,NETFLOW,992,971,ACTIVE
E004-T001793,E004,E004-AS023,2026-08-03 19:00:00,SYSLOG,1037,1069,ACTIVE
E004-T001794,E004,E004-AS024,2026-08-03 19:00:00,SIEM,827,901,ACTIVE
E004-T001795,E004,E004-AS025,2026-08-03 19:00:00,IDS,1052,1057,ACTIVE
E004-T001796,E004,E004-AS026,2026-08-03 19:00:00,SNMP,822,992,DEGRADED
E004-T001797,E004,E004-AS027,2026-08-03 19:00:00,NETFLOW,638,903,DEGRADED
E004-T001798,E004,E004-AS028,2026-08-03 19:00:00,SYSLOG,1002,979,ACTIVE
E004-T001799,E004,E004-AS029,2026-08-03 19:00:00,SIEM,992,933,ACTIVE
E004-T001800,E004,E004-AS030,2026-08-03 19:00:00,IDS,878,1083,DEGRADED
E004-T001801,E004,E004-AS001,2026-08-03 20:00:00,SNMP,866,906,ACTIVE
E004-T001802,E004,E004-AS002,2026-08-03 20:00:00,NETFLOW,1037,1000,ACTIVE
E004-T001803,E004,E004-AS003,2026-08-03 20:00:00,SYSLOG,866,908,ACTIVE
E004-T001804,E004,E004-AS004,2026-08-03 20:00:00,SIEM,988,989,ACTIVE
E004-T001805,E004,E004-AS005,2026-08-03 20:00:00,IDS,1044,963,ACTIVE
E004-T001806,E004,E004-AS006,2026-08-03 20:00:00,SNMP,951,937,ACTIVE
E004-T001807,E004,E004-AS007,2026-08-03 20:00:00,NETFLOW,984,948,ACTIVE
E004-T001808,E004,E004-AS008,2026-08-03 20:00:00,SYSLOG,805,1032,DEGRADED
E004-T001809,E004,E004-AS009,2026-08-03 20:00:00,SIEM,995,909,ACTIVE
E004-T001810,E004,E004-AS010,2026-08-03 20:00:00,IDS,1120,1032,ACTIVE
E004-T001811,E004,E004-AS011,2026-08-03 20:00:00,SNMP,994,988,ACTIVE
E004-T001812,E004,E004-AS012,2026-08-03 20:00:00,NETFLOW,966,950,ACTIVE
E004-T001813,E004,E004-AS013,2026-08-03 20:00:00,SYSLOG,871,918,ACTIVE
E004-T001814,E004,E004-AS014,2026-08-03 20:00:00,SIEM,1005,1021,ACTIVE
E004-T001815,E004,E004-AS015,2026-08-03 20:00:00,IDS,933,954,ACTIVE
E004-T001816,E004,E004-AS016,2026-08-03 20:00:00,SNMP,963,970,ACTIVE
E004-T001817,E004,E004-AS017,2026-08-03 20:00:00,NETFLOW,1001,1008,ACTIVE
E004-T001818,E004,E004-AS018,2026-08-03 20:00:00,SYSLOG,880,968,ACTIVE
E004-T001819,E004,E004-AS019,2026-08-03 20:00:00,SIEM,948,969,ACTIVE
E004-T001820,E004,E004-AS020,2026-08-03 20:00:00,IDS,978,1049,ACTIVE
E004-T001821,E004,E004-AS021,2026-08-03 20:00:00,SNMP,1045,960,ACTIVE
E004-T001822,E004,E004-AS022,2026-08-03 20:00:00,NETFLOW,895,947,ACTIVE
E004-T001823,E004,E004-AS023,2026-08-03 20:00:00,SYSLOG,1100,1085,ACTIVE
E004-T001824,E004,E004-AS024,2026-08-03 20:00:00,SIEM,1044,990,ACTIVE
E004-T001825,E004,E004-AS025,2026-08-03 20:00:00,IDS,1075,997,ACTIVE
E004-T001826,E004,E004-AS026,2026-08-03 20:00:00,SNMP,1104,1014,ACTIVE
E004-T001827,E004,E004-AS027,2026-08-03 20:00:00,NETFLOW,853,997,DELAYED
E004-T001828,E004,E004-AS028,2026-08-03 20:00:00,SYSLOG,938,917,ACTIVE
E004-T001829,E004,E004-AS029,2026-08-03 20:00:00,SIEM,1015,976,ACTIVE
E004-T001830,E004,E004-AS030,2026-08-03 20:00:00,IDS,1000,908,ACTIVE
E004-T001831,E004,E004-AS001,2026-08-03 21:00:00,SNMP,996,1030,ACTIVE
E004-T001832,E004,E004-AS002,2026-08-03 21:00:00,NETFLOW,890,1056,DEGRADED
E004-T001833,E004,E004-AS003,2026-08-03 21:00:00,SYSLOG,1051,1039,ACTIVE
E004-T001834,E004,E004-AS004,2026-08-03 21:00:00,SIEM,944,965,ACTIVE
E004-T001835,E004,E004-AS005,2026-08-03 21:00:00,IDS,893,905,ACTIVE
E004-T001836,E004,E004-AS006,2026-08-03 21:00:00,SNMP,953,1012,ACTIVE
E004-T001837,E004,E004-AS007,2026-08-03 21:00:00,NETFLOW,909,958,ACTIVE
E004-T001838,E004,E004-AS008,2026-08-03 21:00:00,SYSLOG,981,962,ACTIVE
E004-T001839,E004,E004-AS009,2026-08-03 21:00:00,SIEM,1029,1024,ACTIVE
E004-T001840,E004,E004-AS010,2026-08-03 21:00:00,IDS,783,1090,DEGRADED
E004-T001841,E004,E004-AS011,2026-08-03 21:00:00,SNMP,1011,1095,ACTIVE
E004-T001842,E004,E004-AS012,2026-08-03 21:00:00,NETFLOW,698,934,DEGRADED
E004-T001843,E004,E004-AS013,2026-08-03 21:00:00,SYSLOG,1094,1066,ACTIVE
E004-T001844,E004,E004-AS014,2026-08-03 21:00:00,SIEM,1038,1052,ACTIVE
E004-T001845,E004,E004-AS015,2026-08-03 21:00:00,IDS,1110,1026,ACTIVE
E004-T001846,E004,E004-AS016,2026-08-03 21:00:00,SNMP,985,1008,ACTIVE
E004-T001847,E004,E004-AS017,2026-08-03 21:00:00,NETFLOW,939,944,ACTIVE
E004-T001848,E004,E004-AS018,2026-08-03 21:00:00,SYSLOG,975,1037,ACTIVE
E004-T001849,E004,E004-AS019,2026-08-03 21:00:00,SIEM,892,960,ACTIVE
E004-T001850,E004,E004-AS020,2026-08-03 21:00:00,IDS,944,957,ACTIVE
E004-T001851,E004,E004-AS021,2026-08-03 21:00:00,SNMP,1084,1011,ACTIVE
E004-T001852,E004,E004-AS022,2026-08-03 21:00:00,NETFLOW,913,905,ACTIVE
E004-T001853,E004,E004-AS023,2026-08-03 21:00:00,SYSLOG,1082,1022,ACTIVE
E004-T001854,E004,E004-AS024,2026-08-03 21:00:00,SIEM,1123,1095,ACTIVE
E004-T001855,E004,E004-AS025,2026-08-03 21:00:00,IDS,1019,985,ACTIVE
E004-T001856,E004,E004-AS026,2026-08-03 21:00:00,SNMP,851,911,ACTIVE
E004-T001857,E004,E004-AS027,2026-08-03 21:00:00,NETFLOW,730,1028,DEGRADED
E004-T001858,E004,E004-AS028,2026-08-03 21:00:00,SYSLOG,781,944,DEGRADED
E004-T001859,E004,E004-AS029,2026-08-03 21:00:00,SIEM,1134,1040,ACTIVE
E004-T001860,E004,E004-AS030,2026-08-03 21:00:00,IDS,950,1037,ACTIVE
E004-T001861,E004,E004-AS001,2026-08-03 22:00:00,SNMP,945,1036,ACTIVE
E004-T001862,E004,E004-AS002,2026-08-03 22:00:00,NETFLOW,1102,1004,ACTIVE
E004-T001863,E004,E004-AS003,2026-08-03 22:00:00,SYSLOG,1056,961,ACTIVE
E004-T001864,E004,E004-AS004,2026-08-03 22:00:00,SIEM,1001,953,ACTIVE
E004-T001865,E004,E004-AS005,2026-08-03 22:00:00,IDS,1003,945,ACTIVE
E004-T001866,E004,E004-AS006,2026-08-03 22:00:00,SNMP,1202,1088,ACTIVE
E004-T001867,E004,E004-AS007,2026-08-03 22:00:00,NETFLOW,1078,1099,ACTIVE
E004-T001868,E004,E004-AS008,2026-08-03 22:00:00,SYSLOG,1133,1044,ACTIVE
E004-T001869,E004,E004-AS009,2026-08-03 22:00:00,SIEM,1048,1070,ACTIVE
E004-T001870,E004,E004-AS010,2026-08-03 22:00:00,IDS,1117,1097,ACTIVE
E004-T001871,E004,E004-AS011,2026-08-03 22:00:00,SNMP,875,912,ACTIVE
E004-T001872,E004,E004-AS012,2026-08-03 22:00:00,NETFLOW,542,904,DEGRADED
E004-T001873,E004,E004-AS013,2026-08-03 22:00:00,SYSLOG,876,911,DELAYED
E004-T001874,E004,E004-AS014,2026-08-03 22:00:00,SIEM,916,944,ACTIVE
E004-T001875,E004,E004-AS015,2026-08-03 22:00:00,IDS,913,930,DELAYED
E004-T001876,E004,E004-AS016,2026-08-03 22:00:00,SNMP,1161,1066,ACTIVE
E004-T001877,E004,E004-AS017,2026-08-03 22:00:00,NETFLOW,1002,1012,ACTIVE
E004-T001878,E004,E004-AS018,2026-08-03 22:00:00,SYSLOG,863,956,ACTIVE
E004-T001879,E004,E004-AS019,2026-08-03 22:00:00,SIEM,1050,1077,ACTIVE
E004-T001880,E004,E004-AS020,2026-08-03 22:00:00,IDS,1059,970,ACTIVE
E004-T001881,E004,E004-AS021,2026-08-03 22:00:00,SNMP,1030,1002,ACTIVE
E004-T001882,E004,E004-AS022,2026-08-03 22:00:00,NETFLOW,676,1043,DEGRADED
E004-T001883,E004,E004-AS023,2026-08-03 22:00:00,SYSLOG,962,986,ACTIVE
E004-T001884,E004,E004-AS024,2026-08-03 22:00:00,SIEM,1028,979,ACTIVE
E004-T001885,E004,E004-AS025,2026-08-03 22:00:00,IDS,1080,1055,ACTIVE
E004-T001886,E004,E004-AS026,2026-08-03 22:00:00,SNMP,1106,1083,ACTIVE
E004-T001887,E004,E004-AS027,2026-08-03 22:00:00,NETFLOW,946,995,ACTIVE
E004-T001888,E004,E004-AS028,2026-08-03 22:00:00,SYSLOG,997,988,ACTIVE
E004-T001889,E004,E004-AS029,2026-08-03 22:00:00,SIEM,1189,1099,ACTIVE
E004-T001890,E004,E004-AS030,2026-08-03 22:00:00,IDS,861,951,ACTIVE
E004-T001891,E004,E004-AS001,2026-08-03 23:00:00,SNMP,1005,1023,ACTIVE
E004-T001892,E004,E004-AS002,2026-08-03 23:00:00,NETFLOW,1030,929,ACTIVE
E004-T001893,E004,E004-AS003,2026-08-03 23:00:00,SYSLOG,1196,1087,ACTIVE
E004-T001894,E004,E004-AS004,2026-08-03 23:00:00,SIEM,984,1082,ACTIVE
E004-T001895,E004,E004-AS005,2026-08-03 23:00:00,IDS,652,1073,DEGRADED
E004-T001896,E004,E004-AS006,2026-08-03 23:00:00,SNMP,866,928,ACTIVE
E004-T001897,E004,E004-AS007,2026-08-03 23:00:00,NETFLOW,964,1054,ACTIVE
E004-T001898,E004,E004-AS008,2026-08-03 23:00:00,SYSLOG,750,983,DEGRADED
E004-T001899,E004,E004-AS009,2026-08-03 23:00:00,SIEM,976,928,ACTIVE
E004-T001900,E004,E004-AS010,2026-08-03 23:00:00,IDS,956,963,ACTIVE
E004-T001901,E004,E004-AS011,2026-08-03 23:00:00,SNMP,897,960,DELAYED
E004-T001902,E004,E004-AS012,2026-08-03 23:00:00,NETFLOW,985,1015,ACTIVE
E004-T001903,E004,E004-AS013,2026-08-03 23:00:00,SYSLOG,835,1034,DELAYED
E004-T001904,E004,E004-AS014,2026-08-03 23:00:00,SIEM,752,1016,DEGRADED
E004-T001905,E004,E004-AS015,2026-08-03 23:00:00,IDS,898,917,ACTIVE
E004-T001906,E004,E004-AS016,2026-08-03 23:00:00,SNMP,994,1037,ACTIVE
E004-T001907,E004,E004-AS017,2026-08-03 23:00:00,NETFLOW,992,988,ACTIVE
E004-T001908,E004,E004-AS018,2026-08-03 23:00:00,SYSLOG,988,1055,ACTIVE
E004-T001909,E004,E004-AS019,2026-08-03 23:00:00,SIEM,1120,1060,ACTIVE
E004-T001910,E004,E004-AS020,2026-08-03 23:00:00,IDS,990,1050,ACTIVE
E004-T001911,E004,E004-AS021,2026-08-03 23:00:00,SNMP,989,1069,ACTIVE
E004-T001912,E004,E004-AS022,2026-08-03 23:00:00,NETFLOW,1112,1023,ACTIVE
E004-T001913,E004,E004-AS023,2026-08-03 23:00:00,SYSLOG,1075,992,ACTIVE
E004-T001914,E004,E004-AS024,2026-08-03 23:00:00,SIEM,1064,1068,ACTIVE
E004-T001915,E004,E004-AS025,2026-08-03 23:00:00,IDS,1094,1049,ACTIVE
E004-T001916,E004,E004-AS026,2026-08-03 23:00:00,SNMP,951,905,ACTIVE
E004-T001917,E004,E004-AS027,2026-08-03 23:00:00,NETFLOW,871,932,ACTIVE
E004-T001918,E004,E004-AS028,2026-08-03 23:00:00,SYSLOG,1079,993,ACTIVE
E004-T001919,E004,E004-AS029,2026-08-03 23:00:00,SIEM,947,940,ACTIVE
E004-T001920,E004,E004-AS030,2026-08-03 23:00:00,IDS,950,1014,ACTIVE
E004-T001921,E004,E004-AS001,2026-08-04 00:00:00,SNMP,1122,1054,ACTIVE
E004-T001922,E004,E004-AS002,2026-08-04 00:00:00,NETFLOW,994,1010,ACTIVE
E004-T001923,E004,E004-AS003,2026-08-04 00:00:00,SYSLOG,1170,1098,ACTIVE
E004-T001924,E004,E004-AS004,2026-08-04 00:00:00,SIEM,858,936,ACTIVE
E004-T001925,E004,E004-AS005,2026-08-04 00:00:00,IDS,1183,1078,ACTIVE
E004-T001926,E004,E004-AS006,2026-08-04 00:00:00,SNMP,981,1086,ACTIVE
E004-T001927,E004,E004-AS007,2026-08-04 00:00:00,NETFLOW,987,1044,ACTIVE
E004-T001928,E004,E004-AS008,2026-08-04 00:00:00,SYSLOG,1011,929,ACTIVE
E004-T001929,E004,E004-AS009,2026-08-04 00:00:00,SIEM,913,1038,DELAYED
E004-T001930,E004,E004-AS010,2026-08-04 00:00:00,IDS,903,976,DELAYED
E004-T001931,E004,E004-AS011,2026-08-04 00:00:00,SNMP,1142,1039,ACTIVE
E004-T001932,E004,E004-AS012,2026-08-04 00:00:00,NETFLOW,558,966,DEGRADED
E004-T001933,E004,E004-AS013,2026-08-04 00:00:00,SYSLOG,1185,1088,ACTIVE
E004-T001934,E004,E004-AS014,2026-08-04 00:00:00,SIEM,1011,919,ACTIVE
E004-T001935,E004,E004-AS015,2026-08-04 00:00:00,IDS,1046,1005,ACTIVE
E004-T001936,E004,E004-AS016,2026-08-04 00:00:00,SNMP,1098,1007,ACTIVE
E004-T001937,E004,E004-AS017,2026-08-04 00:00:00,NETFLOW,880,1023,DELAYED
E004-T001938,E004,E004-AS018,2026-08-04 00:00:00,SYSLOG,1006,957,ACTIVE
E004-T001939,E004,E004-AS019,2026-08-04 00:00:00,SIEM,989,1032,ACTIVE
E004-T001940,E004,E004-AS020,2026-08-04 00:00:00,IDS,932,988,ACTIVE
E004-T001941,E004,E004-AS021,2026-08-04 00:00:00,SNMP,993,964,ACTIVE
E004-T001942,E004,E004-AS022,2026-08-04 00:00:00,NETFLOW,961,1035,ACTIVE
E004-T001943,E004,E004-AS023,2026-08-04 00:00:00,SYSLOG,838,905,ACTIVE
E004-T001944,E004,E004-AS024,2026-08-04 00:00:00,SIEM,612,985,DEGRADED
E004-T001945,E004,E004-AS025,2026-08-04 00:00:00,IDS,1085,1001,ACTIVE
E004-T001946,E004,E004-AS026,2026-08-04 00:00:00,SNMP,671,904,DEGRADED
E004-T001947,E004,E004-AS027,2026-08-04 00:00:00,NETFLOW,667,931,DEGRADED
E004-T001948,E004,E004-AS028,2026-08-04 00:00:00,SYSLOG,958,1030,ACTIVE
E004-T001949,E004,E004-AS029,2026-08-04 00:00:00,SIEM,1095,1062,ACTIVE
E004-T001950,E004,E004-AS030,2026-08-04 00:00:00,IDS,929,948,ACTIVE
E004-T001951,E004,E004-AS001,2026-08-04 01:00:00,SNMP,945,1032,ACTIVE
E004-T001952,E004,E004-AS002,2026-08-04 01:00:00,NETFLOW,853,924,ACTIVE
E004-T001953,E004,E004-AS003,2026-08-04 01:00:00,SYSLOG,1019,967,ACTIVE
E004-T001954,E004,E004-AS004,2026-08-04 01:00:00,SIEM,1061,1008,ACTIVE
E004-T001955,E004,E004-AS005,2026-08-04 01:00:00,IDS,949,1013,ACTIVE
E004-T001956,E004,E004-AS006,2026-08-04 01:00:00,SNMP,1052,1013,ACTIVE
E004-T001957,E004,E004-AS007,2026-08-04 01:00:00,NETFLOW,1030,1062,ACTIVE
E004-T001958,E004,E004-AS008,2026-08-04 01:00:00,SYSLOG,968,962,ACTIVE
E004-T001959,E004,E004-AS009,2026-08-04 01:00:00,SIEM,888,921,ACTIVE
E004-T001960,E004,E004-AS010,2026-08-04 01:00:00,IDS,1004,1020,ACTIVE
E004-T001961,E004,E004-AS011,2026-08-04 01:00:00,SNMP,709,959,DEGRADED
E004-T001962,E004,E004-AS012,2026-08-04 01:00:00,NETFLOW,1020,1008,ACTIVE
E004-T001963,E004,E004-AS013,2026-08-04 01:00:00,SYSLOG,1032,997,ACTIVE
E004-T001964,E004,E004-AS014,2026-08-04 01:00:00,SIEM,1056,1049,ACTIVE
E004-T001965,E004,E004-AS015,2026-08-04 01:00:00,IDS,843,932,ACTIVE
E004-T001966,E004,E004-AS016,2026-08-04 01:00:00,SNMP,1063,1012,ACTIVE
E004-T001967,E004,E004-AS017,2026-08-04 01:00:00,NETFLOW,1105,1012,ACTIVE
E004-T001968,E004,E004-AS018,2026-08-04 01:00:00,SYSLOG,961,1014,ACTIVE
E004-T001969,E004,E004-AS019,2026-08-04 01:00:00,SIEM,934,956,ACTIVE
E004-T001970,E004,E004-AS020,2026-08-04 01:00:00,IDS,1014,919,ACTIVE
E004-T001971,E004,E004-AS021,2026-08-04 01:00:00,SNMP,877,1060,DEGRADED
E004-T001972,E004,E004-AS022,2026-08-04 01:00:00,NETFLOW,837,911,ACTIVE
E004-T001973,E004,E004-AS023,2026-08-04 01:00:00,SYSLOG,1078,1055,ACTIVE
E004-T001974,E004,E004-AS024,2026-08-04 01:00:00,SIEM,889,1024,DELAYED
E004-T001975,E004,E004-AS025,2026-08-04 01:00:00,IDS,892,983,ACTIVE
E004-T001976,E004,E004-AS026,2026-08-04 01:00:00,SNMP,1036,1013,ACTIVE
E004-T001977,E004,E004-AS027,2026-08-04 01:00:00,NETFLOW,1107,1025,ACTIVE
E004-T001978,E004,E004-AS028,2026-08-04 01:00:00,SYSLOG,729,1071,DEGRADED
E004-T001979,E004,E004-AS029,2026-08-04 01:00:00,SIEM,994,1013,ACTIVE
E004-T001980,E004,E004-AS030,2026-08-04 01:00:00,IDS,945,912,ACTIVE
E004-T001981,E004,E004-AS001,2026-08-04 02:00:00,SNMP,908,998,ACTIVE
E004-T001982,E004,E004-AS002,2026-08-04 02:00:00,NETFLOW,1036,970,ACTIVE
E004-T001983,E004,E004-AS003,2026-08-04 02:00:00,SYSLOG,1199,1082,ACTIVE
E004-T001984,E004,E004-AS004,2026-08-04 02:00:00,SIEM,969,1049,ACTIVE
E004-T001985,E004,E004-AS005,2026-08-04 02:00:00,IDS,983,974,ACTIVE
E004-T001986,E004,E004-AS006,2026-08-04 02:00:00,SNMP,1137,1030,ACTIVE
E004-T001987,E004,E004-AS007,2026-08-04 02:00:00,NETFLOW,926,976,ACTIVE
E004-T001988,E004,E004-AS008,2026-08-04 02:00:00,SYSLOG,905,908,ACTIVE
E004-T001989,E004,E004-AS009,2026-08-04 02:00:00,SIEM,913,948,ACTIVE
E004-T001990,E004,E004-AS010,2026-08-04 02:00:00,IDS,1126,1034,ACTIVE
E004-T001991,E004,E004-AS011,2026-08-04 02:00:00,SNMP,797,999,DEGRADED
E004-T001992,E004,E004-AS012,2026-08-04 02:00:00,NETFLOW,1080,1017,ACTIVE
E004-T001993,E004,E004-AS013,2026-08-04 02:00:00,SYSLOG,1051,983,ACTIVE
E004-T001994,E004,E004-AS014,2026-08-04 02:00:00,SIEM,831,903,ACTIVE
E004-T001995,E004,E004-AS015,2026-08-04 02:00:00,IDS,994,937,ACTIVE
E004-T001996,E004,E004-AS016,2026-08-04 02:00:00,SNMP,569,1015,DEGRADED
E004-T001997,E004,E004-AS017,2026-08-04 02:00:00,NETFLOW,1013,983,ACTIVE
E004-T001998,E004,E004-AS018,2026-08-04 02:00:00,SYSLOG,877,947,ACTIVE
E004-T001999,E004,E004-AS019,2026-08-04 02:00:00,SIEM,1119,1055,ACTIVE
E004-T002000,E004,E004-AS020,2026-08-04 02:00:00,IDS,940,967,DELAYED
E004-T002001,E004,E004-AS021,2026-08-04 02:00:00,SNMP,1056,964,ACTIVE
E004-T002002,E004,E004-AS022,2026-08-04 02:00:00,NETFLOW,792,1056,DEGRADED
E004-T002003,E004,E004-AS023,2026-08-04 02:00:00,SYSLOG,1025,1089,ACTIVE
E004-T002004,E004,E004-AS024,2026-08-04 02:00:00,SIEM,910,1008,ACTIVE
E004-T002005,E004,E004-AS025,2026-08-04 02:00:00,IDS,1031,1076,ACTIVE
E004-T002006,E004,E004-AS026,2026-08-04 02:00:00,SNMP,1053,1094,ACTIVE
E004-T002007,E004,E004-AS027,2026-08-04 02:00:00,NETFLOW,887,903,ACTIVE
E004-T002008,E004,E004-AS028,2026-08-04 02:00:00,SYSLOG,962,1055,ACTIVE
E004-T002009,E004,E004-AS029,2026-08-04 02:00:00,SIEM,993,1025,ACTIVE
E004-T002010,E004,E004-AS030,2026-08-04 02:00:00,IDS,1166,1059,ACTIVE
E004-T002011,E004,E004-AS001,2026-08-04 03:00:00,SNMP,1035,1038,ACTIVE
E004-T002012,E004,E004-AS002,2026-08-04 03:00:00,NETFLOW,1024,1016,ACTIVE
E004-T002013,E004,E004-AS003,2026-08-04 03:00:00,SYSLOG,814,1002,DELAYED
E004-T002014,E004,E004-AS004,2026-08-04 03:00:00,SIEM,865,1084,DEGRADED
E004-T002015,E004,E004-AS005,2026-08-04 03:00:00,IDS,928,939,ACTIVE
E004-T002016,E004,E004-AS006,2026-08-04 03:00:00,SNMP,929,900,ACTIVE
